rank,name,version,status,category,artifact_verified,compilation_completed,evidence_scope,sources_checked,source_files_total,remaining,wheel_filename,wheel_sha256,requires_python,evidence
1,boto3,1.43.89,incompatible,syntax,True,False,verified_artifact,1,39,38,boto3-1.43.89-py3-none-any.whl,fe4190afe63eb562b6ba6a3911cf4427473b35fa047adde093bf696d3ae09fc0,>= 3.10,"Verified wheel source fails compilation at boto3/__init__.py. This is the first concrete blocker; later files were not checked.
Traceback (most recent call last):
  File ""<staging>/wheel/boto3/__init__.py"", line 38
    def set_stream_logger(name='boto3', level=logging.DEBUG, format_string=None):
SyntaxError: expected a literal, got '@id'
error: Python syntax check failed for '<staging>/wheel/boto3/__init__.py' (no source was executed)"
2,packaging,26.3,incompatible,syntax,True,False,verified_artifact,2,22,20,packaging-26.3-py3-none-any.whl,d7193f7c8e4e93f444fde0262bf90af30e16fa0ad0ad44cb553c87339b23cd1c,>=3.9,"Verified wheel source fails compilation at packaging/_elffile.py. This is the first concrete blocker; later files were not checked.
Traceback (most recent call last):
  File ""<staging>/wheel/packaging/_elffile.py"", line 51
    raise ELFInvalid(""unable to parse identification"") from e
SyntaxError: expected statement end
error: Python syntax check failed for '<staging>/wheel/packaging/_elffile.py' (no source was executed)"
3,typing-extensions,4.16.0,incompatible,syntax,True,False,verified_artifact,1,1,0,typing_extensions-4.16.0-py3-none-any.whl,481caa481374e813c1b176ada14e97f1f67a4539ce9cfeb3f350d78d6370c2e8,>=3.9,"Verified wheel source fails compilation at typing_extensions.py. This is the first concrete blocker; later files were not checked.
Traceback (most recent call last):
  File ""<staging>/wheel/typing_extensions.py"", line 521
    A type that can be used to indicate to type checkers
SyntaxError: invalid escape char
error: Python syntax check failed for '<staging>/wheel/typing_extensions.py' (no source was executed)"
4,certifi,2026.7.22,unverified,unverified,True,True,verified_artifact,5,5,0,certifi-2026.7.22-py3-none-any.whl,62f22742b58a1a33014a2b6b706588a8d7e2a88ae7bd1a6ebe8c992928483775,>=3.7,"All 5 Python source files compile. Imports, runtime APIs, dependency closure, assets, and behavior were not exercised; this is not a tested compatibility result."
5,idna,3.19,incompatible,syntax,True,False,verified_artifact,3,10,7,idna-3.19-py3-none-any.whl,815e7be7a7806d54abb586dc943addc79e8b2ee16915059658cbeff4b1b43bf4,>=3.9,"Verified wheel source fails compilation at idna/cli.py. This is the first concrete blocker; later files were not checked.
Traceback (most recent call last):
  File ""<staging>/wheel/idna/cli.py"", line 24
    return any(label.lower().startswith(prefix) for label in _unicode_dots_re.split(s))
SyntaxError: expected ')', got 'for'
error: Python syntax check failed for '<staging>/wheel/idna/cli.py' (no source was executed)"
6,urllib3,2.7.0,incompatible,syntax,True,False,verified_artifact,1,36,35,urllib3-2.7.0-py3-none-any.whl,9fb4c81ebbb1ce9531cce37674bbc6f1360472bc18ca9a553ede278ef7276897,>=3.10,"Verified wheel source fails compilation at urllib3/__init__.py. This is the first concrete blocker; later files were not checked.
Traceback (most recent call last):
  File ""<staging>/wheel/urllib3/__init__.py"", line 33
    else:
SyntaxError: expected an expression, got else
error: Python syntax check failed for '<staging>/wheel/urllib3/__init__.py' (no source was executed)"
7,requests,2.34.2,incompatible,syntax,True,False,verified_artifact,1,19,18,requests-2.34.2-py3-none-any.whl,2a0d60c172f83ac6ab31e4554906c0f3b3588d37b5cb939b1c061f4907e278e0,>=3.10,"Verified wheel source fails compilation at requests/__init__.py. This is the first concrete blocker; later files were not checked.
Traceback (most recent call last):
  File ""<staging>/wheel/requests/__init__.py"", line 121
    f""({chardet_version})/charset_normalizer ({charset_normalizer_version}) ""
SyntaxError: expected ')', got '@fstr-begin'
error: Python syntax check failed for '<staging>/wheel/requests/__init__.py' (no source was executed)"
8,charset-normalizer,3.5.1,incompatible,syntax,True,False,verified_artifact,3,12,9,charset_normalizer-3.5.1-py3-none-any.whl,6df0ec430f9a831772c23ca5a224cba36517a58a84bb32c32bb59a9fa67c47f6,>=3.7,"Verified wheel source fails compilation at charset_normalizer/api.py. This is the first concrete blocker; later files were not checked.
Traceback (most recent call last):
  File ""<staging>/wheel/charset_normalizer/api.py"", line 364
    if decoded_payload and decoded_payload[0] == ""\ufeff"":
SyntaxError: invalid escape char
error: Python syntax check failed for '<staging>/wheel/charset_normalizer/api.py' (no source was executed)"
9,setuptools,84.0.0,incompatible,syntax,True,False,verified_artifact,1,224,223,setuptools-84.0.0-py3-none-any.whl,51a52592b3b99e102b609654876bd65f19f999935166d1352678931132b0c670,>=3.10,"Verified wheel source fails compilation at _distutils_hack/__init__.py. This is the first concrete blocker; later files were not checked.
Traceback (most recent call last):
  File ""<staging>/wheel/_distutils_hack/__init__.py"", line 34
    f""Register concerns at {report_url}""
SyntaxError: expected ')', got '@fstr-begin'
error: Python syntax check failed for '<staging>/wheel/_distutils_hack/__init__.py' (no source was executed)"
10,cryptography,50.0.1,incompatible,native_only,False,False,metadata,0,,,cryptography-50.0.1-cp311-abi3-macosx_11_0_arm64.whl,b8f852c65863251b9e3a1b8c150ce21e59b522dbb6a7d4bc80e680d38388e986,"!=3.9.0,!=3.9.1,>=3.9",The selected release has no generic Python3 pure wheel; its published wheels require a platform/ABI or a different Python implementation tag. Artifact bytes were not downloaded. Older releases and source builds were not evaluated.
11,cffi,2.1.1,incompatible,native_only,False,False,metadata,0,,,cffi-2.1.1-cp310-cp310-macosx_10_15_x86_64.whl,baed1e86cc735622097354b9d1281406caf42ff42a886d29faa8e8d1630333be,>=3.10,The selected release has no generic Python3 pure wheel; its published wheels require a platform/ABI or a different Python implementation tag. Artifact bytes were not downloaded. Older releases and source builds were not evaluated.
12,pluggy,1.6.0,incompatible,syntax,True,False,verified_artifact,2,8,6,pluggy-1.6.0-py3-none-any.whl,e920276dd6813095e9377c0bc5566d94c932c33b27a3e3945d8389c374dd4746,>=3.9,"Verified wheel source fails compilation at pluggy/_callers.py. This is the first concrete blocker; later files were not checked.
Traceback (most recent call last):
  File ""<staging>/wheel/pluggy/_callers.py"", line 38
    res = yield
SyntaxError: expected an expression, got yield
error: Python syntax check failed for '<staging>/wheel/pluggy/_callers.py' (no source was executed)"
13,pygments,2.21.0,incompatible,syntax,True,False,verified_artifact,3,343,340,pygments-2.21.0-py3-none-any.whl,2363c69b61c4a97c838da3b130dcd6468f4848992b21a82f2a63ec34377137d9,>=3.9,"Verified wheel source fails compilation at pygments/cmdline.py. This is the first concrete blocker; later files were not checked.
Traceback (most recent call last):
  File ""<staging>/wheel/pygments/cmdline.py"", line 49
    else:
SyntaxError: expected an expression, got else
error: Python syntax check failed for '<staging>/wheel/pygments/cmdline.py' (no source was executed)"
14,pyyaml,6.0.3,incompatible,native_only,False,False,metadata,0,,,PyYAML-6.0.3-cp38-cp38-macosx_10_13_x86_64.whl,c2514fceb77bc5e7a2f7adfaa1feb2fb311607c9cb518dbc378688ec73d8292f,>=3.8,The selected release has no generic Python3 pure wheel; its published wheels require a platform/ABI or a different Python implementation tag. Artifact bytes were not downloaded. Older releases and source builds were not evaluated.
15,botocore,1.43.89,incompatible,syntax,True,False,verified_artifact,1,76,75,botocore-1.43.89-py3-none-any.whl,d7211220c815427fe71225acc6909e4ab5dfab3b03770e72fd16cf9eb86b3d1a,>= 3.10,"Verified wheel source fails compilation at botocore/__init__.py. This is the first concrete blocker; later files were not checked.
Traceback (most recent call last):
  File ""<staging>/wheel/botocore/__init__.py"", line 203
    def xform_name(name, sep='_', _xform_cache=_xform_cache):
SyntaxError: expected a literal, got '@id'
error: Python syntax check failed for '<staging>/wheel/botocore/__init__.py' (no source was executed)"
16,python-dateutil,2.9.0.post0,incompatible,syntax,True,False,verified_artifact,4,18,14,python_dateutil-2.9.0.post0-py2.py3-none-any.whl,a8b2bc7bffae282281c8140a97d3aa9c14da0b136dfe83f850eea9a5f7470427,"!=3.0.*,!=3.1.*,!=3.2.*,>=2.7","Verified wheel source fails compilation at dateutil/easter.py. This is the first concrete blocker; later files were not checked.
Traceback (most recent call last):
  File ""<staging>/wheel/dateutil/easter.py"", line 16
    def easter(year, method=EASTER_WESTERN):
SyntaxError: expected a literal, got '@id'
error: Python syntax check failed for '<staging>/wheel/dateutil/easter.py' (no source was executed)"
17,six,1.17.0,incompatible,syntax,True,False,verified_artifact,1,1,0,six-1.17.0-py2.py3-none-any.whl,4721f391ed90541fddacab5acf947aa0d3dc7d27b2e1e8eda2be8970586c3274,">=2.7, !=3.0.*, !=3.1.*, !=3.2.*","Verified wheel source fails compilation at six.py. This is the first concrete blocker; later files were not checked.
Traceback (most recent call last):
  File ""<staging>/wheel/six.py"", line 69
    else:
SyntaxError: expected an expression, got else
error: Python syntax check failed for '<staging>/wheel/six.py' (no source was executed)"
18,pydantic,2.13.5,incompatible,syntax,True,False,verified_artifact,1,105,104,pydantic-2.13.5-py3-none-any.whl,346a034f080da3755d8e9cb5e00e8b07de1d39e4f6e2c87d8ab7cafa0b269a73,>=3.9,"Verified wheel source fails compilation at pydantic/__init__.py. This is the first concrete blocker; later files were not checked.
Traceback (most recent call last):
  File ""<staging>/wheel/pydantic/__init__.py"", line 449
    for k, (_, v_module_name) in _dynamic_imports.items():
SyntaxError: expected '@id', got '('
error: Python syntax check failed for '<staging>/wheel/pydantic/__init__.py' (no source was executed)"
19,numpy,2.5.2,incompatible,native_only,False,False,metadata,0,,,numpy-2.5.2-cp312-cp312-macosx_10_13_x86_64.whl,14e373cfc6387177e8409dac3c7159be8eb05cd77096cd7c950268b86f62831c,>=3.12,The selected release has no generic Python3 pure wheel; its published wheels require a platform/ABI or a different Python implementation tag. Artifact bytes were not downloaded. Older releases and source builds were not evaluated.
20,click,8.5.0,incompatible,syntax,True,False,verified_artifact,2,17,15,click-8.5.0-py3-none-any.whl,255bc9599cf7748b4b1a446ccc735421bd08a2ae529a8b88597d3de5664ee360,>=3.10,"Verified wheel source fails compilation at click/_compat.py. This is the first concrete blocker; later files were not checked.
Traceback (most recent call last):
  File ""<staging>/wheel/click/_compat.py"", line 387
    if any(m in mode for m in [""w"", ""a"", ""x""]):
SyntaxError: expected ')', got 'for'
error: Python syntax check failed for '<staging>/wheel/click/_compat.py' (no source was executed)"
21,pycparser,3.0,incompatible,syntax,True,False,verified_artifact,1,7,6,pycparser-3.0-py3-none-any.whl,b727414169a36b7d524c1c3e31839a521725078d7b2ff038656844266160a992,>=3.10,"Verified wheel source fails compilation at pycparser/__init__.py. This is the first concrete blocker; later files were not checked.
Traceback (most recent call last):
  File ""<staging>/wheel/pycparser/__init__.py"", line 49
    + ""Make sure its path was passed correctly\n""
SyntaxError: expected ')', got '+'
error: Python syntax check failed for '<staging>/wheel/pycparser/__init__.py' (no source was executed)"
22,anyio,4.15.0,incompatible,syntax,True,False,verified_artifact,3,46,43,anyio-4.15.0-py3-none-any.whl,7ecd9937369ffce8bba0b5ccb9b3a9507b101b0ed50256aecfbab27e6c2acb99,>=3.10,"Verified wheel source fails compilation at anyio/_backends/_asyncio.py. This is the first concrete blocker; later files were not checked.
Traceback (most recent call last):
  File ""<staging>/wheel/anyio/_backends/_asyncio.py"", line 134
    *,
SyntaxError: expected '@id', got ','
error: Python syntax check failed for '<staging>/wheel/anyio/_backends/_asyncio.py' (no source was executed)"
23,pytest,9.1.1,incompatible,syntax,True,False,verified_artifact,4,81,77,pytest-9.1.1-py3-none-any.whl,37a86b45efb9a47a61a36449063e8e18d0cab3161329fc099eb21783169c4f0c,>=3.10,"Verified wheel source fails compilation at _pytest/_code/code.py. This is the first concrete blocker; later files were not checked.
Traceback (most recent call last):
  File ""<staging>/wheel/_pytest/_code/code.py"", line 1177
    f""    {type(e).__name__}: {e!s}\n""
SyntaxError: expected '=' after '!'
error: Python syntax check failed for '<staging>/wheel/_pytest/_code/code.py' (no source was executed)"
24,pydantic-core,2.48.0,incompatible,native_only,False,False,metadata,0,,,pydantic_core-2.48.0-cp310-cp310-macosx_10_12_x86_64.whl,ef32e1fc6daeb6b9f0112e121911096d28563dbac2d9bb6f4294cadbdbf5004d,>=3.10,The selected release has no generic Python3 pure wheel; its published wheels require a platform/ABI or a different Python implementation tag. Artifact bytes were not downloaded. Older releases and source builds were not evaluated.
25,iniconfig,2.3.0,incompatible,syntax,True,False,verified_artifact,1,4,3,iniconfig-2.3.0-py3-none-any.whl,f631c04d2c48c52b84d0d0549c99ff3859c98df65b3101406327ecc7d53fbf12,>=3.10,"Verified wheel source fails compilation at iniconfig/__init__.py. This is the first concrete blocker; later files were not checked.
Traceback (most recent call last):
  File ""<staging>/wheel/iniconfig/__init__.py"", line 99
    *,
SyntaxError: *args should be placed before **kwargs
error: Python syntax check failed for '<staging>/wheel/iniconfig/__init__.py' (no source was executed)"
26,aiobotocore,3.9.0,incompatible,syntax,True,False,verified_artifact,5,38,33,aiobotocore-3.9.0-py3-none-any.whl,7354659eac9ba6034675b3ea178330b7de97c45989d6fda1bf01d3da167b6135,>=3.10,"Verified wheel source fails compilation at aiobotocore/_helpers.py. This is the first concrete blocker; later files were not checked.
Traceback (most recent call last):
  File ""<staging>/wheel/aiobotocore/_helpers.py"", line 4
    async def resolve_awaitable(obj):
SyntaxError: expected statement end
error: Python syntax check failed for '<staging>/wheel/aiobotocore/_helpers.py' (no source was executed)"
27,annotated-types,0.8.0,incompatible,syntax,True,False,verified_artifact,1,2,1,annotated_types-0.8.0-py3-none-any.whl,f072f4d804ea359e4eaf198b1af7a8b0943881a87f31bb764f8bf219bb9419e0,>=3.10,"Verified wheel source fails compilation at annotated_types/__init__.py. This is the first concrete blocker; later files were not checked.
Traceback (most recent call last):
  File ""<staging>/wheel/annotated_types/__init__.py"", line 341
    namespace := getattr(self.func.__self__, ""__name__"", None)
SyntaxError: expected ')', got ':'
error: Python syntax check failed for '<staging>/wheel/annotated_types/__init__.py' (no source was executed)"
28,h11,0.16.0,incompatible,syntax,True,False,verified_artifact,3,11,8,h11-0.16.0-py3-none-any.whl,63cf8bbe7522de3bf65932fda1d9c2772064ffb3dae62d55932da54b31cb6c86,>=3.8,"Verified wheel source fails compilation at h11/_connection.py. This is the first concrete blocker; later files were not checked.
Traceback (most recent call last):
  File ""<staging>/wheel/h11/_connection.py"", line 51
    class NEED_DATA(Sentinel, metaclass=Sentinel):
SyntaxError: expected ')', got ','
error: Python syntax check failed for '<staging>/wheel/h11/_connection.py' (no source was executed)"
29,attrs,26.1.0,incompatible,syntax,True,False,verified_artifact,2,19,17,attrs-26.1.0-py3-none-any.whl,c647aa4a12dfbad9333ca4e71fe62ddc36f4e63b2d260a37a8b83d2f043ac309,>=3.9,"Verified wheel source fails compilation at attr/_cmp.py. This is the first concrete blocker; later files were not checked.
Traceback (most recent call last):
  File ""<staging>/wheel/attr/_cmp.py"", line 153
    return all(func(self, other) for func in self._requirements)
SyntaxError: expected ')', got 'for'
error: Python syntax check failed for '<staging>/wheel/attr/_cmp.py' (no source was executed)"
30,typing-inspection,0.4.4,incompatible,syntax,True,False,verified_artifact,2,3,1,typing_inspection-0.4.4-py3-none-any.whl,65b8397ba37ccbce054456aaccddfc91e6e3083c92824df348d96ca832f3f147,>=3.10,"Verified wheel source fails compilation at typing_inspection/introspection.py. This is the first concrete blocker; later files were not checked.
Traceback (most recent call last):
  File ""<staging>/wheel/typing_inspection/introspection.py"", line 28
    def is_union_origin(obj: Any, /) -> bool:
SyntaxError: expected '@id', got '/'
error: Python syntax check failed for '<staging>/wheel/typing_inspection/introspection.py' (no source was executed)"
31,protobuf,7.36.1,incompatible,syntax,True,False,verified_artifact,2,58,56,protobuf-7.36.1-py3-none-any.whl,7d951e46b3f963d6c264c367c437921de9d5aedd9c3f9612b9077736b4e3ad5c,>=3.10,"Verified wheel source fails compilation at google/protobuf/any.py. This is the first concrete blocker; later files were not checked.
Traceback (most recent call last):
  File ""<staging>/wheel/google/protobuf/any.py"", line 43
    f' {message_type.__qualname__}'
SyntaxError: expected ')', got '@fstr-begin'
error: Python syntax check failed for '<staging>/wheel/google/protobuf/any.py' (no source was executed)"
32,fsspec,2026.7.0,incompatible,syntax,True,False,verified_artifact,1,57,56,fsspec-2026.7.0-py3-none-any.whl,b57ddbafedfaef7018c1ecab32aa200a9d7ca26b77965f64e48b70061249d279,>=3.10,"Verified wheel source fails compilation at fsspec/__init__.py. This is the first concrete blocker; later files were not checked.
Traceback (most recent call last):
  File ""<staging>/wheel/fsspec/__init__.py"", line 52
    else:
SyntaxError: expected an expression, got else
error: Python syntax check failed for '<staging>/wheel/fsspec/__init__.py' (no source was executed)"
33,httpx,0.28.1,incompatible,syntax,True,False,verified_artifact,3,23,20,httpx-0.28.1-py3-none-any.whl,d909fcccc110f8c7faf814ca82a9a4d816bc5a6dbfea25d6591d6985b8ba59ad,>=3.8,"Verified wheel source fails compilation at httpx/_api.py. This is the first concrete blocker; later files were not checked.
Traceback (most recent call last):
  File ""<staging>/wheel/httpx/_api.py"", line 42
    *,
SyntaxError: expected '@id', got ','
error: Python syntax check failed for '<staging>/wheel/httpx/_api.py' (no source was executed)"
34,markupsafe,3.0.3,incompatible,native_only,False,False,metadata,0,,,markupsafe-3.0.3-cp310-cp310-macosx_10_9_x86_64.whl,2f981d352f04553a7171b8e44369f2af4055f888dfb147d55e42d29e29e74559,>=3.9,The selected release has no generic Python3 pure wheel; its published wheels require a platform/ABI or a different Python implementation tag. Artifact bytes were not downloaded. Older releases and source builds were not evaluated.
35,httpcore,1.0.9,incompatible,syntax,True,False,verified_artifact,2,31,29,httpcore-1.0.9-py3-none-any.whl,2d400746a40668fc9dec9810239072b40b4484b640a8c38fd654a024c7a1bf55,>=3.8,"Verified wheel source fails compilation at httpcore/_api.py. This is the first concrete blocker; later files were not checked.
Traceback (most recent call last):
  File ""<staging>/wheel/httpcore/_api.py"", line 13
    *,
SyntaxError: expected '@id', got ','
error: Python syntax check failed for '<staging>/wheel/httpcore/_api.py' (no source was executed)"
36,s3transfer,0.19.2,incompatible,syntax,True,False,verified_artifact,1,16,15,s3transfer-0.19.2-py3-none-any.whl,d8168eccca828cbb2cd573675333f3bddd254313a9c42494b84c76b539e8ba25,>= 3.10,"Verified wheel source fails compilation at s3transfer/__init__.py. This is the first concrete blocker; later files were not checked.
Traceback (most recent call last):
  File ""<staging>/wheel/s3transfer/__init__.py"", line 159
    return ''.join(random.choice(string.hexdigits) for _ in range(num_digits))
SyntaxError: expected ')', got 'for'
error: Python syntax check failed for '<staging>/wheel/s3transfer/__init__.py' (no source was executed)"
37,python-dotenv,1.2.3,incompatible,syntax,True,False,verified_artifact,3,8,5,python_dotenv-1.2.3-py3-none-any.whl,904552145e8bfed22162c09dab1c2b9b54fefa7b23ba780f4f26ca0316b0f0d9,>=3.10,"Verified wheel source fails compilation at dotenv/cli.py. This is the first concrete blocker; later files were not checked.
Traceback (most recent call last):
  File ""<staging>/wheel/dotenv/cli.py"", line 193
    for (k, v) in dotenv_values(file).items()
SyntaxError: expected '@id', got '('
error: Python syntax check failed for '<staging>/wheel/dotenv/cli.py' (no source was executed)"
38,platformdirs,4.11.7,incompatible,syntax,True,False,verified_artifact,1,9,8,platformdirs-4.11.7-py3-none-any.whl,8a02cb259042c79d1cd0450facc2fe6dc9d303ae7901afbe33bf8ea0b188cef6,>=3.10,"Verified wheel source fails compilation at platformdirs/__init__.py. This is the first concrete blocker; later files were not checked.
Traceback (most recent call last):
  File ""<staging>/wheel/platformdirs/__init__.py"", line 371
    *,
SyntaxError: *args should be placed before **kwargs
error: Python syntax check failed for '<staging>/wheel/platformdirs/__init__.py' (no source was executed)"
39,pandas,3.0.5,incompatible,native_only,False,False,metadata,0,,,pandas-3.0.5-cp311-cp311-macosx_10_9_x86_64.whl,2946e77e4a53cd248cbde631a12f0e51c8324ce354c3eba4d20147c1ad6f4282,>=3.11,The selected release has no generic Python3 pure wheel; its published wheels require a platform/ABI or a different Python implementation tag. Artifact bytes were not downloaded. Older releases and source builds were not evaluated.
40,jinja2,3.1.6,incompatible,syntax,True,False,verified_artifact,3,25,22,jinja2-3.1.6-py3-none-any.whl,85ece4451f492d0c13c5dd7c13a64681a86afae63a5f347908daf103ce6d2f67,>=3.7,"Verified wheel source fails compilation at jinja2/async_utils.py. This is the first concrete blocker; later files were not checked.
Traceback (most recent call last):
  File ""<staging>/wheel/jinja2/async_utils.py"", line 62
    async def auto_await(value: t.Union[t.Awaitable[""V""], ""V""]) -> ""V"":
SyntaxError: expected statement end
error: Python syntax check failed for '<staging>/wheel/jinja2/async_utils.py' (no source was executed)"
41,pathspec,1.1.1,incompatible,syntax,True,False,verified_artifact,4,31,27,pathspec-1.1.1-py3-none-any.whl,a00ce642f577bf7f473932318056212bc4f8bfdf53128c78bbd5af0b9b20b189,>=3.9,"Verified wheel source fails compilation at pathspec/_backends/agg.py. This is the first concrete blocker; later files were not checked.
Traceback (most recent call last):
  File ""<staging>/wheel/pathspec/_backends/agg.py"", line 76
    raise ValueError(f""Backend {name=!r} is invalid."")
SyntaxError: expected an expression, got =
error: Python syntax check failed for '<staging>/wheel/pathspec/_backends/agg.py' (no source was executed)"
42,grpcio-status,1.83.1,incompatible,syntax,True,False,verified_artifact,2,4,2,grpcio_status-1.83.1-py3-none-any.whl,2cd328ee62ef2b3eb957dd3b75db7dadcdbb76488fdc9ab3aba1ebfbbdc324a4,>=3.10,"Verified wheel source fails compilation at grpc_status/_async.py. This is the first concrete blocker; later files were not checked.
Traceback (most recent call last):
  File ""<staging>/wheel/grpc_status/_async.py"", line 23
    async def from_call(call: aio.Call):
SyntaxError: expected statement end
error: Python syntax check failed for '<staging>/wheel/grpc_status/_async.py' (no source was executed)"
43,filelock,3.32.5,incompatible,syntax,True,False,verified_artifact,2,21,19,filelock-3.32.5-py3-none-any.whl,142cd9fa77a872c5e78c62329a0d15278fadc686eb89e760017968961a4fd6b2,>=3.10,"Verified wheel source fails compilation at filelock/_api.py. This is the first concrete blocker; later files were not checked.
Traceback (most recent call last):
  File ""<staging>/wheel/filelock/_api.py"", line 402
    msg = f""Singleton lock construction is already active for {lock_file!s}""
SyntaxError: expected '=' after '!'
error: Python syntax check failed for '<staging>/wheel/filelock/_api.py' (no source was executed)"
44,pip,26.2.1,incompatible,syntax,True,False,verified_artifact,3,404,401,pip-26.2.1-py3-none-any.whl,71138adf1f4ca900cdb7d289c21b7494329f2332b6d85f0e1c42108c0384ed3e,>=3.10,"Verified wheel source fails compilation at pip/__pip-runner__.py. This is the first concrete blocker; later files were not checked.
Traceback (most recent call last):
  File ""<staging>/wheel/pip/__pip-runner__.py"", line 16
    return ""."".join(str(v) for v in version)
SyntaxError: expected ')', got 'for'
error: Python syntax check failed for '<staging>/wheel/pip/__pip-runner__.py' (no source was executed)"
45,pyjwt,2.13.0,incompatible,syntax,True,False,verified_artifact,2,12,10,pyjwt-2.13.0-py3-none-any.whl,66adcc2aff09b3f1bbd95fc1e1577df8ac8723c978552fd43304c8a290ac5728,>=3.9,"Verified wheel source fails compilation at jwt/algorithms.py. This is the first concrete blocker; later files were not checked.
Traceback (most recent call last):
  File ""<staging>/wheel/jwt/algorithms.py"", line 195
    and isinstance(hash_alg, type)
SyntaxError: expected ')', got 'and'
error: Python syntax check failed for '<staging>/wheel/jwt/algorithms.py' (no source was executed)"
46,starlette,1.6.0,incompatible,syntax,True,False,verified_artifact,2,35,33,starlette-1.6.0-py3-none-any.whl,a86dd39d14bb45f85a3d18525215a9ef0cfd1f192ac793220e72598c90335f0c,>=3.10,"Verified wheel source fails compilation at starlette/_exception_handler.py. This is the first concrete blocker; later files were not checked.
Traceback (most recent call last):
  File ""<staging>/wheel/starlette/_exception_handler.py"", line 31
    async def wrapped_app(scope: Scope, receive: Receive, send: Send) -> None:
SyntaxError: expected statement end
error: Python syntax check failed for '<staging>/wheel/starlette/_exception_handler.py' (no source was executed)"
47,uvicorn,0.52.4,incompatible,syntax,True,False,verified_artifact,4,42,38,uvicorn-0.52.4-py3-none-any.whl,f86e41a149d7d05a9969337e3946a9c171c06a5d42680896daaba624aeac8da1,>=3.10,"Verified wheel source fails compilation at uvicorn/_compat.py. This is the first concrete blocker; later files were not checked.
Traceback (most recent call last):
  File ""<staging>/wheel/uvicorn/_compat.py"", line 23
    *,
SyntaxError: expected '@id', got ','
error: Python syntax check failed for '<staging>/wheel/uvicorn/_compat.py' (no source was executed)"
48,litellm,1.99.0,incompatible,native_only,False,False,metadata,0,,,litellm-1.99.0-cp310-abi3-macosx_10_12_x86_64.whl,a43e8716da8beed04480e91b4233ff2f1ab1fedd84cad332dbc526b54a9229ca,"<3.15,>=3.10",The selected release has no generic Python3 pure wheel; its published wheels require a platform/ABI or a different Python implementation tag. Artifact bytes were not downloaded. Older releases and source builds were not evaluated.
49,aiohttp,3.14.3,incompatible,native_only,False,False,metadata,0,,,aiohttp-3.14.3-cp310-cp310-macosx_10_9_universal2.whl,eb0495d778817619273c108784292be161a924b9f5ae5cbbc70a2caa6838250b,>=3.10,The selected release has no generic Python3 pure wheel; its published wheels require a platform/ABI or a different Python implementation tag. Artifact bytes were not downloaded. Older releases and source builds were not evaluated.
50,tqdm,4.70.0,incompatible,syntax,True,False,verified_artifact,4,31,27,tqdm-4.70.0-py3-none-any.whl,7f585706bfddbdebf89daac705b2dfcc16890130727d3197ca62c732b4310953,>=3.8,"Verified wheel source fails compilation at tqdm/_monitor.py. This is the first concrete blocker; later files were not checked.
Traceback (most recent call last):
  File ""<staging>/wheel/tqdm/_monitor.py"", line 87
    and (cur_t - instance.last_print_t) >= instance.maxinterval
SyntaxError: expected ')', got 'and'
error: Python syntax check failed for '<staging>/wheel/tqdm/_monitor.py' (no source was executed)"
51,jmespath,1.1.0,incompatible,syntax,True,False,verified_artifact,4,9,5,jmespath-1.1.0-py3-none-any.whl,a5663118de4908c91729bea0acadca56526eb2698e83de10cd116ae0f4e97c64,>=3.9,"Verified wheel source fails compilation at jmespath/exceptions.py. This is the first concrete blocker; later files were not checked.
Traceback (most recent call last):
  File ""<staging>/wheel/jmespath/exceptions.py"", line 12
    msg=_ERROR_MESSAGE):
SyntaxError: expected a literal, got '@id'
error: Python syntax check failed for '<staging>/wheel/jmespath/exceptions.py' (no source was executed)"
52,rpds-py,2026.6.3,incompatible,native_only,False,False,metadata,0,,,rpds_py-2026.6.3-cp311-cp311-macosx_10_12_x86_64.whl,7b689145a1485c335569bd056464f3243a29af7ed3871c7be31ad624ba239bc7,>=3.11,The selected release has no generic Python3 pure wheel; its published wheels require a platform/ABI or a different Python implementation tag. Artifact bytes were not downloaded. Older releases and source builds were not evaluated.
53,yarl,1.24.5,incompatible,syntax,True,False,verified_artifact,2,8,6,yarl-1.24.5-py3-none-any.whl,a33700d13d9b7d84fd10947b09ff69fb9a792e519c8cb9764a3ca70baa6c23a7,>=3.10,"Verified wheel source fails compilation at yarl/_parse.py. This is the first concrete blocker; later files were not checked.
Traceback (most recent call last):
  File ""<staging>/wheel/yarl/_parse.py"", line 126
    ""characters under NFKC normalization""
SyntaxError: expected ')', got '@str'
error: Python syntax check failed for '<staging>/wheel/yarl/_parse.py' (no source was executed)"
54,jsonschema,4.26.0,incompatible,syntax,True,False,verified_artifact,1,37,36,jsonschema-4.26.0-py3-none-any.whl,d489f15263b8d200f8387e64b4c3a75f06629559fb73deb8fdfb525f2dab50ce,>=3.10,"Verified wheel source fails compilation at jsonschema/__init__.py. This is the first concrete blocker; later files were not checked.
Traceback (most recent call last):
  File ""<staging>/wheel/jsonschema/__init__.py"", line 98
    ""removed in a future release. Instead, use the FORMAT_CHECKER ""
SyntaxError: expected ')', got '@str'
error: Python syntax check failed for '<staging>/wheel/jsonschema/__init__.py' (no source was executed)"
55,rich,15.0.0,incompatible,syntax,True,False,verified_artifact,1,100,99,rich-15.0.0-py3-none-any.whl,33bd4ef74232fb73fe9279a257718407f169c09b78a87ad3d296f548e27de0bb,>=3.9.0,"Verified wheel source fails compilation at rich/__init__.py. This is the first concrete blocker; later files were not checked.
Traceback (most recent call last):
  File ""<staging>/wheel/rich/__init__.py"", line 79
    *,
SyntaxError: *args should be placed before **kwargs
error: Python syntax check failed for '<staging>/wheel/rich/__init__.py' (no source was executed)"
56,markdown-it-py,4.2.0,incompatible,syntax,True,False,verified_artifact,3,66,63,markdown_it_py-4.2.0-py3-none-any.whl,9f7ebbcd14fe59494226453aed97c1070d83f8d24b6fc3a3bcf9a38092641c4a,>=3.10,"Verified wheel source fails compilation at markdown_it/_punycode.py. This is the first concrete blocker; later files were not checked.
Traceback (most recent call last):
  File ""<staging>/wheel/markdown_it/_punycode.py"", line 48
    encoded = ""."".join(fn(label) for label in labels)
SyntaxError: expected ')', got 'for'
error: Python syntax check failed for '<staging>/wheel/markdown_it/_punycode.py' (no source was executed)"
57,multidict,6.7.1,incompatible,syntax,True,False,verified_artifact,2,4,2,multidict-6.7.1-py3-none-any.whl,55d97cc6dae627efa6a6e548885712d4864b81110ac76fa4e534c03819fa4a56,>=3.9,"Verified wheel source fails compilation at multidict/_abc.py. This is the first concrete blocker; later files were not checked.
Traceback (most recent call last):
  File ""<staging>/wheel/multidict/_abc.py"", line 17
    def __getitem__(self, key: str, /) -> _V_co: ...
SyntaxError: expected '@id', got '/'
error: Python syntax check failed for '<staging>/wheel/multidict/_abc.py' (no source was executed)"
58,propcache,0.5.2,unverified,unverified,True,True,verified_artifact,4,4,0,propcache-0.5.2-py3-none-any.whl,be1ddfcbb376e3de5d2e2db1d58d6d67463e6b4f9f040c000de8e300295465fe,>=3.10,"All 4 Python source files compile. Imports, runtime APIs, dependency closure, assets, and behavior were not exercised; this is not a tested compatibility result."
59,s3fs,2026.7.0,incompatible,syntax,True,False,verified_artifact,3,6,3,s3fs-2026.7.0-py3-none-any.whl,64edf3c01ebffab1eec38ff9c09eefbf86a3db14c87d248f795da0e7b801d698,>= 3.10,"Verified wheel source fails compilation at s3fs/core.py. This is the first concrete blocker; later files were not checked.
Traceback (most recent call last):
  File ""<staging>/wheel/s3fs/core.py"", line 72
    MAX_UPLOAD_PARTS = 10_000  # maximum number of parts for S3 multipart upload
SyntaxError: expected statement end
error: Python syntax check failed for '<staging>/wheel/s3fs/core.py' (no source was executed)"
60,fastapi,0.141.1,incompatible,syntax,True,False,verified_artifact,4,48,44,fastapi-0.141.1-py3-none-any.whl,bfb91aa2d334c61cb35ba9a116fc123b3d3df31640b801cf57a7a78ec3f603b3,>=3.10,"Verified wheel source fails compilation at fastapi/_compat/shared.py. This is the first concrete blocker; later files were not checked.
Traceback (most recent call last):
  File ""<staging>/wheel/fastapi/_compat/shared.py"", line 31
    PYDANTIC_VERSION_MINOR_TUPLE = tuple(int(x) for x in PYDANTIC_VERSION.split(""."")[:2])
SyntaxError: expected ')', got 'for'
error: Python syntax check failed for '<staging>/wheel/fastapi/_compat/shared.py' (no source was executed)"
61,referencing,0.37.0,incompatible,syntax,True,False,verified_artifact,3,13,10,referencing-0.37.0-py3-none-any.whl,381329a9f99628c9069361716891d34ad94af76e461dcb0335825aecc7692231,>=3.10,"Verified wheel source fails compilation at referencing/_core.py. This is the first concrete blocker; later files were not checked.
Traceback (most recent call last):
  File ""<staging>/wheel/referencing/_core.py"", line 201
    ) = Specification,
SyntaxError: expected a literal, got '@id'
error: Python syntax check failed for '<staging>/wheel/referencing/_core.py' (no source was executed)"
62,tomlkit,0.15.1,incompatible,syntax,True,False,verified_artifact,3,12,9,tomlkit-0.15.1-py3-none-any.whl,177a05aece5a8ca5266fd3c448abb47b8d352f09d477d3ca8332db4d89b24304,>=3.9,"Verified wheel source fails compilation at tomlkit/_types.py. This is the first concrete blocker; later files were not checked.
Traceback (most recent call last):
  File ""<staging>/wheel/tomlkit/_types.py"", line 50
    class _CustomList(MutableSequence, list):
SyntaxError: expected ')', got ','
error: Python syntax check failed for '<staging>/wheel/tomlkit/_types.py' (no source was executed)"
63,frozenlist,1.8.0,incompatible,syntax,True,False,verified_artifact,1,1,0,frozenlist-1.8.0-py3-none-any.whl,0c18a16eab41e82c295618a77502e17b195883241c563b00f0aa5106fc4eaa0d,>=3.9,"Verified wheel source fails compilation at frozenlist/__init__.py. This is the first concrete blocker; later files were not checked.
Traceback (most recent call last):
  File ""<staging>/wheel/frozenlist/__init__.py"", line 85
    else:
SyntaxError: expected an expression, got else
error: Python syntax check failed for '<staging>/wheel/frozenlist/__init__.py' (no source was executed)"
64,jsonschema-specifications,2025.9.1,incompatible,syntax,True,False,verified_artifact,4,4,0,jsonschema_specifications-2025.9.1-py3-none-any.whl,98802fee3a11ee76ecaca44429fda8a41bff98b00a0f2838151b113f210cc6fe,>=3.9,"Verified wheel source fails compilation at jsonschema_specifications/tests/test_jsonschema_specifications.py. This is the first concrete blocker; later files were not checked.
Traceback (most recent call last):
  File ""<staging>/wheel/jsonschema_specifications/tests/test_jsonschema_specifications.py"", line 40
    finally:
SyntaxError: finally clause is not supported yet
error: Python syntax check failed for '<staging>/wheel/jsonschema_specifications/tests/test_jsonschema_specifications.py' (no source was executed)"
65,pyasn1,0.6.4,incompatible,syntax,True,False,verified_artifact,4,32,28,pyasn1-0.6.4-py3-none-any.whl,deda9277cfd454080ec40b207fb6df82206a3a2688735233cdcd8d3d565f088b,>=3.8,"Verified wheel source fails compilation at pyasn1/codec/ber/decoder.py. This is the first concrete blocker; later files were not checked.
Traceback (most recent call last):
  File ""<staging>/wheel/pyasn1/codec/ber/decoder.py"", line 1565
    def __init__(self, tagMap=_MISSING, typeMap=_MISSING, **ignored):
SyntaxError: expected a literal, got '@id'
error: Python syntax check failed for '<staging>/wheel/pyasn1/codec/ber/decoder.py' (no source was executed)"
66,wheel,0.48.0,incompatible,syntax,True,False,verified_artifact,3,15,12,wheel-0.48.0-py3-none-any.whl,3217dcc807155e45db462d7ef2431f5ddda0d7273b700d05a67b271ceb1287ab,>=3.9,"Verified wheel source fails compilation at wheel/_bdist_wheel.py. This is the first concrete blocker; later files were not checked.
Traceback (most recent call last):
  File ""<staging>/wheel/wheel/_bdist_wheel.py"", line 194
    f""(default: {get_platform(None)})"",
SyntaxError: expected ')', got '@fstr-begin'
error: Python syntax check failed for '<staging>/wheel/wheel/_bdist_wheel.py' (no source was executed)"
67,websockets,17.1,incompatible,syntax,True,False,verified_artifact,4,52,48,websockets-17.1-py3-none-any.whl,f221081107b8c48184d99f7019604486376e7ef826037e70aad6b02540732c23,>=3.11,"Verified wheel source fails compilation at websockets/asyncio/client.py. This is the first concrete blocker; later files were not checked.
Traceback (most recent call last):
  File ""<staging>/wheel/websockets/asyncio/client.py"", line 68
    *,
SyntaxError: expected '@id', got ','
error: Python syntax check failed for '<staging>/wheel/websockets/asyncio/client.py' (no source was executed)"
68,aiohappyeyeballs,2.7.1,incompatible,syntax,True,False,verified_artifact,2,5,3,aiohappyeyeballs-2.7.1-py3-none-any.whl,9243213661e29250eb41368e5daa826fc017156c3b8a11440826b2e3ed376472,>=3.10,"Verified wheel source fails compilation at aiohappyeyeballs/_staggered.py. This is the first concrete blocker; later files were not checked.
Traceback (most recent call last):
  File ""<staging>/wheel/aiohappyeyeballs/_staggered.py"", line 21
    async def _wait_one(
SyntaxError: expected statement end
error: Python syntax check failed for '<staging>/wheel/aiohappyeyeballs/_staggered.py' (no source was executed)"
69,mdurl,0.1.2,incompatible,syntax,True,False,verified_artifact,2,6,4,mdurl-0.1.2-py3-none-any.whl,84008a41e51615a49fc9966191ff91509e3c40b939176e643fd50a5c2196b8f8,>=3.7,"Verified wheel source fails compilation at mdurl/_decode.py. This is the first concrete blocker; later files were not checked.
Traceback (most recent call last):
  File ""<staging>/wheel/mdurl/_decode.py"", line 62
    result += ""\ufffd"" * 2
SyntaxError: invalid escape char
error: Python syntax check failed for '<staging>/wheel/mdurl/_decode.py' (no source was executed)"
70,aiosignal,1.4.0,incompatible,syntax,True,False,verified_artifact,1,1,0,aiosignal-1.4.0-py3-none-any.whl,053243f8b92b990551949e63930a839ff0cf0b0ebbe0597b0f3fb19e1a0fe82e,>=3.9,"Verified wheel source fails compilation at aiosignal/__init__.py. This is the first concrete blocker; later files were not checked.
Traceback (most recent call last):
  File ""<staging>/wheel/aiosignal/__init__.py"", line 44
    async def send(self, *args: Unpack[_Ts], **kwargs: Any) -> None:
SyntaxError: expected statement end
error: Python syntax check failed for '<staging>/wheel/aiosignal/__init__.py' (no source was executed)"
71,google-auth,2.57.1,incompatible,syntax,True,False,verified_artifact,2,78,76,google_auth-2.57.1-py3-none-any.whl,ab439dee60a6856412bc058f13a68eb6a59c5b81526bb89cfdcf89ce9c0a48c9,>=3.10,"Verified wheel source fails compilation at google/auth/_agent_identity_utils.py. This is the first concrete blocker; later files were not checked.
Traceback (most recent call last):
  File ""<staging>/wheel/google/auth/_agent_identity_utils.py"", line 107
    == abs_well_known_dir
SyntaxError: expected ')', got '=='
error: Python syntax check failed for '<staging>/wheel/google/auth/_agent_identity_utils.py' (no source was executed)"
72,pillow,12.3.0,incompatible,native_only,False,False,metadata,0,,,pillow-12.3.0-cp310-cp310-macosx_10_10_x86_64.whl,6c0016e7b354317c4e9e525b937ac8596c38d2d232b419529b9cd7a1cd46e39a,>=3.10,The selected release has no generic Python3 pure wheel; its published wheels require a platform/ABI or a different Python implementation tag. Artifact bytes were not downloaded. Older releases and source builds were not evaluated.
73,googleapis-common-protos,1.75.3,incompatible,syntax,True,False,verified_artifact,1,68,67,googleapis_common_protos-1.75.3-py3-none-any.whl,a018d2bf098ca9fb6faa08d5bb780e2a2c2f73c566f069761331386c9596d3f2,>=3.10,"Verified wheel source fails compilation at google/api/annotations_pb2.py. This is the first concrete blocker; later files were not checked.
Traceback (most recent call last):
  File ""<staging>/wheel/google/api/annotations_pb2.py"", line 54
    ]._serialized_options = b""\n\016com.google.apiB\020AnnotationsProtoP\001ZAgoogle.golang.org/genproto/googleapis/api/annotations;annotations\242\002\004GAPI""
SyntaxError: invalid escape char
error: Python syntax check failed for '<staging>/wheel/google/api/annotations_pb2.py' (no source was executed)"
74,pytz,2026.3.post1,incompatible,syntax,True,False,verified_artifact,1,6,5,pytz-2026.3.post1-py2.py3-none-any.whl,dd95840dd199baea12d9cc096a1d452caa6596a1c1e4b5f3dbd1541855d5e815,,"Verified wheel source fails compilation at pytz/__init__.py. This is the first concrete blocker; later files were not checked.
Traceback (most recent call last):
  File ""<staging>/wheel/pytz/__init__.py"", line 195
    finally:
SyntaxError: finally clause is not supported yet
error: Python syntax check failed for '<staging>/wheel/pytz/__init__.py' (no source was executed)"
75,sniffio,1.3.1,incompatible,syntax,True,False,verified_artifact,4,5,1,sniffio-1.3.1-py3-none-any.whl,2f6da418d1f1e0fddd844478f41680e794e6051915791a034ff65e5f100525a2,>=3.7,"Verified wheel source fails compilation at sniffio/_tests/test_sniffio.py. This is the first concrete blocker; later files were not checked.
Traceback (most recent call last):
  File ""<staging>/wheel/sniffio/_tests/test_sniffio.py"", line 19
    finally:
SyntaxError: finally clause is not supported yet
error: Python syntax check failed for '<staging>/wheel/sniffio/_tests/test_sniffio.py' (no source was executed)"
76,importlib-metadata,9.0.1,incompatible,syntax,True,False,verified_artifact,1,12,11,importlib_metadata-9.0.1-py3-none-any.whl,bba5600596a7e21f3eef53281cf28d6a5195634d2f2b78ff9501a3272c6eaab0,>=3.10,"Verified wheel source fails compilation at importlib_metadata/__init__.py. This is the first concrete blocker; later files were not checked.
Traceback (most recent call last):
  File ""<staging>/wheel/importlib_metadata/__init__.py"", line 124
    for section in cls.read(text, filter_=cls.valid)
SyntaxError: expected ')', got 'for'
error: Python syntax check failed for '<staging>/wheel/importlib_metadata/__init__.py' (no source was executed)"
77,trove-classifiers,2026.6.1.19,unverified,unverified,True,True,verified_artifact,2,2,0,trove_classifiers-2026.6.1.19-py3-none-any.whl,ab4c4ec93cc4a4e7815fa759906e05e6bb3f2fbd92ea0f897288c6a43efd15b3,,"All 2 Python source files compile. Imports, runtime APIs, dependency closure, assets, and behavior were not exercised; this is not a tested compatibility result."
78,zipp,4.1.0,incompatible,syntax,True,False,verified_artifact,1,7,6,zipp-4.1.0-py3-none-any.whl,25ad4e16390cd314347dd8f1de67a2ac538ae658ed4ab9db16029c07c188e97f,>=3.10,"Verified wheel source fails compilation at zipp/__init__.py. This is the first concrete blocker; later files were not checked.
Traceback (most recent call last):
  File ""<staging>/wheel/zipp/__init__.py"", line 101
    class CompleteDirs(InitializedState, zipfile.ZipFile):
SyntaxError: expected ')', got ','
error: Python syntax check failed for '<staging>/wheel/zipp/__init__.py' (no source was executed)"
79,opentelemetry-semantic-conventions,0.65b0,incompatible,syntax,True,False,verified_artifact,85,127,42,opentelemetry_semantic_conventions-0.65b0-py3-none-any.whl,1cacde7b0ad306f84c5ef08c3dbe1bbaf20165bba6f8bff43b670e555a086bcb,>=3.10,"Verified wheel source fails compilation at opentelemetry/semconv/_incubating/metrics/container_metrics.py. This is the first concrete blocker; later files were not checked.
Traceback (most recent call last):
  File ""<staging>/wheel/opentelemetry/semconv/_incubating/metrics/container_metrics.py"", line 20
    | Generator[Iterable[Observation], CallbackOptions, None]
SyntaxError: expected ')', got '|'
error: Python syntax check failed for '<staging>/wheel/opentelemetry/semconv/_incubating/metrics/container_metrics.py' (no source was executed)"
80,annotated-doc,0.0.5,incompatible,syntax,True,False,verified_artifact,2,2,0,annotated_doc-0.0.5-py3-none-any.whl,117bac03a25ede5df5440e855b32d556049ca169ead221505badf432fed4b101,>=3.9,"Verified wheel source fails compilation at annotated_doc/main.py. This is the first concrete blocker; later files were not checked.
Traceback (most recent call last):
  File ""<staging>/wheel/annotated_doc/main.py"", line 24
    def __init__(self, documentation: str, /) -> None:
SyntaxError: expected '@id', got '/'
error: Python syntax check failed for '<staging>/wheel/annotated_doc/main.py' (no source was executed)"
81,virtualenv,21.7.8,incompatible,syntax,True,False,verified_artifact,2,92,90,virtualenv-21.7.8-py3-none-any.whl,3040eb3cbf5d32b10ffd57d167e6a162237ad82ba7d8cf1400a1efed593d85ac,>=3.9,"Verified wheel source fails compilation at virtualenv/__main__.py. This is the first concrete blocker; later files were not checked.
Traceback (most recent call last):
  File ""<staging>/wheel/virtualenv/__main__.py"", line 58
    f""  creator {self.session.creator!s}"",
SyntaxError: expected '=' after '!'
error: Python syntax check failed for '<staging>/wheel/virtualenv/__main__.py' (no source was executed)"
82,hatchling,1.32.0,incompatible,syntax,True,False,verified_artifact,5,67,62,hatchling-1.32.0-py3-none-any.whl,0e17c9c3b9aa7c625acc8d0f5b622f107d5049af9ecf5ada4de1aada5be7cdbc,>=3.10,"Verified wheel source fails compilation at hatchling/bridge/app.py. This is the first concrete blocker; later files were not checked.
Traceback (most recent call last):
  File ""<staging>/wheel/hatchling/bridge/app.py"", line 110
    def _display(message: str, *, always: bool = False) -> None:
SyntaxError: expected '@id', got ','
error: Python syntax check failed for '<staging>/wheel/hatchling/bridge/app.py' (no source was executed)"
83,pydantic-settings,2.15.0,incompatible,syntax,True,False,verified_artifact,3,22,19,pydantic_settings-2.15.0-py3-none-any.whl,0ba092c291c94baceb5eff768aa0d56400a457585bc0175925a5a5510303da42,>=3.10,"Verified wheel source fails compilation at pydantic_settings/main.py. This is the first concrete blocker; later files were not checked.
Traceback (most recent call last):
  File ""<staging>/wheel/pydantic_settings/main.py"", line 49
    class SettingsConfigDict(ConfigDict, total=False):
SyntaxError: expected ')', got ','
error: Python syntax check failed for '<staging>/wheel/pydantic_settings/main.py' (no source was executed)"
84,tzdata,2026.3,unverified,unverified,True,True,verified_artifact,22,22,0,tzdata-2026.3-py2.py3-none-any.whl,dc096730c87af6cab1b171c9d532be840741ff5d459015e7f6947bd7d7e54931,>=2,"All 22 Python source files compile. Imports, runtime APIs, dependency closure, assets, and behavior were not exercised; this is not a tested compatibility result."
85,wrapt,2.4.0,incompatible,syntax,True,False,verified_artifact,3,13,10,wrapt-2.4.0-py3-none-any.whl,18aabd9301d06026f5900538051773d6f87f65ae02cdc60de482df978513dc0a,>=3.9,"Verified wheel source fails compilation at wrapt/arguments.py. This is the first concrete blocker; later files were not checked.
Traceback (most recent call last):
  File ""<staging>/wheel/wrapt/arguments.py"", line 19
    annotations: Mapping[str, Any] = {},
SyntaxError: expected a literal, got '{'
error: Python syntax check failed for '<staging>/wheel/wrapt/arguments.py' (no source was executed)"
86,ghapi,2.1.3,incompatible,syntax,True,False,verified_artifact,3,15,12,ghapi-2.1.3-py3-none-any.whl,d4d4f037f488ad7d9ea3f7bbe94601030073ad7fc23da1cbb32d705dc07cc232,>=3.10,"Verified wheel source fails compilation at ghapi/actions.py. This is the first concrete blocker; later files were not checked.
Traceback (most recent call last):
  File ""<staging>/wheel/ghapi/actions.py"", line 84
    return ""\n"".join(""CONTEXT_"" + o.upper() + "": ${{ toJson("" + o.lower() + "") }}"" for o in contexts)
SyntaxError: expected ')', got 'for'
error: Python syntax check failed for '<staging>/wheel/ghapi/actions.py' (no source was executed)"
87,greenlet,3.5.5,incompatible,native_only,False,False,metadata,0,,,greenlet-3.5.5-cp310-cp310-macosx_11_0_universal2.whl,816230f469381ad0a43abc9fa8dda5a699e32fb78958dde32ded93213b70a667,>=3.10,The selected release has no generic Python3 pure wheel; its published wheels require a platform/ABI or a different Python implementation tag. Artifact bytes were not downloaded. Older releases and source builds were not evaluated.
88,opentelemetry-api,1.44.0,incompatible,syntax,True,False,verified_artifact,2,30,28,opentelemetry_api-1.44.0-py3-none-any.whl,94b98c893a91b88657eaac1e3ba89618cdb85be6918196705354f34728b2cdef,>=3.10,"Verified wheel source fails compilation at opentelemetry/_logs/_internal/__init__.py. This is the first concrete blocker; later files were not checked.
Traceback (most recent call last):
  File ""<staging>/wheel/opentelemetry/_logs/_internal/__init__.py"", line 59
    *,
SyntaxError: expected '@id', got ','
error: Python syntax check failed for '<staging>/wheel/opentelemetry/_logs/_internal/__init__.py' (no source was executed)"
89,huggingface-hub,1.30.0,incompatible,syntax,True,False,verified_artifact,1,183,182,huggingface_hub-1.30.0-py3-none-any.whl,96ae0a8e99a234374a6fe43e989ebd21c04640b91ab2927e7e5773ba1131ca59,>=3.10.0,"Verified wheel source fails compilation at huggingface_hub/__init__.py. This is the first concrete blocker; later files were not checked.
Traceback (most recent call last):
  File ""<staging>/wheel/huggingface_hub/__init__.py"", line 1208
    attr_to_modules = {attr: mod for mod, attrs in submod_attrs.items() for attr in attrs}
SyntaxError: expected '}', got 'for'
error: Python syntax check failed for '<staging>/wheel/huggingface_hub/__init__.py' (no source was executed)"
90,opentelemetry-sdk,1.44.0,incompatible,syntax,True,False,verified_artifact,1,61,60,opentelemetry_sdk-1.44.0-py3-none-any.whl,df081c4c6bcfdb1211e3e86140376792643128a25f8d72d1d27675936e7e96ad,>=3.10,"Verified wheel source fails compilation at opentelemetry/sdk/_configuration/__init__.py. This is the first concrete blocker; later files were not checked.
Traceback (most recent call last):
  File ""<staging>/wheel/opentelemetry/sdk/_configuration/__init__.py"", line 101
    | type[MetricExporter]
SyntaxError: expected ']', got '|'
error: Python syntax check failed for '<staging>/wheel/opentelemetry/sdk/_configuration/__init__.py' (no source was executed)"
91,pyasn1-modules,0.4.2,incompatible,syntax,True,False,verified_artifact,6,132,126,pyasn1_modules-0.4.2-py3-none-any.whl,29253a9207ce32b64c3ac6600edc75368f98473906e8fd1043bd6b5b1de2c14a,>=3.8,"Verified wheel source fails compilation at pyasn1_modules/rfc1902.py. This is the first concrete blocker; later files were not checked.
Traceback (most recent call last):
  File ""<staging>/wheel/pyasn1_modules/rfc1902.py"", line 91
    subtypeSpec = univ.Integer.subtypeSpec + constraint.ValueRangeConstraint(
SyntaxError: int literal is too large
error: Python syntax check failed for '<staging>/wheel/pyasn1_modules/rfc1902.py' (no source was executed)"
92,tenacity,9.1.4,incompatible,syntax,True,False,verified_artifact,1,12,11,tenacity-9.1.4-py3-none-any.whl,6095a360c919085f28c6527de529e76a06ad89b23659fa881ae0649b867a9d55,>=3.10,"Verified wheel source fails compilation at tenacity/__init__.py. This is the first concrete blocker; later files were not checked.
Traceback (most recent call last):
  File ""<staging>/wheel/tenacity/__init__.py"", line 152
    f""{field}={getattr(self, field)!r}"" for field in self.REPR_FIELDS
SyntaxError: expected ')', got 'for'
error: Python syntax check failed for '<staging>/wheel/tenacity/__init__.py' (no source was executed)"
93,google-api-core,2.36.0,incompatible,syntax,True,False,verified_artifact,2,66,64,google_api_core-2.36.0-py3-none-any.whl,e4d0b179260727ea5c42222426d9199285214dbef7bf48f8b16600c7f9a78944,>=3.10,"Verified wheel source fails compilation at google/api_core/_feature_gating_helpers.py. This is the first concrete blocker; later files were not checked.
Traceback (most recent call last):
  File ""<staging>/wheel/google/api_core/_feature_gating_helpers.py"", line 62
    *, configuration: ClientOptions | dict[str, Any] | None, feature_key: str
SyntaxError: expected '@id', got ','
error: Python syntax check failed for '<staging>/wheel/google/api_core/_feature_gating_helpers.py' (no source was executed)"
94,regex,2026.9.3,incompatible,native_only,False,False,metadata,0,,,regex-2026.9.3-cp310-cp310-macosx_10_9_universal2.whl,6d416ed4058ea38f69884f3db523b0414c0094d262dde63694aa254e32a433e6,>=3.10,The selected release has no generic Python3 pure wheel; its published wheels require a platform/ABI or a different Python implementation tag. Artifact bytes were not downloaded. Older releases and source builds were not evaluated.
95,pyarrow,25.0.1,incompatible,native_only,False,False,metadata,0,,,pyarrow-25.0.1-cp310-cp310-macosx_12_0_arm64.whl,0b1edbb2f385a6a65e9711b62ba86ac54a7816a3f8d17bb3e8a5929d65fb2485,>=3.10,The selected release has no generic Python3 pure wheel; its published wheels require a platform/ABI or a different Python implementation tag. Artifact bytes were not downloaded. Older releases and source builds were not evaluated.
96,python-multipart,0.0.32,incompatible,syntax,True,False,verified_artifact,7,8,1,python_multipart-0.0.32-py3-none-any.whl,ff6d3f776f16878c894e52e107296ffc890e913c611b1a4ec6c44e2821fe2e23,>=3.10,"Verified wheel source fails compilation at python_multipart/exceptions.py. This is the first concrete blocker; later files were not checked.
Traceback (most recent call last):
  File ""<staging>/wheel/python_multipart/exceptions.py"", line 10
    def __init__(self, message: str, *, offset: int = -1) -> None:
SyntaxError: expected '@id', got ','
error: Python syntax check failed for '<staging>/wheel/python_multipart/exceptions.py' (no source was executed)"
97,textual,8.2.8,incompatible,syntax,True,False,verified_artifact,1,247,246,textual-8.2.8-py3-none-any.whl,267375fd402dc8d981457212efa71f0e3365fd17bba144ba9bb3ed7563cb374a,">=3.9,<4.0","Verified wheel source fails compilation at textual/__init__.py. This is the first concrete blocker; later files were not checked.
Traceback (most recent call last):
  File ""<staging>/wheel/textual/__init__.py"", line 66
    group: LogGroup = LogGroup.INFO,
SyntaxError: expected a literal, got '@id'
error: Python syntax check failed for '<staging>/wheel/textual/__init__.py' (no source was executed)"
98,openai,3.8.0,incompatible,syntax,True,False,verified_artifact,1,1568,1567,openai-3.8.0-py3-none-any.whl,514736aa1e4ef1033c1209ad53897392845ccd4f2c4fae6413b2cf5f91c2c926,>=3.10,"Verified wheel source fails compilation at openai/__init__.py. This is the first concrete blocker; later files were not checked.
Traceback (most recent call last):
  File ""<staging>/wheel/openai/__init__.py"", line 306
    class _AzureModuleClient(_ModuleClient, AzureOpenAI):  # type: ignore
SyntaxError: expected ')', got ','
error: Python syntax check failed for '<staging>/wheel/openai/__init__.py' (no source was executed)"
99,grpcio,1.83.1,incompatible,native_only,False,False,metadata,0,,,grpcio-1.83.1-cp310-cp310-linux_armv7l.whl,1fea1ae4795d4790579995a4dd5e20e7494d358e29a340e8368dab9723264328,>=3.10,The selected release has no generic Python3 pure wheel; its published wheels require a platform/ABI or a different Python implementation tag. Artifact bytes were not downloaded. Older releases and source builds were not evaluated.
100,soupsieve,2.9.2,incompatible,syntax,True,False,verified_artifact,1,7,6,soupsieve-2.9.2-py3-none-any.whl,8089a26fd974ca7a1f30276d3d8492ab266ab15af581642dfe8aa162e0c1c823,>=3.10,"Verified wheel source fails compilation at soupsieve/__init__.py. This is the first concrete blocker; later files were not checked.
Traceback (most recent call last):
  File ""<staging>/wheel/soupsieve/__init__.py"", line 50
    *,
SyntaxError: *args should be placed before **kwargs
error: Python syntax check failed for '<staging>/wheel/soupsieve/__init__.py' (no source was executed)"
101,beautifulsoup4,4.15.0,incompatible,syntax,True,False,verified_artifact,1,15,14,beautifulsoup4-4.15.0-py3-none-any.whl,d6f88de62e1d4e38ecb1077eb9724cd0eff29d2a08ca16a401e9b9e93f117cf9,>=3.7.0,"Verified wheel source fails compilation at bs4/__init__.py. This is the first concrete blocker; later files were not checked.
Traceback (most recent call last):
  File ""<staging>/wheel/bs4/__init__.py"", line 318
    % (old_name, new_name),
SyntaxError: expected ')', got ''
error: Python syntax check failed for '<staging>/wheel/bs4/__init__.py' (no source was executed)"
102,jiter,0.16.0,incompatible,native_only,False,False,metadata,0,,,jiter-0.16.0-cp310-cp310-macosx_10_12_x86_64.whl,c5fc4f8def331036a7b8e981b4347ebe409981edbc8308a5ea842b8c3614fa6c,>=3.9,The selected release has no generic Python3 pure wheel; its published wheels require a platform/ABI or a different Python implementation tag. Artifact bytes were not downloaded. Older releases and source builds were not evaluated.
103,pyparsing,3.3.2,incompatible,syntax,True,False,verified_artifact,1,17,16,pyparsing-3.3.2-py3-none-any.whl,850ba148bd908d7e2411587e247a1e4f0327839c40e2e5e6d05a007ecc69911d,>=3.9,"Verified wheel source fails compilation at pyparsing/__init__.py. This is the first concrete blocker; later files were not checked.
Traceback (most recent call last):
  File ""<staging>/wheel/pyparsing/__init__.py"", line 125
    + (
SyntaxError: expected ')', got '+'
error: Python syntax check failed for '<staging>/wheel/pyparsing/__init__.py' (no source was executed)"
104,sqlalchemy,2.0.52,incompatible,syntax,True,False,verified_artifact,3,256,253,sqlalchemy-2.0.52-py3-none-any.whl,3b81b8363a919ce53453591cdb93702e6bd54ade6c4fa2f468fc053baee5ed89,>=3.7,"Verified wheel source fails compilation at sqlalchemy/connectors/aioodbc.py. This is the first concrete blocker; later files were not checked.
Traceback (most recent call last):
  File ""<staging>/wheel/sqlalchemy/connectors/aioodbc.py"", line 47
    class AsyncAdapt_aioodbc_ss_cursor(
SyntaxError: expected ')', got '@eol'
error: Python syntax check failed for '<staging>/wheel/sqlalchemy/connectors/aioodbc.py' (no source was executed)"
105,distro,1.9.0,incompatible,syntax,True,False,verified_artifact,3,3,0,distro-1.9.0-py3-none-any.whl,7bffd925d65168f85027d8da9af6bddab658135b840670a223589bc0c8ef02b2,>=3.6,"Verified wheel source fails compilation at distro/distro.py. This is the first concrete blocker; later files were not checked.
Traceback (most recent call last):
  File ""<staging>/wheel/distro/distro.py"", line 869
    or self.lsb_release_attr(""distributor_id"")
SyntaxError: expected ')', got 'or'
error: Python syntax check failed for '<staging>/wheel/distro/distro.py' (no source was executed)"
106,scipy,1.18.1,incompatible,native_only,False,False,metadata,0,,,scipy-1.18.1-cp312-cp312-macosx_10_15_x86_64.whl,457fd7a2a8edeb044ab6ffbc0aa03ff6cd18491356e5e0c834d76ce621b916d1,>=3.12,The selected release has no generic Python3 pure wheel; its published wheels require a platform/ABI or a different Python implementation tag. Artifact bytes were not downloaded. Older releases and source builds were not evaluated.
107,colorama,0.4.6,incompatible,syntax,True,False,verified_artifact,3,13,10,colorama-0.4.6-py2.py3-none-any.whl,4f1d9991f5acc0ca119f9d443620b77f9d6b33703e51011c16baf57afb285fc6,"!=3.0.*,!=3.1.*,!=3.2.*,!=3.3.*,!=3.4.*,!=3.5.*,!=3.6.*,>=2.7","Verified wheel source fails compilation at colorama/ansitowin32.py. This is the first concrete blocker; later files were not checked.
Traceback (most recent call last):
  File ""<staging>/wheel/colorama/ansitowin32.py"", line 58
    else:
SyntaxError: expected an expression, got else
error: Python syntax check failed for '<staging>/wheel/colorama/ansitowin32.py' (no source was executed)"
108,tomli,2.4.1,incompatible,syntax,True,False,verified_artifact,2,4,2,tomli-2.4.1-py3-none-any.whl,0d85819802132122da43cb86656f8d1f8c6587d54ae7dcaf30e90533028b49fe,>=3.8,"Verified wheel source fails compilation at tomli/_parser.py. This is the first concrete blocker; later files were not checked.
Traceback (most recent call last):
  File ""<staging>/wheel/tomli/_parser.py"", line 66
    ""\\b"": ""\u0008"",  # backspace
SyntaxError: invalid escape char
error: Python syntax check failed for '<staging>/wheel/tomli/_parser.py' (no source was executed)"
109,lxml,6.1.3,incompatible,native_only,False,False,metadata,0,,,lxml-6.1.3-cp310-cp310-macosx_10_9_universal2.whl,40bcbd9f94166ffe925811e730607385cec959f42fb1bb7dad83748680465221,>=3.8,The selected release has no generic Python3 pure wheel; its published wheels require a platform/ABI or a different Python implementation tag. Artifact bytes were not downloaded. Older releases and source builds were not evaluated.
110,watchfiles,1.2.0,incompatible,native_only,False,False,metadata,0,,,watchfiles-1.2.0-cp310-cp310-macosx_10_12_x86_64.whl,bb68bf4df85abebe5efddc53cf2075520f243a59868d9b3973278b23e76962a9,>=3.10,The selected release has no generic Python3 pure wheel; its published wheels require a platform/ABI or a different Python implementation tag. Artifact bytes were not downloaded. Older releases and source builds were not evaluated.
111,opentelemetry-proto,1.44.0,incompatible,syntax,True,False,verified_artifact,3,29,26,opentelemetry_proto-1.44.0-py3-none-any.whl,898b155a0e1557afd867478fb6158e8122a46329ca0bb8dc53cc55e98f017f56,>=3.10,"Verified wheel source fails compilation at opentelemetry/proto/collector/logs/v1/logs_service_pb2.py. This is the first concrete blocker; later files were not checked.
Traceback (most recent call last):
  File ""<staging>/wheel/opentelemetry/proto/collector/logs/v1/logs_service_pb2.py"", line 25
    _globals['DESCRIPTOR']._serialized_options = b'\n(io.opentelemetry.proto.collector.logs.v1B\020LogsServiceProtoP\001Z0go.opentelemetry.io/proto/otlp/collector/logs/v1\252\002%OpenTelemetry.Proto.Collector.Logs.V1'
SyntaxError: invalid escape char
error: Python syntax check failed for '<staging>/wheel/opentelemetry/proto/collector/logs/v1/logs_service_pb2.py' (no source was executed)"
112,psutil,7.2.2,incompatible,native_only,False,False,metadata,0,,,psutil-7.2.2-cp313-cp313t-macosx_10_13_x86_64.whl,2edccc433cbfa046b980b0df0171cd25bcaeb3a68fe9022db0979e7aa74a826b,>=3.6,The selected release has no generic Python3 pure wheel; its published wheels require a platform/ABI or a different Python implementation tag. Artifact bytes were not downloaded. Older releases and source builds were not evaluated.
113,shellingham,1.5.4,incompatible,syntax,True,False,verified_artifact,2,7,5,shellingham-1.5.4-py2.py3-none-any.whl,7ecfff8f2fd72616f7481040475a65b2bf8af90a56c89140852d1120324e8686,>=3.7,"Verified wheel source fails compilation at shellingham/_core.py. This is the first concrete blocker; later files were not checked.
Traceback (most recent call last):
  File ""<staging>/wheel/shellingham/_core.py"", line 3
    | {""csh"", ""tcsh""}  # C.
SyntaxError: expected ')', got '|'
error: Python syntax check failed for '<staging>/wheel/shellingham/_core.py' (no source was executed)"
114,opentelemetry-instrumentation,0.65b0,incompatible,syntax,True,False,verified_artifact,2,18,16,opentelemetry_instrumentation-0.65b0-py3-none-any.whl,ea967a72b9939b5fcfdad572753b4306c59dcb99e3f382d95dae04286805e137,>=3.10,"Verified wheel source fails compilation at opentelemetry/instrumentation/_labeler/_internal/__init__.py. This is the first concrete blocker; later files were not checked.
Traceback (most recent call last):
  File ""<staging>/wheel/opentelemetry/instrumentation/_labeler/_internal/__init__.py"", line 63
    and key not in self._attributes
SyntaxError: expected ')', got 'and'
error: Python syntax check failed for '<staging>/wheel/opentelemetry/instrumentation/_labeler/_internal/__init__.py' (no source was executed)"
115,editables,0.6,incompatible,syntax,True,False,verified_artifact,1,2,1,editables-0.6-py3-none-any.whl,d70e4698078a1d033e7786d9c64e5be070d058a67c21417024d38a58ac20aa43,>=3.7,"Verified wheel source fails compilation at editables/__init__.py. This is the first concrete blocker; later files were not checked.
Traceback (most recent call last):
  File ""<staging>/wheel/editables/__init__.py"", line 15
    import importlib.util
SyntaxError: invalid escape char
error: Python syntax check failed for '<staging>/wheel/editables/__init__.py' (no source was executed)"
116,typer,0.27.2,incompatible,syntax,True,False,verified_artifact,4,32,28,typer-0.27.2-py3-none-any.whl,b3a5fc4342d5fc8fda8fc3010b1cf117e9249aab7fae800c2eff62fd3842d97d,>=3.10,"Verified wheel source fails compilation at typer/_click/_compat.py. This is the first concrete blocker; later files were not checked.
Traceback (most recent call last):
  File ""<staging>/wheel/typer/_click/_compat.py"", line 336
    if any(m in mode for m in [""w"", ""a"", ""x""]):
SyntaxError: expected ')', got 'for'
error: Python syntax check failed for '<staging>/wheel/typer/_click/_compat.py' (no source was executed)"
117,requests-oauthlib,2.0.0,incompatible,syntax,True,False,verified_artifact,9,15,6,requests_oauthlib-2.0.0-py2.py3-none-any.whl,7dd8a5c40426b779b0868c404bdef9768deccf22749cde15852df527e6269b36,>=3.4,"Verified wheel source fails compilation at requests_oauthlib/compliance_fixes/plentymarkets.py. This is the first concrete blocker; later files were not checked.
Traceback (most recent call last):
  File ""<staging>/wheel/requests_oauthlib/compliance_fixes/plentymarkets.py"", line 13
    and r.status_code == 200
SyntaxError: expected ')', got 'and'
error: Python syntax check failed for '<staging>/wheel/requests_oauthlib/compliance_fixes/plentymarkets.py' (no source was executed)"
118,opentelemetry-exporter-otlp-proto-http,1.44.0,incompatible,syntax,True,False,verified_artifact,2,7,5,opentelemetry_exporter_otlp_proto_http-1.44.0-py3-none-any.whl,838592fce774c1c8bb7b9a0a7facbfa82e17be5a8a4e94cef10cb84ae026bae3,>=3.10,"Verified wheel source fails compilation at opentelemetry/exporter/otlp/proto/http/_common/__init__.py. This is the first concrete blocker; later files were not checked.
Traceback (most recent call last):
  File ""<staging>/wheel/opentelemetry/exporter/otlp/proto/http/_common/__init__.py"", line 46
    f""entry point 'opentelemetry_otlp_credential_provider'""
SyntaxError: expected ')', got '@fstr-begin'
error: Python syntax check failed for '<staging>/wheel/opentelemetry/exporter/otlp/proto/http/_common/__init__.py' (no source was executed)"
119,proto-plus,1.28.4,incompatible,syntax,True,False,verified_artifact,2,26,24,proto_plus-1.28.4-py3-none-any.whl,4b01341272f8a348db3f003b6143109f83ab43091019d5181b3fcdf500ab32aa,>=3.10,"Verified wheel source fails compilation at proto/_file_info.py. This is the first concrete blocker; later files were not checked.
Traceback (most recent call last):
  File ""<staging>/wheel/proto/_file_info.py"", line 29
    class _FileInfo(
SyntaxError: expected ')', got '@eol'
error: Python syntax check failed for '<staging>/wheel/proto/_file_info.py' (no source was executed)"
120,openpyxl,3.1.5,incompatible,syntax,True,False,verified_artifact,5,190,185,openpyxl-3.1.5-py2.py3-none-any.whl,5282c12b107bffeef825f4617dc029afaf41d0ea60823bbb665ef3079dc79de2,>=3.8,"Verified wheel source fails compilation at openpyxl/cell/cell.py. This is the first concrete blocker; later files were not checked.
Traceback (most recent call last):
  File ""<staging>/wheel/openpyxl/cell/cell.py"", line 173
    return u'#N/A'
SyntaxError: expected statement end
error: Python syntax check failed for '<staging>/wheel/openpyxl/cell/cell.py' (no source was executed)"
121,et-xmlfile,2.0.0,incompatible,syntax,True,False,verified_artifact,2,3,1,et_xmlfile-2.0.0-py3-none-any.whl,7a91720bc756843502c3b7504c77b8fe44217c85c537d85037f0f536151b2caa,>=3.8,"Verified wheel source fails compilation at et_xmlfile/incremental_tree.py. This is the first concrete blocker; later files were not checked.
Traceback (most recent call last):
  File ""<staging>/wheel/et_xmlfile/incremental_tree.py"", line 62
    *,
SyntaxError: *args should be placed before **kwargs
error: Python syntax check failed for '<staging>/wheel/et_xmlfile/incremental_tree.py' (no source was executed)"
122,mcp,2.1.1,incompatible,syntax,True,False,verified_artifact,3,123,120,mcp-2.1.1-py3-none-any.whl,1c6c31c5d6471c58db76af3af8af67f46d11d01f0a59077d0a308cbdb3d3e915,>=3.10,"Verified wheel source fails compilation at mcp/cli/claude.py. This is the first concrete blocker; later files were not checked.
Traceback (most recent call last):
  File ""<staging>/wheel/mcp/cli/claude.py"", line 65
    *,
SyntaxError: expected '@id', got ','
error: Python syntax check failed for '<staging>/wheel/mcp/cli/claude.py' (no source was executed)"
123,ruff,0.16.6,incompatible,native_only,False,False,metadata,0,,,ruff-0.16.6-py3-none-linux_armv6l.whl,61c368c26bf8e973e5ab14a2772de587bc068ea3f9a277f673380749b4898fb8,>=3.7,The selected release has no generic Python3 pure wheel; its published wheels require a platform/ABI or a different Python implementation tag. Artifact bytes were not downloaded. Older releases and source builds were not evaluated.
124,opentelemetry-exporter-otlp-proto-common,1.44.0,incompatible,syntax,True,False,verified_artifact,2,10,8,opentelemetry_exporter_otlp_proto_common-1.44.0-py3-none-any.whl,9a9fe61bba73d802904bc989f1d6b4a7b1ee40f06c40e98d6f85af65aaebb694,>=3.10,"Verified wheel source fails compilation at opentelemetry/exporter/otlp/proto/common/_exporter_metrics.py. This is the first concrete blocker; later files were not checked.
Traceback (most recent call last):
  File ""<staging>/wheel/opentelemetry/exporter/otlp/proto/common/_exporter_metrics.py"", line 118
    finally:
SyntaxError: finally clause is not supported yet
error: Python syntax check failed for '<staging>/wheel/opentelemetry/exporter/otlp/proto/common/_exporter_metrics.py' (no source was executed)"
125,coverage,7.16.0,incompatible,syntax,True,False,verified_artifact,4,44,40,coverage-7.16.0-py3-none-any.whl,245f7de6d023a5bba375dbec9f2e0869bfa26ac0cc639bbb7b4c814884000b73,>=3.10,"Verified wheel source fails compilation at coverage/bytecode.py. This is the first concrete blocker; later files were not checked.
Traceback (most recent call last):
  File ""<staging>/wheel/coverage/bytecode.py"", line 20
    *,
SyntaxError: expected '@id', got ','
error: Python syntax check failed for '<staging>/wheel/coverage/bytecode.py' (no source was executed)"
126,exceptiongroup,1.3.1,incompatible,syntax,True,False,verified_artifact,2,6,4,exceptiongroup-1.3.1-py3-none-any.whl,a7a39a3bd276781e98394987d3a5701d0c4edffb633bb7a5144577f82c773598,>=3.7,"Verified wheel source fails compilation at exceptiongroup/_catch.py. This is the first concrete blocker; later files were not checked.
Traceback (most recent call last):
  File ""<staging>/wheel/exceptiongroup/_catch.py"", line 39
    raise unhandled from exc.__cause__
SyntaxError: expected statement end
error: Python syntax check failed for '<staging>/wheel/exceptiongroup/_catch.py' (no source was executed)"
127,sglang,0.5.19,incompatible,native_only,False,False,metadata,0,,,sglang-0.5.19-cp310-cp310-manylinux_2_34_aarch64.whl,4e0fd565f2217e0ecd9aebe31135c0663f1060d25a314076f226d88fa0ecaf8e,>=3.10,The selected release has no generic Python3 pure wheel; its published wheels require a platform/ABI or a different Python implementation tag. Artifact bytes were not downloaded. Older releases and source builds were not evaluated.
128,oauthlib,3.3.1,incompatible,syntax,True,False,verified_artifact,2,75,73,oauthlib-3.3.1-py3-none-any.whl,88119c938d2b8fb88561af5f6ee0eec8cc8d552b7bb1f712743136eb7523b7a1,>=3.8,"Verified wheel source fails compilation at oauthlib/common.py. This is the first concrete blocker; later files were not checked.
Traceback (most recent call last):
  File ""<staging>/wheel/oauthlib/common.py"", line 29
    CLIENT_ID_CHARACTER_SET = (r' !""#$%&\'()*+,-./0123456789:;<=>?@ABCDEFGHIJKLMN'
SyntaxError: @id contains invalid char
error: Python syntax check failed for '<staging>/wheel/oauthlib/common.py' (no source was executed)"
129,mypy-extensions,1.1.0,incompatible,syntax,True,False,verified_artifact,1,1,0,mypy_extensions-1.1.0-py3-none-any.whl,1be4cccdb0f2482337c4743e60421de3a356cd97508abadd57d47403e94f5505,>=3.8,"Verified wheel source fails compilation at mypy_extensions.py. This is the first concrete blocker; later files were not checked.
Traceback (most recent call last):
  File ""<staging>/wheel/mypy_extensions.py"", line 122
    def Arg(type=Any, name=None):
SyntaxError: expected a literal, got '@id'
error: Python syntax check failed for '<staging>/wheel/mypy_extensions.py' (no source was executed)"
130,dnspython,2.8.0,incompatible,syntax,True,False,verified_artifact,2,149,147,dnspython-2.8.0-py3-none-any.whl,01d9bbc4a2d76bf0db7c1f729812ded6d912bd318d3b1cf81d30c0f845dbf3af,>=3.10,"Verified wheel source fails compilation at dns/_asyncbackend.py. This is the first concrete blocker; later files were not checked.
Traceback (most recent call last):
  File ""<staging>/wheel/dns/_asyncbackend.py"", line 17
    async def __aenter__(self):
SyntaxError: expected statement end
error: Python syntax check failed for '<staging>/wheel/dns/_asyncbackend.py' (no source was executed)"
131,more-itertools,11.1.0,incompatible,syntax,True,False,verified_artifact,2,3,1,more_itertools-11.1.0-py3-none-any.whl,4b65538ae22f6fed0ce4874efd317463a7489796a0939fa66824dd542125a192,>=3.10,"Verified wheel source fails compilation at more_itertools/more.py. This is the first concrete blocker; later files were not checked.
Traceback (most recent call last):
  File ""<staging>/wheel/more_itertools/more.py"", line 246
    def first(iterable, default=_marker):
SyntaxError: expected a literal, got '@id'
error: Python syntax check failed for '<staging>/wheel/more_itertools/more.py' (no source was executed)"
132,wcwidth,0.8.3,incompatible,syntax,True,False,verified_artifact,2,47,45,wcwidth-0.8.3-py3-none-any.whl,d5b73dba6158a595ec9370350e7f2637bcac8d6c5e4fde34f30fcffb6103a5e4,>=3.8,"Verified wheel source fails compilation at wcwidth/_clip.py. This is the first concrete blocker; later files were not checked.
Traceback (most recent call last):
  File ""<staging>/wheel/wcwidth/_clip.py"", line 67
    if prefix := _sgr_state_to_sequence(captured_style):
SyntaxError: expected an expression, got =
error: Python syntax check failed for '<staging>/wheel/wcwidth/_clip.py' (no source was executed)"
133,cachetools,7.1.8,incompatible,syntax,True,False,verified_artifact,1,5,4,cachetools-7.1.8-py3-none-any.whl,a81e3844acaa7355b6567f97bd67a94a14ec3a9bc2cbbdae45b9592cc036775b,>=3.10,"Verified wheel source fails compilation at cachetools/__init__.py. This is the first concrete blocker; later files were not checked.
Traceback (most recent call last):
  File ""<staging>/wheel/cachetools/__init__.py"", line 127
    def pop(self, key, default=__marker):
SyntaxError: expected a literal, got '@id'
error: Python syntax check failed for '<staging>/wheel/cachetools/__init__.py' (no source was executed)"
134,distlib,0.4.3,incompatible,syntax,True,False,verified_artifact,2,13,11,distlib-0.4.3-py2.py3-none-any.whl,4b0ce306c966eb73bc3a7b6abad017c556dadd92c44701562cd528ac7fde4d5b,,"Verified wheel source fails compilation at distlib/compat.py. This is the first concrete blocker; later files were not checked.
Traceback (most recent call last):
  File ""<staging>/wheel/distlib/compat.py"", line 198
    def which(cmd, mode=os.F_OK | os.X_OK, path=None):
SyntaxError: expected a literal, got '@id'
error: Python syntax check failed for '<staging>/wheel/distlib/compat.py' (no source was executed)"
135,sse-starlette,3.4.10,incompatible,syntax,True,False,verified_artifact,3,4,1,sse_starlette-3.4.10-py3-none-any.whl,710f5f5b0527409903a22a91699db02f76f4c2eb9204e882e4ee7cada76bdf75,>=3.10,"Verified wheel source fails compilation at sse_starlette/event.py. This is the first concrete blocker; later files were not checked.
Traceback (most recent call last):
  File ""<staging>/wheel/sse_starlette/event.py"", line 18
    *,
SyntaxError: *args should be placed before **kwargs
error: Python syntax check failed for '<staging>/wheel/sse_starlette/event.py' (no source was executed)"
136,hf-xet,1.6.0,incompatible,native_only,False,False,metadata,0,,,hf_xet-1.6.0-cp314-cp314t-macosx_10_12_x86_64.whl,70cbb9c896901600128cb9b6f06e132954fbede1db30f31f7c6c63f84cb7c31d,>=3.8,The selected release has no generic Python3 pure wheel; its published wheels require a platform/ABI or a different Python implementation tag. Artifact bytes were not downloaded. Older releases and source builds were not evaluated.
137,multiprocess,0.70.19,incompatible,native_only,False,False,metadata,0,,,multiprocess-0.70.19-pp310-pypy310_pp73-macosx_10_15_x86_64.whl,02e5c35d7d6cd2bdc89c1858867f7bde4012837411023a4696c148c1bdd7c80e,>=3.9,The selected release has no generic Python3 pure wheel; its published wheels require a platform/ABI or a different Python implementation tag. Artifact bytes were not downloaded. Older releases and source builds were not evaluated.
138,pytest-asyncio,1.4.0,incompatible,syntax,True,False,verified_artifact,2,2,0,pytest_asyncio-1.4.0-py3-none-any.whl,933ca923a23075a87fb7070c0ec272a6848489824d887c85c812670932835aa1,>=3.10,"Verified wheel source fails compilation at pytest_asyncio/plugin.py. This is the first concrete blocker; later files were not checked.
Traceback (most recent call last):
  File ""<staging>/wheel/pytest_asyncio/plugin.py"", line 101
    'auto' - for automatically handling all async functions by the plugin
SyntaxError: invalid escape char
error: Python syntax check failed for '<staging>/wheel/pytest_asyncio/plugin.py' (no source was executed)"
139,python-discovery,1.6.0,incompatible,syntax,True,False,verified_artifact,2,12,10,python_discovery-1.6.0-py3-none-any.whl,d4e244cf17b8b29819ed78003d55fbacf86eda23425b075454fff9271b79377a,>=3.8,"Verified wheel source fails compilation at python_discovery/_cache.py. This is the first concrete blocker; later files were not checked.
Traceback (most recent call last):
  File ""<staging>/wheel/python_discovery/_cache.py"", line 87
    else:
SyntaxError: expected an expression, got else
error: Python syntax check failed for '<staging>/wheel/python_discovery/_cache.py' (no source was executed)"
140,docstring-parser,0.18.0,incompatible,syntax,True,False,verified_artifact,2,9,7,docstring_parser-0.18.0-py3-none-any.whl,b3fcbed555c47d8479be0796ef7e19c2670d428d72e96da63f3a40122860374b,>=3.8,"Verified wheel source fails compilation at docstring_parser/attrdoc.py. This is the first concrete blocker; later files were not checked.
Traceback (most recent call last):
  File ""<staging>/wheel/docstring_parser/attrdoc.py"", line 36
    and isinstance(node.value, ast.Constant)
SyntaxError: expected ')', got 'and'
error: Python syntax check failed for '<staging>/wheel/docstring_parser/attrdoc.py' (no source was executed)"
141,sortedcontainers,2.4.0,incompatible,syntax,True,False,verified_artifact,2,4,2,sortedcontainers-2.4.0-py2.py3-none-any.whl,a163dcaede0f1c021485e957a39245190e74249897e2ae4b2aa38595db237ee0,,"Verified wheel source fails compilation at sortedcontainers/sorteddict.py. This is the first concrete blocker; later files were not checked.
Traceback (most recent call last):
  File ""<staging>/wheel/sortedcontainers/sorteddict.py"", line 349
    return cls((key, value) for key in iterable)
SyntaxError: expected ')', got 'for'
error: Python syntax check failed for '<staging>/wheel/sortedcontainers/sorteddict.py' (no source was executed)"
142,requests-toolbelt,1.0.0,incompatible,syntax,True,False,verified_artifact,1,34,33,requests_toolbelt-1.0.0-py2.py3-none-any.whl,cccfdd665f0a24fcf4726e690f65639d272bb0637b9b92dfd91a5568ccf6bd06,">=2.7, !=3.0.*, !=3.1.*, !=3.2.*, !=3.3.*","Verified wheel source fails compilation at requests_toolbelt/__init__.py. This is the first concrete blocker; later files were not checked.
Traceback (most recent call last):
  File ""<staging>/wheel/requests_toolbelt/__init__.py"", line 26
    __version_info__ = tuple(int(i) for i in __version__.split('.'))
SyntaxError: expected ')', got 'for'
error: Python syntax check failed for '<staging>/wheel/requests_toolbelt/__init__.py' (no source was executed)"
143,pyopenssl,26.4.0,incompatible,syntax,True,False,verified_artifact,1,7,6,pyopenssl-26.4.0-py3-none-any.whl,f0eb0cb2d581d3ad2b9c489468485e7f2ab6727d08401bcf9d824c3caddf3c1c,>=3.9,"Verified wheel source fails compilation at OpenSSL/SSL.py. This is the first concrete blocker; later files were not checked.
Traceback (most recent call last):
  File ""<staging>/wheel/OpenSSL/SSL.py"", line 525
    else:
SyntaxError: expected an expression, got else
error: Python syntax check failed for '<staging>/wheel/OpenSSL/SSL.py' (no source was executed)"
144,psycopg2-binary,2.9.12,incompatible,native_only,False,False,metadata,0,,,psycopg2_binary-2.9.12-cp310-cp310-macosx_10_9_x86_64.whl,9b818ceff717f98851a64bffd4c5eb5b3059ae280276dcecc52ac658dcf006a4,>=3.9,The selected release has no generic Python3 pure wheel; its published wheels require a platform/ABI or a different Python implementation tag. Artifact bytes were not downloaded. Older releases and source builds were not evaluated.
145,rsa,4.9.1,incompatible,syntax,True,False,verified_artifact,3,14,11,rsa-4.9.1-py3-none-any.whl,68635866661c6836b8d39430f97a996acbd61bfa49406748ea243539fe239762,">=3.6,<4","Verified wheel source fails compilation at rsa/cli.py. This is the first concrete blocker; later files were not checked.
Traceback (most recent call last):
  File ""<staging>/wheel/rsa/cli.py"", line 76
    raise SystemExit(1) from ex
SyntaxError: expected statement end
error: Python syntax check failed for '<staging>/wheel/rsa/cli.py' (no source was executed)"
146,uvloop,0.22.1,incompatible,native_only,False,False,metadata,0,,,uvloop-0.22.1-cp310-cp310-macosx_10_9_universal2.whl,ef6f0d4cc8a9fa1f6a910230cd53545d9a14479311e87e3cb225495952eb672c,>=3.8.1,The selected release has no generic Python3 pure wheel; its published wheels require a platform/ABI or a different Python implementation tag. Artifact bytes were not downloaded. Older releases and source builds were not evaluated.
147,msgpack,1.2.2,incompatible,native_only,False,False,metadata,0,,,msgpack-1.2.2-cp310-cp310-macosx_10_9_x86_64.whl,7afa5431f6f3487c584187ca6c8e2a34e9b106529893b3e720eabb068f6ac970,>=3.10,The selected release has no generic Python3 pure wheel; its published wheels require a platform/ABI or a different Python implementation tag. Artifact bytes were not downloaded. Older releases and source builds were not evaluated.
148,opentelemetry-exporter-otlp-proto-grpc,1.44.0,incompatible,syntax,True,False,verified_artifact,2,6,4,opentelemetry_exporter_otlp_proto_grpc-1.44.0-py3-none-any.whl,6a1a645ea182a2f59440c51fa8301d309f3324a8f9d65f8395584b064b67ee4e,>=3.10,"Verified wheel source fails compilation at opentelemetry/exporter/otlp/proto/grpc/_log_exporter/__init__.py. This is the first concrete blocker; later files were not checked.
Traceback (most recent call last):
  File ""<staging>/wheel/opentelemetry/exporter/otlp/proto/grpc/_log_exporter/__init__.py"", line 44
    class OTLPLogExporter(
SyntaxError: expected ')', got '@eol'
error: Python syntax check failed for '<staging>/wheel/opentelemetry/exporter/otlp/proto/grpc/_log_exporter/__init__.py' (no source was executed)"
149,tiktoken,0.14.0,incompatible,native_only,False,False,metadata,0,,,tiktoken-0.14.0-cp310-cp310-macosx_10_12_x86_64.whl,3b12e54f8bec91433e41aff65d8d1f209a4f678081163747079806e5361f6c91,>=3.9,The selected release has no generic Python3 pure wheel; its published wheels require a platform/ABI or a different Python implementation tag. Artifact bytes were not downloaded. Older releases and source builds were not evaluated.
150,httptools,0.8.0,incompatible,native_only,False,False,metadata,0,,,httptools-0.8.0-cp310-cp310-macosx_10_9_universal2.whl,bf3b6f807c8541503cecfbb8a8dffb385640d0d96102f3d112aa8740f9b7c826,>=3.9,The selected release has no generic Python3 pure wheel; its published wheels require a platform/ABI or a different Python implementation tag. Artifact bytes were not downloaded. Older releases and source builds were not evaluated.
151,google-genai,2.22.0,incompatible,syntax,True,False,verified_artifact,2,534,532,google_genai-2.22.0-py3-none-any.whl,c514001c45470cc0a942440ae1b8215445d12bfb6c373aac94637127e1f74ec6,>=3.10,"Verified wheel source fails compilation at google/genai/_adapters.py. This is the first concrete blocker; later files were not checked.
Traceback (most recent call last):
  File ""<staging>/wheel/google/genai/_adapters.py"", line 39
    async def call_tool(
SyntaxError: expected statement end
error: Python syntax check failed for '<staging>/wheel/google/genai/_adapters.py' (no source was executed)"
152,networkx,3.6.1,incompatible,syntax,True,False,verified_artifact,4,580,576,networkx-3.6.1-py3-none-any.whl,d47fbf302e7d9cbbb9e2555a0d267983d2aa476bac30e90dfbe5669bd57f3762,"!=3.14.1,>=3.11","Verified wheel source fails compilation at networkx/algorithms/approximation/clique.py. This is the first concrete blocker; later files were not checked.
Traceback (most recent call last):
  File ""<staging>/wheel/networkx/algorithms/approximation/clique.py"", line 255
    nodes = (u for u in G if degrees[u] >= best_size)
SyntaxError: expected ')', got 'for'
error: Python syntax check failed for '<staging>/wheel/networkx/algorithms/approximation/clique.py' (no source was executed)"
153,werkzeug,3.1.8,incompatible,syntax,True,False,verified_artifact,2,52,50,werkzeug-3.1.8-py3-none-any.whl,63a77fb8892bf28ebc3178683445222aa500e48ebad5ec77b0ad80f8726b1f50,>=3.9,"Verified wheel source fails compilation at werkzeug/_internal.py. This is the first concrete blocker; later files were not checked.
Traceback (most recent call last):
  File ""<staging>/wheel/werkzeug/_internal.py"", line 53
    if any(handler.level <= level for handler in current.handlers):
SyntaxError: expected ')', got 'for'
error: Python syntax check failed for '<staging>/wheel/werkzeug/_internal.py' (no source was executed)"
154,tokenizers,0.23.2,incompatible,native_only,False,False,metadata,0,,,tokenizers-0.23.2-cp310-abi3-macosx_10_12_x86_64.whl,85a9a357a3764aecc904ee76bdaf8cf1ad8e5a67a1b929a487c4a39b49ed0e90,>=3.10,The selected release has no generic Python3 pure wheel; its published wheels require a platform/ABI or a different Python implementation tag. Artifact bytes were not downloaded. Older releases and source builds were not evaluated.
155,redis,8.1.0,incompatible,syntax,True,False,verified_artifact,3,120,117,redis-8.1.0-py3-none-any.whl,a4fe1aac3d3b3cc791d4b3d5931c5a956045dc951ee74d1c913ee3ac4d2ee9fb,>=3.10,"Verified wheel source fails compilation at redis/_himport_exec.py. This is the first concrete blocker; later files were not checked.
Traceback (most recent call last):
  File ""<staging>/wheel/redis/_himport_exec.py"", line 128
    and conn._himport_prepared.get(fieldset_name) != fieldset.version
SyntaxError: expected ')', got 'and'
error: Python syntax check failed for '<staging>/wheel/redis/_himport_exec.py' (no source was executed)"
156,gitpython,3.1.61,incompatible,syntax,True,False,verified_artifact,1,37,36,gitpython-3.1.61-py3-none-any.whl,8ab28c9da863cdd9e7d7694ec46cf3e6c9a12d8a30a1acd3447aec11975d530c,>=3.7,"Verified wheel source fails compilation at git/__init__.py. This is the first concrete blocker; later files were not checked.
Traceback (most recent call last):
  File ""<staging>/wheel/git/__init__.py"", line 185
    raise ImportError(""%s: %s"" % (_exc.__class__.__name__, _exc)) from _exc
SyntaxError: expected statement end
error: Python syntax check failed for '<staging>/wheel/git/__init__.py' (no source was executed)"
157,fonttools,4.64.0,incompatible,syntax,True,False,verified_artifact,3,341,338,fonttools-4.64.0-py3-none-any.whl,4a05783ff54ce4c7a28f18e5772efdf63c219374bd9ffc55452182e1cef8be60,>=3.10,"Verified wheel source fails compilation at fontTools/afmLib.py. This is the first concrete blocker; later files were not checked.
Traceback (most recent call last):
  File ""<staging>/wheel/fontTools/afmLib.py"", line 187
    charnum, width, l, b, r, t = (int(thing) for thing in things)
SyntaxError: expected ')', got 'for'
error: Python syntax check failed for '<staging>/wheel/fontTools/afmLib.py' (no source was executed)"
158,langchain,1.4.0,incompatible,syntax,True,False,verified_artifact,3,40,37,langchain-1.4.0-py3-none-any.whl,af1dc0161d30944a52ec7844d9bf890d0497b12ec0703069f3503b4003cbbac3,"<4.0.0,>=3.10.0","Verified wheel source fails compilation at langchain/agents/_subagent_transformer.py. This is the first concrete blocker; later files were not checked.
Traceback (most recent call last):
  File ""<staging>/wheel/langchain/agents/_subagent_transformer.py"", line 54
    *,
SyntaxError: expected '@id', got ','
error: Python syntax check failed for '<staging>/wheel/langchain/agents/_subagent_transformer.py' (no source was executed)"
159,prompt-toolkit,3.0.53,incompatible,syntax,True,False,verified_artifact,3,145,142,prompt_toolkit-3.0.53-py3-none-any.whl,01c0891d7f9237d5e339f7d3e42cdae80b7534abb1c7c0e3352efba6231492f2,>=3.10,"Verified wheel source fails compilation at prompt_toolkit/application/application.py. This is the first concrete blocker; later files were not checked.
Traceback (most recent call last):
  File ""<staging>/wheel/prompt_toolkit/application/application.py"", line 193
    enable_page_navigation_bindings: None
SyntaxError: expected '=', got '@eol'
error: Python syntax check failed for '<staging>/wheel/prompt_toolkit/application/application.py' (no source was executed)"
160,defusedxml,0.7.1,incompatible,syntax,True,False,verified_artifact,1,11,10,defusedxml-0.7.1-py2.py3-none-any.whl,a352e7e428770286cc899e2542b6cdaedb2b4953ff269a210103ec58f6198a61,">=2.7, !=3.0.*, !=3.1.*, !=3.2.*, !=3.3.*, !=3.4.*","Verified wheel source fails compilation at defusedxml/ElementTree.py. This is the first concrete blocker; later files were not checked.
Traceback (most recent call last):
  File ""<staging>/wheel/defusedxml/ElementTree.py"", line 50
    finally:
SyntaxError: finally clause is not supported yet
error: Python syntax check failed for '<staging>/wheel/defusedxml/ElementTree.py' (no source was executed)"
161,grpcio-tools,1.83.1,incompatible,native_only,False,False,metadata,0,,,grpcio_tools-1.83.1-cp310-cp310-linux_armv7l.whl,8c44ebcd0d6b5e043ff53ec6b3416e75839244e97a596d5d870f10c147cf8868,>=3.10,The selected release has no generic Python3 pure wheel; its published wheels require a platform/ABI or a different Python implementation tag. Artifact bytes were not downloaded. Older releases and source builds were not evaluated.
162,scikit-learn,1.9.0,incompatible,native_only,False,False,metadata,0,,,scikit_learn-1.9.0-cp311-cp311-macosx_10_9_x86_64.whl,9db6f4d34e68c8899e4cab27fdf8eafe6ed21f2ba52ceb25ea250cd237f8e47b,>=3.11,The selected release has no generic Python3 pure wheel; its published wheels require a platform/ABI or a different Python implementation tag. Artifact bytes were not downloaded. Older releases and source builds were not evaluated.
163,smmap,5.0.3,incompatible,syntax,True,False,verified_artifact,1,10,9,smmap-5.0.3-py3-none-any.whl,c106e05d5a61449cf6ba9a1e650227ecfb141590d2a98412103ff35d89fc7b2f,>=3.7,"Verified wheel source fails compilation at smmap/__init__.py. This is the first concrete blocker; later files were not checked.
Traceback (most recent call last):
  File ""<staging>/wheel/smmap/__init__.py"", line 7
    __version__ = '.'.join(str(i) for i in version_info)
SyntaxError: expected ')', got 'for'
error: Python syntax check failed for '<staging>/wheel/smmap/__init__.py' (no source was executed)"
164,pytest-cov,7.1.0,incompatible,syntax,True,False,verified_artifact,2,3,1,pytest_cov-7.1.0-py3-none-any.whl,a0461110b7865f9a271aa1b51e516c9a95de9d696734a2f71e3e78f46e1d4678,>=3.9,"Verified wheel source fails compilation at pytest_cov/engine.py. This is the first concrete blocker; later files were not checked.
Traceback (most recent call last):
  File ""<staging>/wheel/pytest_cov/engine.py"", line 45
    finally:
SyntaxError: finally clause is not supported yet
error: Python syntax check failed for '<staging>/wheel/pytest_cov/engine.py' (no source was executed)"
165,google-cloud-storage,3.13.1,incompatible,syntax,True,False,verified_artifact,3,74,71,google_cloud_storage-3.13.1-py3-none-any.whl,98208de6c21e85cecd3eb44551894efff33d98365500e178867d4305854a770a,>=3.10,"Verified wheel source fails compilation at google/cloud/_storage_v2/__init__.py. This is the first concrete blocker; later files were not checked.
Traceback (most recent call last):
  File ""<staging>/wheel/google/cloud/_storage_v2/__init__.py"", line 114
    + f""({_py_version_str}).  Google will not post any further ""
SyntaxError: expected ')', got '+'
error: Python syntax check failed for '<staging>/wheel/google/cloud/_storage_v2/__init__.py' (no source was executed)"
166,matplotlib,3.11.1,incompatible,native_only,False,False,metadata,0,,,matplotlib-3.11.1-cp311-cp311-macosx_10_12_x86_64.whl,b7cf158e7add54a8d51ac9b5a84abd6d4e13ed4951b4f25f1c5139f41c2addb2,>=3.11,The selected release has no generic Python3 pure wheel; its published wheels require a platform/ABI or a different Python implementation tag. Artifact bytes were not downloaded. Older releases and source builds were not evaluated.
167,orjson,3.12.0,incompatible,native_only,False,False,metadata,0,,,orjson-3.12.0-cp310-cp310-macosx_10_15_x86_64.macosx_11_0_arm64.macosx_10_15_universal2.whl,747843254519dd43b93eee3153a19e5a509334320c4d2f823ec879232db5c796,>=3.10,The selected release has no generic Python3 pure wheel; its published wheels require a platform/ABI or a different Python implementation tag. Artifact bytes were not downloaded. Older releases and source builds were not evaluated.
168,email-validator,2.3.0,incompatible,syntax,True,False,verified_artifact,3,9,6,email_validator-2.3.0-py3-none-any.whl,80f13f623413e6b197ae73bb10bf4eb0908faf509ad8362c5edeb0be7fd450b4,>=3.8,"Verified wheel source fails compilation at email_validator/deliverability.py. This is the first concrete blocker; later files were not checked.
Traceback (most recent call last):
  File ""<staging>/wheel/email_validator/deliverability.py"", line 11
    def caching_resolver(*, timeout: Optional[int] = None, cache: Any = None, dns_resolver: Optional[dns.resolver.Resolver] = None) -> dns.resolver.Resolver:
SyntaxError: expected '@id', got ','
error: Python syntax check failed for '<staging>/wheel/email_validator/deliverability.py' (no source was executed)"
169,pynacl,1.6.2,incompatible,native_only,False,False,metadata,0,,,pynacl-1.6.2-cp314-cp314t-macosx_10_10_universal2.whl,622d7b07cc5c02c666795792931b50c91f3ce3c2649762efb1ef0d5684c81594,>=3.8,The selected release has no generic Python3 pure wheel; its published wheels require a platform/ABI or a different Python implementation tag. Artifact bytes were not downloaded. Older releases and source builds were not evaluated.
170,httpx-sse,0.4.3,incompatible,syntax,True,False,verified_artifact,2,5,3,httpx_sse-0.4.3-py3-none-any.whl,0ac1c9fe3c0afad2e0ebb25a934a59f4c7823b60792691f779fad2c5568830fc,>=3.9,"Verified wheel source fails compilation at httpx_sse/_api.py. This is the first concrete blocker; later files were not checked.
Traceback (most recent call last):
  File ""<staging>/wheel/httpx_sse/_api.py"", line 21
    f""got {content_type!r}""
SyntaxError: expected ')', got '@fstr-begin'
error: Python syntax check failed for '<staging>/wheel/httpx_sse/_api.py' (no source was executed)"
171,isodate,0.7.2,incompatible,syntax,True,False,verified_artifact,3,11,8,isodate-0.7.2-py3-none-any.whl,28009937d8031054830160fce6d409ed342816b543597cece116d966c6d99e15,>=3.7,"Verified wheel source fails compilation at isodate/isodates.py. This is the first concrete blocker; later files were not checked.
Traceback (most recent call last):
  File ""<staging>/wheel/isodate/isodates.py"", line 158
    match = pattern.match(datestring)
SyntaxError: expected an expression, got =
error: Python syntax check failed for '<staging>/wheel/isodate/isodates.py' (no source was executed)"
172,chardet,7.6.0,incompatible,syntax,True,False,verified_artifact,1,30,29,chardet-7.6.0-py3-none-any.whl,4076d795897ce45239825956a1334e134322ecc4bfe84dbb12acd5390de0fbc1,>=3.10,"Verified wheel source fails compilation at chardet/__init__.py. This is the first concrete blocker; later files were not checked.
Traceback (most recent call last):
  File ""<staging>/wheel/chardet/__init__.py"", line 40
    encoding_era: EncodingEra = EncodingEra.ALL,
SyntaxError: expected a literal, got '@id'
error: Python syntax check failed for '<staging>/wheel/chardet/__init__.py' (no source was executed)"
173,azure-core,1.41.0,incompatible,syntax,True,False,verified_artifact,2,74,72,azure_core-1.41.0-py3-none-any.whl,522b4011e8180b1a3dcd2024396a4e7fe9ac37fb8597db47163d230b5efe892d,>=3.10,"Verified wheel source fails compilation at azure/core/_azure_clouds.py. This is the first concrete blocker; later files were not checked.
Traceback (most recent call last):
  File ""<staging>/wheel/azure/core/_azure_clouds.py"", line 31
    class AzureClouds(str, Enum):
SyntaxError: expected ')', got ','
error: Python syntax check failed for '<staging>/wheel/azure/core/_azure_clouds.py' (no source was executed)"
174,gitdb,4.0.12,incompatible,syntax,True,False,verified_artifact,1,25,24,gitdb-4.0.12-py3-none-any.whl,67073e15955400952c6565cc3e707c554a4eea2e428946f7a4c162fab9bd9bcf,>=3.7,"Verified wheel source fails compilation at gitdb/__init__.py. This is the first concrete blocker; later files were not checked.
Traceback (most recent call last):
  File ""<staging>/wheel/gitdb/__init__.py"", line 11
    __version__ = '.'.join(str(i) for i in version_info)
SyntaxError: expected ')', got 'for'
error: Python syntax check failed for '<staging>/wheel/gitdb/__init__.py' (no source was executed)"
175,tzlocal,5.4.4,incompatible,syntax,True,False,verified_artifact,2,5,3,tzlocal-5.4.4-py3-none-any.whl,aae09f0126a8a86fa736be266eb4a471380d26a0de3bc14844e7821fee3e2a15,>=3.10,"Verified wheel source fails compilation at tzlocal/unix.py. This is the first concrete blocker; later files were not checked.
Traceback (most recent call last):
  File ""<staging>/wheel/tzlocal/unix.py"", line 82
    timezone_re = re.compile(r""\s*TIMEZONE\s*=\s*\"""")
SyntaxError: EOL while scanning string literal
error: Python syntax check failed for '<staging>/wheel/tzlocal/unix.py' (no source was executed)"
176,alembic,1.19.2,incompatible,syntax,True,False,verified_artifact,4,77,73,alembic-1.19.2-py3-none-any.whl,32d553dcd577e6fe5c3c63e91468526d35e4dcecafe865d7db4e9b328fa93cb2,>=3.10,"Verified wheel source fails compilation at alembic/autogenerate/api.py. This is the first concrete blocker; later files were not checked.
Traceback (most recent call last):
  File ""<staging>/wheel/alembic/autogenerate/api.py"", line 341
    and migration_context is not None
SyntaxError: expected ')', got 'and'
error: Python syntax check failed for '<staging>/wheel/alembic/autogenerate/api.py' (no source was executed)"
177,itsdangerous,2.2.0,incompatible,syntax,True,False,verified_artifact,3,8,5,itsdangerous-2.2.0-py3-none-any.whl,c6242fc49e35958c8b15141343aa660db5fc54d4f13a1db01a3f5891b98700ef,>=3.8,"Verified wheel source fails compilation at itsdangerous/encoding.py. This is the first concrete blocker; later files were not checked.
Traceback (most recent call last):
  File ""<staging>/wheel/itsdangerous/encoding.py"", line 38
    raise BadData(""Invalid base64-encoded data"") from e
SyntaxError: expected statement end
error: Python syntax check failed for '<staging>/wheel/itsdangerous/encoding.py' (no source was executed)"
178,dill,0.4.1,incompatible,syntax,True,False,verified_artifact,1,46,45,dill-0.4.1-py3-none-any.whl,1e1ce33e978ae97fcfcff5638477032b801c46c7c65cf717f95fbc2248f79a9d,>=3.9,"Verified wheel source fails compilation at dill/__diff.py. This is the first concrete blocker; later files were not checked.
Traceback (most recent call last):
  File ""<staging>/wheel/dill/__diff.py"", line 33
    dont_memo = set(id(i) for i in (memo, sys.modules, sys.path_importer_cache,
SyntaxError: expected ')', got 'for'
error: Python syntax check failed for '<staging>/wheel/dill/__diff.py' (no source was executed)"
179,websocket-client,1.9.2,incompatible,syntax,True,False,verified_artifact,2,33,31,websocket_client-1.9.2-py3-none-any.whl,e1a673830a9c7bfa47b1cd3d5e4178f4c9651d80a4eab02c9c23a1c3ec6250ce,>=3.10,"Verified wheel source fails compilation at websocket/_abnf.py. This is the first concrete blocker; later files were not checked.
Traceback (most recent call last):
  File ""<staging>/wheel/websocket/_abnf.py"", line 154
    opcode: int = OPCODE_TEXT,
SyntaxError: expected a literal, got '@id'
error: Python syntax check failed for '<staging>/wheel/websocket/_abnf.py' (no source was executed)"
180,nodeenv,1.10.0,incompatible,syntax,True,False,verified_artifact,1,1,0,nodeenv-1.10.0-py2.py3-none-any.whl,5bb13e3eed2923615535339b3c620e76779af4cb4c6a90deccc9e36b274d3827,">=2.7,!=3.0.*,!=3.1.*,!=3.2.*,!=3.3.*,!=3.4.*,!=3.5.*,!=3.6.*","Verified wheel source fails compilation at nodeenv.py. This is the first concrete blocker; later files were not checked.
Traceback (most recent call last):
  File ""<staging>/wheel/nodeenv.py"", line 1214
    @echo off
SyntaxError: invalid escape char
error: Python syntax check failed for '<staging>/wheel/nodeenv.py' (no source was executed)"
181,joblib,1.6.0,incompatible,syntax,True,False,verified_artifact,3,71,68,joblib-1.6.0-py3-none-any.whl,3dbbf9f6e4b592a2357b854608e980fe6390d131d7a82f011a377ef2ebef7aba,>=3.10,"Verified wheel source fails compilation at joblib/_dask.py. This is the first concrete blocker; later files were not checked.
Traceback (most recent call last):
  File ""<staging>/wheel/joblib/_dask.py"", line 143
    class DaskDistributedBackend(AutoBatchingMixin, ParallelBackendBase):
SyntaxError: expected ')', got ','
error: Python syntax check failed for '<staging>/wheel/joblib/_dask.py' (no source was executed)"
182,tabulate,0.10.0,incompatible,syntax,True,False,verified_artifact,1,1,0,tabulate-0.10.0-py3-none-any.whl,f0b0622e567335c8fabaaa659f1b33bcb6ddfe2e496071b743aa113f8774f2d3,>=3.10,"Verified wheel source fails compilation at tabulate/__init__.py. This is the first concrete blocker; later files were not checked.
Traceback (most recent call last):
  File ""<staging>/wheel/tabulate/__init__.py"", line 811
    _csi = rf""{_esc}\[""
SyntaxError: invalid escape char
error: Python syntax check failed for '<staging>/wheel/tabulate/__init__.py' (no source was executed)"
183,mako,1.4.1,incompatible,syntax,True,False,verified_artifact,2,33,31,mako-1.4.1-py3-none-any.whl,a359d9a94a541213958742b2698d0a7757bb83551767bc468a74b9905aba9617,>=3.10,"Verified wheel source fails compilation at mako/_ast_util.py. This is the first concrete blocker; later files were not checked.
Traceback (most recent call last):
  File ""<staging>/wheel/mako/_ast_util.py"", line 551
    for idx, (key, value) in enumerate(zip(node.keys, node.values)):
SyntaxError: expected '@id', got '('
error: Python syntax check failed for '<staging>/wheel/mako/_ast_util.py' (no source was executed)"
184,opentelemetry-instrumentation-requests,0.65b0,incompatible,syntax,True,False,verified_artifact,1,3,2,opentelemetry_instrumentation_requests-0.65b0-py3-none-any.whl,91688ec0d4d1fed75ea8d026ef2c66274ed9868c22b6be211ef85d832d16f957,>=3.10,"Verified wheel source fails compilation at opentelemetry/instrumentation/requests/__init__.py. This is the first concrete blocker; later files were not checked.
Traceback (most recent call last):
  File ""<staging>/wheel/opentelemetry/instrumentation/requests/__init__.py"", line 260
    sem_conv_opt_in_mode=_StabilityMode.DEFAULT,
SyntaxError: expected a literal, got '@id'
error: Python syntax check failed for '<staging>/wheel/opentelemetry/instrumentation/requests/__init__.py' (no source was executed)"
185,threadpoolctl,3.6.0,incompatible,syntax,True,False,verified_artifact,1,1,0,threadpoolctl-3.6.0-py3-none-any.whl,43a0b8fd5a2928500110039e43a5eed8480b918967083ea48dc3ab9f13c4a7fb,>=3.9,"Verified wheel source fails compilation at threadpoolctl.py. This is the first concrete blocker; later files were not checked.
Traceback (most recent call last):
  File ""<staging>/wheel/threadpoolctl.py"", line 109
    def __init__(self, *, filepath=None, prefix=None, parent=None):
SyntaxError: expected '@id', got ','
error: Python syntax check failed for '<staging>/wheel/threadpoolctl.py' (no source was executed)"
186,ruamel-yaml,0.19.1,incompatible,syntax,True,False,verified_artifact,5,33,28,ruamel_yaml-0.19.1-py3-none-any.whl,27592957fedf6e0b62f281e96effd28043345e0e66001f97683aa9a40c667c93,>=3.9,"Verified wheel source fails compilation at ruamel/yaml/comments.py. This is the first concrete blocker; later files were not checked.
Traceback (most recent call last):
  File ""<staging>/wheel/ruamel/yaml/comments.py"", line 120
    it = '    '.join([f'{str(k) + "":"":{ln}} {v}\n' for k, v in self._items.items()])
SyntaxError: f-string: single '}' is not allowed
error: Python syntax check failed for '<staging>/wheel/ruamel/yaml/comments.py' (no source was executed)"
187,h2,4.4.1,incompatible,syntax,True,False,verified_artifact,2,12,10,h2-4.4.1-py3-none-any.whl,0e25f1462b23c9cb82d9eb02e28bc706dac2a68cb457c6a0d74d63c8a2a5d0e6,>=3.10,"Verified wheel source fails compilation at h2/_typing.py. This is the first concrete blocker; later files were not checked.
Traceback (most recent call last):
  File ""<staging>/wheel/h2/_typing.py"", line 17
    def __buffer__(self, flags: int, /) -> memoryview:
SyntaxError: expected '@id', got '/'
error: Python syntax check failed for '<staging>/wheel/h2/_typing.py' (no source was executed)"
188,azure-identity,1.25.3,incompatible,syntax,True,False,verified_artifact,4,85,81,azure_identity-1.25.3-py3-none-any.whl,f4d0b956a8146f30333e071374171f3cfa7bdb8073adb8c3814b65567aa7447c,>=3.9,"Verified wheel source fails compilation at azure/identity/_constants.py. This is the first concrete blocker; later files were not checked.
Traceback (most recent call last):
  File ""<staging>/wheel/azure/identity/_constants.py"", line 29
    class AzureAuthorityHosts(metaclass=AzureAuthorityHostsMeta):
SyntaxError: expected ')', got '='
error: Python syntax check failed for '<staging>/wheel/azure/identity/_constants.py' (no source was executed)"
189,keyring,25.7.0,incompatible,syntax,True,False,verified_artifact,3,28,25,keyring-25.7.0-py3-none-any.whl,be4a0b195f149690c166e850609a477c532ddbfbaed96a404d4e43f8d5e2689f,>=3.9,"Verified wheel source fails compilation at keyring/backend.py. This is the first concrete blocker; later files were not checked.
Traceback (most recent call last):
  File ""<staging>/wheel/keyring/backend.py"", line 65
    class KeyringBackend(metaclass=KeyringBackendMeta):
SyntaxError: expected ')', got '='
error: Python syntax check failed for '<staging>/wheel/keyring/backend.py' (no source was executed)"
190,google-cloud-core,2.7.0,incompatible,syntax,True,False,verified_artifact,1,9,8,google_cloud_core-2.7.0-py3-none-any.whl,c18a250904cfdda021eb3ae8b8238c9f9ca272a4cbbfb5cba946b3fe3022eed1,>=3.10,"Verified wheel source fails compilation at google/cloud/_helpers/__init__.py. This is the first concrete blocker; later files were not checked.
Traceback (most recent call last):
  File ""<staging>/wheel/google/cloud/_helpers/__init__.py"", line 293
    % (dt_str, _RFC3339_NANOS.pattern)
SyntaxError: expected ')', got ''
error: Python syntax check failed for '<staging>/wheel/google/cloud/_helpers/__init__.py' (no source was executed)"
191,mypy,2.3.1,incompatible,syntax,True,False,verified_artifact,3,331,328,mypy-2.3.1-py3-none-any.whl,6ed5c7e3419083268e5c9258bd1c1ef91af44a9e89374dbcaf37b775716e72eb,>=3.10,"Verified wheel source fails compilation at mypy/api.py. This is the first concrete blocker; later files were not checked.
Traceback (most recent call last):
  File ""<staging>/wheel/mypy/api.py"", line 91
    finally:
SyntaxError: finally clause is not supported yet
error: Python syntax check failed for '<staging>/wheel/mypy/api.py' (no source was executed)"
192,kiwisolver,1.5.1,incompatible,native_only,False,False,metadata,0,,,kiwisolver-1.5.1-cp310-cp310-macosx_10_9_universal2.whl,1acc7e5b7ef05e9da8bb70cd6c7c4513090213d2e1ad9720f599f0bf6c52aec5,>=3.10,The selected release has no generic Python3 pure wheel; its published wheels require a platform/ABI or a different Python implementation tag. Artifact bytes were not downloaded. Older releases and source builds were not evaluated.
193,bcrypt,5.0.0,incompatible,native_only,False,False,metadata,0,,,bcrypt-5.0.0-cp313-cp313t-macosx_10_12_universal2.whl,f3c08197f3039bec79cee59a606d62b96b16669cff3949f21e74796b6e3cd2be,>=3.8,The selected release has no generic Python3 pure wheel; its published wheels require a platform/ABI or a different Python implementation tag. Artifact bytes were not downloaded. Older releases and source builds were not evaluated.
194,hpack,4.2.0,incompatible,syntax,True,False,verified_artifact,3,8,5,hpack-4.2.0-py3-none-any.whl,858ac0b02280fa582b5080d68db0899c62a80375e0e5413a74970c5e518b6986,>=3.10,"Verified wheel source fails compilation at hpack/hpack.py. This is the first concrete blocker; later files were not checked.
Traceback (most recent call last):
  File ""<staging>/wheel/hpack/hpack.py"", line 124
    raise HPACKDecodingError(msg) from err
SyntaxError: expected statement end
error: Python syntax check failed for '<staging>/wheel/hpack/hpack.py' (no source was executed)"
195,pytest-json-ctrf,0.5.3,incompatible,syntax,True,False,verified_artifact,1,6,5,pytest_json_ctrf-0.5.3-py3-none-any.whl,27565a1da62ed98e91ffe90b3d6a038b8376822e073a21b3c224344bd9cf4799,>=3.8,"Verified wheel source fails compilation at ctrf/BaseMetadataReport.py. This is the first concrete blocker; later files were not checked.
Traceback (most recent call last):
  File ""<staging>/wheel/ctrf/BaseMetadataReport.py"", line 30
    report = (yield).get_result()
SyntaxError: expected an expression, got yield
error: Python syntax check failed for '<staging>/wheel/ctrf/BaseMetadataReport.py' (no source was executed)"
196,flask,3.1.3,incompatible,syntax,True,False,verified_artifact,3,24,21,flask-3.1.3-py3-none-any.whl,f4bcbefc124291925f1a26446da31a5178f9483862233b23c0c96a20701f670c,>=3.9,"Verified wheel source fails compilation at flask/app.py. This is the first concrete blocker; later files were not checked.
Traceback (most recent call last):
  File ""<staging>/wheel/flask/app.py"", line 199
    ""MAX_FORM_MEMORY_SIZE"": 500_000,
SyntaxError: expected '}', got '@id'
error: Python syntax check failed for '<staging>/wheel/flask/app.py' (no source was executed)"
197,opentelemetry-util-http,0.65b0,incompatible,syntax,True,False,verified_artifact,1,4,3,opentelemetry_util_http-0.65b0-py3-none-any.whl,7553b606f963097cb190536dc30556cce85090692e471a422fff30ca29b04348,>=3.10,"Verified wheel source fails compilation at opentelemetry/util/http/__init__.py. This is the first concrete blocker; later files were not checked.
Traceback (most recent call last):
  File ""<staging>/wheel/opentelemetry/util/http/__init__.py"", line 97
    if (self._sanitized_fields and search(self._regex, header))
SyntaxError: expected ')', got 'if'
error: Python syntax check failed for '<staging>/wheel/opentelemetry/util/http/__init__.py' (no source was executed)"
198,contourpy,1.3.3,incompatible,native_only,False,False,metadata,0,,,contourpy-1.3.3-cp311-cp311-macosx_10_9_x86_64.whl,709a48ef9a690e1343202916450bc48b9e51c049b089c7f79a267b46cffcdaa1,>=3.11,The selected release has no generic Python3 pure wheel; its published wheels require a platform/ABI or a different Python implementation tag. Artifact bytes were not downloaded. Older releases and source builds were not evaluated.
199,jaraco-classes,3.4.0,incompatible,syntax,True,False,verified_artifact,4,4,0,jaraco.classes-3.4.0-py3-none-any.whl,f662826b6bed8cace05e7ff873ce0f9283b5c924470fe664fff1c2f00f581790,>=3.8,"Verified wheel source fails compilation at jaraco/classes/properties.py. This is the first concrete blocker; later files were not checked.
Traceback (most recent call last):
  File ""<staging>/wheel/jaraco/classes/properties.py"", line 185
    class Meta(type):
SyntaxError: nested class is not allowed
error: Python syntax check failed for '<staging>/wheel/jaraco/classes/properties.py' (no source was executed)"
200,msal,1.38.0,incompatible,syntax,True,False,verified_artifact,2,24,22,msal-1.38.0-py3-none-any.whl,765b9b98b6aa380ee8b8f1c75636e08863edaf0a953498955bd668650dde5d49,>=3.9,"Verified wheel source fails compilation at msal/__main__.py. This is the first concrete blocker; later files were not checked.
Traceback (most recent call last):
  File ""<staging>/wheel/msal/__main__.py"", line 17
    atexit.register(lambda:
SyntaxError: expected an expression, got @eol
error: Python syntax check failed for '<staging>/wheel/msal/__main__.py' (no source was executed)"
201,docutils,0.23,incompatible,syntax,True,False,verified_artifact,1,129,128,docutils-0.23-py3-none-any.whl,25d013af9bf23bc1c7b2b093dff4208166c53a94786c9e447808335ef1185fea,>=3.9,"Verified wheel source fails compilation at docutils/__init__.py. This is the first concrete blocker; later files were not checked.
Traceback (most recent call last):
  File ""<staging>/wheel/docutils/__init__.py"", line 83
    def __call__(self, node: Element, /) -> bool:
SyntaxError: expected '@id', got '/'
error: Python syntax check failed for '<staging>/wheel/docutils/__init__.py' (no source was executed)"
202,truststore,0.10.4,incompatible,syntax,True,False,verified_artifact,1,6,5,truststore-0.10.4-py3-none-any.whl,adaeaecf1cbb5f4de3b1959b42d41f6fab57b2b1666adb59e89cb0b53361d981,>= 3.10,"Verified wheel source fails compilation at truststore/__init__.py. This is the first concrete blocker; later files were not checked.
Traceback (most recent call last):
  File ""<staging>/wheel/truststore/__init__.py"", line 15
    else:
SyntaxError: expected an expression, got else
error: Python syntax check failed for '<staging>/wheel/truststore/__init__.py' (no source was executed)"
203,hyperframe,6.1.0,incompatible,syntax,True,False,verified_artifact,4,4,0,hyperframe-6.1.0-py3-none-any.whl,b03380493a519fce58ea5af42e4a42317bf9bd425596f7a0835ffce80f1a42e5,>=3.9,"Verified wheel source fails compilation at hyperframe/frame.py. This is the first concrete blocker; later files were not checked.
Traceback (most recent call last):
  File ""<staging>/wheel/hyperframe/frame.py"", line 129
    raise InvalidFrameError(msg) from err
SyntaxError: expected statement end
error: Python syntax check failed for '<staging>/wheel/hyperframe/frame.py' (no source was executed)"
204,jeepney,0.9.0,incompatible,syntax,True,False,verified_artifact,3,29,26,jeepney-0.9.0-py3-none-any.whl,97e5714520c16fc0a45695e5365a2e11b81ea79bba796e26f9f1d178cb182683,>=3.7,"Verified wheel source fails compilation at jeepney/bindgen.py. This is the first concrete blocker; later files were not checked.
Traceback (most recent call last):
  File ""<staging>/wheel/jeepney/bindgen.py"", line 72
    """"""Auto-generated DBus bindings
SyntaxError: invalid escape char
error: Python syntax check failed for '<staging>/wheel/jeepney/bindgen.py' (no source was executed)"
205,jaraco-functools,4.6.0,incompatible,syntax,True,False,verified_artifact,1,1,0,jaraco_functools-4.6.0-py3-none-any.whl,99e3dc0060c5cbe8fcd1cdb36258e2a65ca40f1566b2033b12abb1bb44dd3c30,>=3.10,"Verified wheel source fails compilation at jaraco/functools/__init__.py. This is the first concrete blocker; later files were not checked.
Traceback (most recent call last):
  File ""<staging>/wheel/jaraco/functools/__init__.py"", line 91
    def method_cache(method, cache_wrapper=functools.lru_cache()):
SyntaxError: expected a literal, got '@id'
error: Python syntax check failed for '<staging>/wheel/jaraco/functools/__init__.py' (no source was executed)"
206,decorator,5.3.1,incompatible,syntax,True,False,verified_artifact,1,1,0,decorator-5.3.1-py3-none-any.whl,f47fe6fdbd2edd623ecfe36875d37aba411624e2670dd395dddae1358689bb3c,>=3.8,"Verified wheel source fails compilation at decorator/__init__.py. This is the first concrete blocker; later files were not checked.
Traceback (most recent call last):
  File ""<staging>/wheel/decorator/__init__.py"", line 144
    else:
SyntaxError: expected an expression, got else
error: Python syntax check failed for '<staging>/wheel/decorator/__init__.py' (no source was executed)"
207,zstandard,0.25.0,incompatible,native_only,False,False,metadata,0,,,zstandard-0.25.0-cp310-cp310-macosx_10_9_x86_64.whl,e59fdc271772f6686e01e1b3b74537259800f57e24280be3f29c8a0deb1904dd,>=3.9,The selected release has no generic Python3 pure wheel; its published wheels require a platform/ABI or a different Python implementation tag. Artifact bytes were not downloaded. Older releases and source builds were not evaluated.
208,anthropic,1.4.0,incompatible,syntax,True,False,verified_artifact,2,1391,1389,anthropic-1.4.0-py3-none-any.whl,590e85bff75b713a123b03f586d68f02266b5fdc49f70dd75f721ced93a4716c,>=3.10,"Verified wheel source fails compilation at anthropic/_base_client.py. This is the first concrete blocker; later files were not checked.
Traceback (most recent call last):
  File ""<staging>/wheel/anthropic/_base_client.py"", line 158
    *,
SyntaxError: expected '@id', got ','
error: Python syntax check failed for '<staging>/wheel/anthropic/_base_client.py' (no source was executed)"
209,pre-commit,4.6.2,incompatible,syntax,True,False,verified_artifact,4,67,63,pre_commit-4.6.2-py2.py3-none-any.whl,e2dde9a75d3bce11bd3831c26d134df00a2803c1d818be6a0383c3dcda25dc4e,>=3.10,"Verified wheel source fails compilation at pre_commit/clientlib.py. This is the first concrete blocker; later files were not checked.
Traceback (most recent call last):
  File ""<staging>/wheel/pre_commit/clientlib.py"", line 46
    f'Try upgrading identify and pre-commit?',
SyntaxError: expected ')', got '@fstr-begin'
error: Python syntax check failed for '<staging>/wheel/pre_commit/clientlib.py' (no source was executed)"
210,secretstorage,3.5.0,incompatible,syntax,True,False,verified_artifact,1,7,6,secretstorage-3.5.0-py3-none-any.whl,0ce65888c0725fcb2c5bc0fdb8e5438eece02c523557ea40ce0703c266248137,>=3.10,"Verified wheel source fails compilation at secretstorage/__init__.py. This is the first concrete blocker; later files were not checked.
Traceback (most recent call last):
  File ""<staging>/wheel/secretstorage/__init__.py"", line 89
    raise SecretServiceNotAvailableException(reason) from ex
SyntaxError: expected statement end
error: Python syntax check failed for '<staging>/wheel/secretstorage/__init__.py' (no source was executed)"
211,identify,2.6.19,incompatible,syntax,True,False,verified_artifact,4,7,3,identify-2.6.19-py2.py3-none-any.whl,20e6a87f786f768c092a721ad107fc9df0eb89347be9396cadf3f4abbd1fb78a,>=3.10,"Verified wheel source fails compilation at identify/identify.py. This is the first concrete blocker; later files were not checked.
Traceback (most recent call last):
  File ""<staging>/wheel/identify/identify.py"", line 128
    bytearray([7, 8, 9, 10, 11, 12, 13, 27]) +
SyntaxError: expected an expression, got @eol
error: Python syntax check failed for '<staging>/wheel/identify/identify.py' (no source was executed)"
212,cfgv,3.5.0,incompatible,syntax,True,False,verified_artifact,1,1,0,cfgv-3.5.0-py2.py3-none-any.whl,a8dc6b26ad22ff227d2634a65cb388215ce6cc96bbcc5cfde7641ae87e8dacc0,>=3.10,"Verified wheel source fails compilation at cfgv.py. This is the first concrete blocker; later files were not checked.
Traceback (most recent call last):
  File ""<staging>/wheel/cfgv.py"", line 36
    raise ValidationError(e, ctx=msg).with_traceback(tb) from None
SyntaxError: expected statement end
error: Python syntax check failed for '<staging>/wheel/cfgv.py' (no source was executed)"
213,toml,0.10.2,incompatible,syntax,True,False,verified_artifact,2,5,3,toml-0.10.2-py2.py3-none-any.whl,806143ae5bfb6a3c6e736a764057db0e6a0e05e338b5630894a5f779cabb4f9b,">=2.6, !=3.0.*, !=3.1.*, !=3.2.*","Verified wheel source fails compilation at toml/decoder.py. This is the first concrete blocker; later files were not checked.
Traceback (most recent call last):
  File ""<staging>/wheel/toml/decoder.py"", line 113
    def load(f, _dict=dict, decoder=None):
SyntaxError: expected a literal, got '@id'
error: Python syntax check failed for '<staging>/wheel/toml/decoder.py' (no source was executed)"
214,docker,7.2.0,incompatible,syntax,True,False,verified_artifact,4,67,63,docker-7.2.0-py3-none-any.whl,a3f45fdeb9165e2d25d9a1d02ddf3bc70fb572cf5ebbf9b58558c22caf29b71f,>=3.8,"Verified wheel source fails compilation at docker/api/build.py. This is the first concrete blocker; later files were not checked.
Traceback (most recent call last):
  File ""<staging>/wheel/docker/api/build.py"", line 338
    if (auth.INDEX_URL not in auth_data and
SyntaxError: expected an expression, got @eol
error: Python syntax check failed for '<staging>/wheel/docker/api/build.py' (no source was executed)"
215,xxhash,4.0.1,incompatible,native_only,False,False,metadata,0,,,xxhash-4.0.1-cp310-cp310-macosx_10_9_x86_64.whl,3f68fe400ceec235f3e4a4b02a28c2fd2d283584a193223c921dd4c48f1d0754,>=3.9,The selected release has no generic Python3 pure wheel; its published wheels require a platform/ABI or a different Python implementation tag. Artifact bytes were not downloaded. Older releases and source builds were not evaluated.
216,jaraco-context,6.1.2,incompatible,syntax,True,False,verified_artifact,1,1,0,jaraco_context-6.1.2-py3-none-any.whl,bf8150b79a2d5d91ae48629d8b427a8f7ba0e1097dd6202a9059f29a36379535,>=3.10,"Verified wheel source fails compilation at jaraco/context/__init__.py. This is the first concrete blocker; later files were not checked.
Traceback (most recent call last):
  File ""<staging>/wheel/jaraco/context/__init__.py"", line 65
    finally:
SyntaxError: finally clause is not supported yet
error: Python syntax check failed for '<staging>/wheel/jaraco/context/__init__.py' (no source was executed)"
217,blinker,1.9.0,incompatible,syntax,True,False,verified_artifact,3,3,0,blinker-1.9.0-py3-none-any.whl,ba0efaa9080b619ff2f3459d1d500c57bddea4a6b424b60a91141db6fd2f08bc,>=3.9,"Verified wheel source fails compilation at blinker/base.py. This is the first concrete blocker; later files were not checked.
Traceback (most recent call last):
  File ""<staging>/wheel/blinker/base.py"", line 91
    def connect(self, receiver: F, sender: t.Any = ANY, weak: bool = True) -> F:
SyntaxError: expected a literal, got '@id'
error: Python syntax check failed for '<staging>/wheel/blinker/base.py' (no source was executed)"
218,uv,0.12.10,incompatible,native_only,False,False,metadata,0,,,uv-0.12.10-py3-none-linux_armv6l.whl,efbbc586d40014b9dd3bc37a2ad5803d12919458f0f9d16f122db5d91626f5ab,>=3.8,The selected release has no generic Python3 pure wheel; its published wheels require a platform/ABI or a different Python implementation tag. Artifact bytes were not downloaded. Older releases and source builds were not evaluated.
219,cycler,0.12.1,incompatible,syntax,True,False,verified_artifact,1,1,0,cycler-0.12.1-py3-none-any.whl,85cef7cff222d8644161529808465972e51340599459b8ac3ccbac5a854e0d30,>=3.8,"Verified wheel source fails compilation at cycler/__init__.py. This is the first concrete blocker; later files were not checked.
Traceback (most recent call last):
  File ""<staging>/wheel/cycler/__init__.py"", line 116
    return reduce(add, (_cycler(k, _l[k] + _r[k]) for k in left.keys))
SyntaxError: expected ')', got 'for'
error: Python syntax check failed for '<staging>/wheel/cycler/__init__.py' (no source was executed)"
220,google-resumable-media,2.10.2,incompatible,syntax,True,False,verified_artifact,2,17,15,google_resumable_media-2.10.2-py3-none-any.whl,e3cedc827a4ea41e216582d74346f1fb9fceb625a8c3c53912f2ca1d663334d7,>= 3.10,"Verified wheel source fails compilation at google/_async_resumable_media/_download.py. This is the first concrete blocker; later files were not checked.
Traceback (most recent call last):
  File ""<staging>/wheel/google/_async_resumable_media/_download.py"", line 329
    async def _process_response(self, response):
SyntaxError: expected statement end
error: Python syntax check failed for '<staging>/wheel/google/_async_resumable_media/_download.py' (no source was executed)"
221,httpx2,2.12.0,incompatible,syntax,True,False,verified_artifact,3,30,27,httpx2-2.12.0-py3-none-any.whl,cc8b6eecb8661c146b8f89a60e97456ee086e91a784ed31ac450c3a9e613dd36,>=3.10,"Verified wheel source fails compilation at httpx2/_alias.py. This is the first concrete blocker; later files were not checked.
Traceback (most recent call last):
  File ""<staging>/wheel/httpx2/_alias.py"", line 53
    if not any(isinstance(finder, _AliasFinder) and finder._alias == alias for finder in sys.meta_path):
SyntaxError: expected ')', got 'for'
error: Python syntax check failed for '<staging>/wheel/httpx2/_alias.py' (no source was executed)"
222,ptyprocess,0.7.0,incompatible,syntax,True,False,verified_artifact,3,4,1,ptyprocess-0.7.0-py2.py3-none-any.whl,4b41f3967fce3af57cc7e94b888626c18bf37a083e3651ca8feeb66d492fef35,,"Verified wheel source fails compilation at ptyprocess/ptyprocess.py. This is the first concrete blocker; later files were not checked.
Traceback (most recent call last):
  File ""<staging>/wheel/ptyprocess/ptyprocess.py"", line 28
    _platform.startswith('solaris') or
SyntaxError: expected an expression, got @eol
error: Python syntax check failed for '<staging>/wheel/ptyprocess/ptyprocess.py' (no source was executed)"
223,google-crc32c,1.8.0,incompatible,native_only,False,False,metadata,0,,,google_crc32c-1.8.0-cp310-cp310-macosx_12_0_arm64.whl,0470b8c3d73b5f4e3300165498e4cf25221c7eb37f1159e221d1825b6df8a7ff,>=3.9,The selected release has no generic Python3 pure wheel; its published wheels require a platform/ABI or a different Python implementation tag. Artifact bytes were not downloaded. Older releases and source builds were not evaluated.
224,sympy,1.14.0,incompatible,syntax,True,False,verified_artifact,2,1533,1531,sympy-1.14.0-py3-none-any.whl,e091cc3e99d2141a0ba2847328f5479b05d94a6635cb96148ccb3f34671bd8f5,>=3.9,"Verified wheel source fails compilation at sympy/__init__.py. This is the first concrete blocker; later files were not checked.
Traceback (most recent call last):
  File ""<staging>/wheel/sympy/__init__.py"", line 49
    raise RuntimeError(""unrecognized value for SYMPY_DEBUG: %s"" %
SyntaxError: expected an expression, got @eol
error: Python syntax check failed for '<staging>/wheel/sympy/__init__.py' (no source was executed)"
225,transformers,5.16.1,incompatible,syntax,True,False,verified_artifact,1,2637,2636,transformers-5.16.1-py3-none-any.whl,2f2d5b98a5ad3718713653734298fa620754ed683702a635ebb587df3ed29c7e,>=3.10.0,"Verified wheel source fails compilation at transformers/__init__.py. This is the first concrete blocker; later files were not checked.
Traceback (most recent call last):
  File ""<staging>/wheel/transformers/__init__.py"", line 292
    else:
SyntaxError: expected an expression, got else
error: Python syntax check failed for '<staging>/wheel/transformers/__init__.py' (no source was executed)"
226,httpcore2,2.12.0,incompatible,syntax,True,False,verified_artifact,2,31,29,httpcore2-2.12.0-py3-none-any.whl,7e04258ce01013d7d615e5b910a3b27fac937d7a95038227e79652b4ba3b4ceb,>=3.10,"Verified wheel source fails compilation at httpcore2/_api.py. This is the first concrete blocker; later files were not checked.
Traceback (most recent call last):
  File ""<staging>/wheel/httpcore2/_api.py"", line 14
    *,
SyntaxError: expected '@id', got ','
error: Python syntax check failed for '<staging>/wheel/httpcore2/_api.py' (no source was executed)"
227,pexpect,4.9.0,incompatible,syntax,True,False,verified_artifact,1,18,17,pexpect-4.9.0-py2.py3-none-any.whl,7236d1e080e4936be2dc3e326cec0af72acf9212a7e1d060210e70a47e253523,,"Verified wheel source fails compilation at pexpect/ANSI.py. This is the first concrete blocker; later files were not checked.
Traceback (most recent call last):
  File ""<staging>/wheel/pexpect/ANSI.py"", line 189
    def __init__ (self, r=24, c=80, *args, **kwargs):
SyntaxError: *args should be placed before **kwargs
error: Python syntax check failed for '<staging>/wheel/pexpect/ANSI.py' (no source was executed)"
228,google-cloud-bigquery,3.45.0,incompatible,syntax,True,False,verified_artifact,1,53,52,google_cloud_bigquery-3.45.0-py3-none-any.whl,30637314d67526cbaefebfb9106c5a41c5f30a137ace404531148f09a6b487a6,>=3.10,"Verified wheel source fails compilation at google/cloud/bigquery/__init__.py. This is the first concrete blocker; later files were not checked.
Traceback (most recent call last):
  File ""<staging>/wheel/google/cloud/bigquery/__init__.py"", line 133
    f""Your Python version is {sys.version_info.major}.{sys.version_info.minor}.{sys.version_info.micro}. We ""
SyntaxError: expected ')', got '@fstr-begin'
error: Python syntax check failed for '<staging>/wheel/google/cloud/bigquery/__init__.py' (no source was executed)"
229,google-api-python-client,2.200.0,incompatible,syntax,True,False,verified_artifact,3,17,14,google_api_python_client-2.200.0-py3-none-any.whl,c0c2c4072a110b7fcc30ac151744d4410cddaba99c53cb4e815463308952b638,>=3.10,"Verified wheel source fails compilation at googleapiclient/_auth.py. This is the first concrete blocker; later files were not checked.
Traceback (most recent call last):
  File ""<staging>/wheel/googleapiclient/_auth.py"", line 153
    and not credentials.access_token_expired
SyntaxError: expected ')', got 'and'
error: Python syntax check failed for '<staging>/wheel/googleapiclient/_auth.py' (no source was executed)"
230,uritemplate,4.2.0,incompatible,syntax,True,False,verified_artifact,1,5,4,uritemplate-4.2.0-py3-none-any.whl,962201ba1c4edcab02e60f9a0d3821e82dfc5d2d6662a21abd533879bdb8a686,>=3.9,"Verified wheel source fails compilation at uritemplate/__init__.py. This is the first concrete blocker; later files were not checked.
Traceback (most recent call last):
  File ""<staging>/wheel/uritemplate/__init__.py"", line 25
    int(i) for i in __version__.split(""."") if i.isdigit()
SyntaxError: expected ')', got 'for'
error: Python syntax check failed for '<staging>/wheel/uritemplate/__init__.py' (no source was executed)"
231,black,26.5.1,incompatible,syntax,True,False,verified_artifact,2,42,40,black-26.5.1-py3-none-any.whl,4ed7f7da04046d2e488437170797d3b4a4ad83906683bcb7dfc68b673bbce5e2,>=3.10,"Verified wheel source fails compilation at black/__init__.py. This is the first concrete blocker; later files were not checked.
Traceback (most recent call last):
  File ""<staging>/wheel/black/__init__.py"", line 101
    cls, *, check: bool, diff: bool, color: bool = False
SyntaxError: expected '@id', got ','
error: Python syntax check failed for '<staging>/wheel/black/__init__.py' (no source was executed)"
232,prometheus-client,0.26.0,incompatible,syntax,True,False,verified_artifact,3,30,27,prometheus_client-0.26.0-py3-none-any.whl,fa93d06737aa02bacd05794768508bb97d2fbee28cb3bca04eaae92f0ca953d6,>=3.9,"Verified wheel source fails compilation at prometheus_client/aiohttp/exposition.py. This is the first concrete blocker; later files were not checked.
Traceback (most recent call last):
  File ""<staging>/wheel/prometheus_client/aiohttp/exposition.py"", line 11
    registry: Collector = REGISTRY,
SyntaxError: expected a literal, got '@id'
error: Python syntax check failed for '<staging>/wheel/prometheus_client/aiohttp/exposition.py' (no source was executed)"
233,jsonpointer,3.1.1,incompatible,syntax,True,False,verified_artifact,1,1,0,jsonpointer-3.1.1-py3-none-any.whl,8ff8b95779d071ba472cf5bc913028df06031797532f08a7d5b602d8b2a488ca,>=3.10,"Verified wheel source fails compilation at jsonpointer.py. This is the first concrete blocker; later files were not checked.
Traceback (most recent call last):
  File ""<staging>/wheel/jsonpointer.py"", line 56
    {'foo': {'another prop': {'baz': 'A string'}, 'anArray': [{'prop': 55}]}}
SyntaxError: invalid escape char
error: Python syntax check failed for '<staging>/wheel/jsonpointer.py' (no source was executed)"
234,google-auth-httplib2,0.4.2,incompatible,syntax,True,False,verified_artifact,1,1,0,google_auth_httplib2-0.4.2-py3-none-any.whl,4298dd6b1415972d0c464b7177e6a69a595e7aec5b972222ecdca342f6009647,>=3.10,"Verified wheel source fails compilation at google_auth_httplib2.py. This is the first concrete blocker; later files were not checked.
Traceback (most recent call last):
  File ""<staging>/wheel/google_auth_httplib2.py"", line 155
    refresh_status_codes=transport.DEFAULT_REFRESH_STATUS_CODES,
SyntaxError: expected a literal, got '@id'
error: Python syntax check failed for '<staging>/wheel/google_auth_httplib2.py' (no source was executed)"
235,sentry-sdk,2.68.1,incompatible,syntax,True,False,verified_artifact,2,193,191,sentry_sdk-2.68.1-py3-none-any.whl,775b78871783a0ffd758276ad01b3bb2b1ebcdad8f9d2f0a7723f76b73c99b65,>=3.6,"Verified wheel source fails compilation at sentry_sdk/_batcher.py. This is the first concrete blocker; later files were not checked.
Traceback (most recent call last):
  File ""<staging>/wheel/sentry_sdk/_batcher.py"", line 19
    MAX_BEFORE_DROP = 1_000
SyntaxError: expected statement end
error: Python syntax check failed for '<staging>/wheel/sentry_sdk/_batcher.py' (no source was executed)"
236,langchain-core,1.6.2,incompatible,syntax,True,False,verified_artifact,3,181,178,langchain_core-1.6.2-py3-none-any.whl,21e6c7cf097c68b777fd69ea00864f09bd9ca76ac73e3e3fa14e1ee366eb4711,"<4.0.0,>=3.10.0","Verified wheel source fails compilation at langchain_core/_api/beta_decorator.py. This is the first concrete blocker; later files were not checked.
Traceback (most recent call last):
  File ""<staging>/wheel/langchain_core/_api/beta_decorator.py"", line 33
    *,
SyntaxError: expected '@id', got ','
error: Python syntax check failed for '<staging>/wheel/langchain_core/_api/beta_decorator.py' (no source was executed)"
237,opentelemetry-instrumentation-threading,0.65b0,incompatible,syntax,True,False,verified_artifact,1,3,2,opentelemetry_instrumentation_threading-0.65b0-py3-none-any.whl,d8a1a1f35418a32769d469ef2d7e8401935e097a8553abcfba833da9c74736ce,>=3.10,"Verified wheel source fails compilation at opentelemetry/instrumentation/threading/__init__.py. This is the first concrete blocker; later files were not checked.
Traceback (most recent call last):
  File ""<staging>/wheel/opentelemetry/instrumentation/threading/__init__.py"", line 142
    finally:
SyntaxError: finally clause is not supported yet
error: Python syntax check failed for '<staging>/wheel/opentelemetry/instrumentation/threading/__init__.py' (no source was executed)"
238,deprecated,1.3.1,incompatible,syntax,True,False,verified_artifact,1,4,3,deprecated-1.3.1-py2.py3-none-any.whl,597bfef186b6f60181535a29fbe44865ce137a5079f295b479886c82729d5f3f,">=2.7, !=3.0.*, !=3.1.*, !=3.2.*, !=3.3.*","Verified wheel source fails compilation at deprecated/__init__.py. This is the first concrete blocker; later files were not checked.
Traceback (most recent call last):
  File ""<staging>/wheel/deprecated/__init__.py"", line 11
    __author__ = u""Laurent LAPORTE <laurent.laporte.pro@gmail.com>""
SyntaxError: expected statement end
error: Python syntax check failed for '<staging>/wheel/deprecated/__init__.py' (no source was executed)"
239,backoff,2.2.1,incompatible,syntax,True,False,verified_artifact,2,9,7,backoff-2.2.1-py3-none-any.whl,63579f9a0628e06278f7e47b7d7d5b6ce20dc65c5e96a6f3ca99a6adca0396e8,">=3.7,<4.0","Verified wheel source fails compilation at backoff/_async.py. This is the first concrete blocker; later files were not checked.
Traceback (most recent call last):
  File ""<staging>/wheel/backoff/_async.py"", line 15
    async def f(*args, **kwargs):
SyntaxError: expected 'def', got '@id'
error: Python syntax check failed for '<staging>/wheel/backoff/_async.py' (no source was executed)"
240,snowflake-connector-python,4.7.3,incompatible,native_only,False,False,metadata,0,,,snowflake_connector_python-4.7.3-cp310-cp310-macosx_14_0_arm64.whl,0e1d89b90288f489daa5390f1867f746febba89dba713471ac24001209e6294e,>=3.10,The selected release has no generic Python3 pure wheel; its published wheels require a platform/ABI or a different Python implementation tag. Artifact bytes were not downloaded. Older releases and source builds were not evaluated.
241,async-timeout,5.0.1,incompatible,syntax,True,False,verified_artifact,1,1,0,async_timeout-5.0.1-py3-none-any.whl,39e3809566ff85354557ec2398b55e096c8364bacac9405a7a1fa429e77fe76c,>=3.8,"Verified wheel source fails compilation at async_timeout/__init__.py. This is the first concrete blocker; later files were not checked.
Traceback (most recent call last):
  File ""<staging>/wheel/async_timeout/__init__.py"", line 169
    async def __aenter__(self) -> ""Timeout"":
SyntaxError: expected statement end
error: Python syntax check failed for '<staging>/wheel/async_timeout/__init__.py' (no source was executed)"
242,google-auth-oauthlib,1.4.1,incompatible,syntax,True,False,verified_artifact,2,6,4,google_auth_oauthlib-1.4.1-py3-none-any.whl,a1be43ec69fe563ac9b2c4d6fc4334b323b21cbdc59a638b5fa34dd4d5a2a348,>=3.10,"Verified wheel source fails compilation at google_auth_oauthlib/flow.py. This is the first concrete blocker; later files were not checked.
Traceback (most recent call last):
  File ""<staging>/wheel/google_auth_oauthlib/flow.py"", line 378
    authorization_prompt_message=_DEFAULT_AUTH_PROMPT_MESSAGE,
SyntaxError: expected a literal, got '@id'
error: Python syntax check failed for '<staging>/wheel/google_auth_oauthlib/flow.py' (no source was executed)"
243,rapidfuzz,3.14.6,incompatible,native_only,False,False,metadata,0,,,rapidfuzz-3.14.6-cp311-cp311-macosx_10_9_x86_64.whl,1c0dd0d765184366b6e213a8af3b0b3bb39dad27943bbfb193515d4ff96ac82a,>=3.11,The selected release has no generic Python3 pure wheel; its published wheels require a platform/ABI or a different Python implementation tag. Artifact bytes were not downloaded. Older releases and source builds were not evaluated.
244,mpmath,1.4.1,incompatible,syntax,True,False,verified_artifact,2,93,91,mpmath-1.4.1-py3-none-any.whl,dc4f0ea2304480d4a9a48a94c1020571558ade522b44a6912efac63a586e140f,>=3.9,"Verified wheel source fails compilation at mpmath/__main__.py. This is the first concrete blocker; later files were not checked.
Traceback (most recent call last):
  File ""<staging>/wheel/mpmath/__main__.py"", line 119
    class MpmathConsole(InteractiveConsole):
SyntaxError: class definition not allowed here
error: Python syntax check failed for '<staging>/wheel/mpmath/__main__.py' (no source was executed)"
245,asn1crypto,1.5.1,incompatible,syntax,True,False,verified_artifact,5,23,18,asn1crypto-1.5.1-py2.py3-none-any.whl,db4e40728b728508912cbb3d44f19ce188f218e9eba635821bb4b68564f8fd67,,"Verified wheel source fails compilation at asn1crypto/_iri.py. This is the first concrete blocker; later files were not checked.
Traceback (most recent call last):
  File ""<staging>/wheel/asn1crypto/_iri.py"", line 217
    def _try_unescape(match):
SyntaxError: expected '@id', got 'match'
error: Python syntax check failed for '<staging>/wheel/asn1crypto/_iri.py' (no source was executed)"
246,httplib2,0.32.0,incompatible,syntax,True,False,verified_artifact,1,6,5,httplib2-0.32.0-py3-none-any.whl,dc6705cacdf3fb0a2aba7629fa33c90fd93e30035db0c157325826be177e4816,>=3.8,"Verified wheel source fails compilation at httplib2/__init__.py. This is the first concrete blocker; later files were not checked.
Traceback (most recent call last):
  File ""<staging>/wheel/httplib2/__init__.py"", line 287
    for (key, value) in headers.items()
SyntaxError: expected '@id', got '('
error: Python syntax check failed for '<staging>/wheel/httplib2/__init__.py' (no source was executed)"
247,opentelemetry-exporter-otlp,1.44.0,unverified,unverified,True,True,verified_artifact,1,1,0,opentelemetry_exporter_otlp-1.44.0-py3-none-any.whl,4a498fa8d8fd8be9e8e2d175fe5524a3fe581ccffadd8509db86526a5fb97051,>=3.10,"All 1 Python source files compile. Imports, runtime APIs, dependency closure, assets, and behavior were not exercised; this is not a tested compatibility result."
248,ipython,9.17.1,incompatible,syntax,True,False,verified_artifact,5,173,168,ipython-9.17.1-py3-none-any.whl,6d1645743cfd1a07eb695d85aa2b5fa66721f8cbae9431d4049f7084bbf06509,>=3.11,"Verified wheel source fails compilation at IPython/core/alias.py. This is the first concrete blocker; later files were not checked.
Traceback (most recent call last):
  File ""<staging>/wheel/IPython/core/alias.py"", line 146
    else:
SyntaxError: expected an expression, got else
error: Python syntax check failed for '<staging>/wheel/IPython/core/alias.py' (no source was executed)"
249,awscli,1.46.1,unverified,limits,True,False,verified_artifact,0,,,awscli-1.46.1-py3-none-any.whl,68701ad24347c63b5b145b7aa32391ce7e04f328057dd5aa0537a07c0d0b7cc3,>=3.10,"wheel exceeds 10,000 members or 120 MiB expanded-size limit"
250,pytest-xdist,3.8.0,incompatible,syntax,True,False,verified_artifact,2,18,16,pytest_xdist-3.8.0-py3-none-any.whl,202ca578cfeb7370784a8c33d6d05bc6e13b4f25b5053c30a152269fd10f0b88,>=3.9,"Verified wheel source fails compilation at xdist/_path.py. This is the first concrete blocker; later files were not checked.
Traceback (most recent call last):
  File ""<staging>/wheel/xdist/_path.py"", line 9
    path: Path, *, filter: Callable[[Path], bool], recurse: Callable[[Path], bool]
SyntaxError: expected '@id', got ','
error: Python syntax check failed for '<staging>/wheel/xdist/_path.py' (no source was executed)"
251,narwhals,2.25.0,incompatible,syntax,True,False,verified_artifact,3,162,159,narwhals-2.25.0-py3-none-any.whl,1f0f403e8c7e4463cde9bfe78b12fdd809e3ae3dda6d9b2f802934fb9c7a6a8f,>=3.10,"Verified wheel source fails compilation at narwhals/_arrow/dataframe.py. This is the first concrete blocker; later files were not checked.
Traceback (most recent call last):
  File ""<staging>/wheel/narwhals/_arrow/dataframe.py"", line 86
    class ArrowDataFrame(
SyntaxError: expected ')', got '@eol'
error: Python syntax check failed for '<staging>/wheel/narwhals/_arrow/dataframe.py' (no source was executed)"
252,librt,0.15.0,incompatible,native_only,False,False,metadata,0,,,librt-0.15.0-cp310-cp310-macosx_10_9_x86_64.whl,e1a49adf16a7c9d9646816c2946135527197b6fcf4347c7b8b761cf1bfbf4489,>=3.9,The selected release has no generic Python3 pure wheel; its published wheels require a platform/ABI or a different Python implementation tag. Artifact bytes were not downloaded. Older releases and source builds were not evaluated.
253,aiofiles,25.1.0,incompatible,syntax,True,False,verified_artifact,2,10,8,aiofiles-25.1.0-py3-none-any.whl,abe311e527c862958650f9438e859c1fa7568a141b22abcd015e120e86a85695,>=3.9,"Verified wheel source fails compilation at aiofiles/base.py. This is the first concrete blocker; later files were not checked.
Traceback (most recent call last):
  File ""<staging>/wheel/aiofiles/base.py"", line 9
    async def run(*args, loop=None, executor=None, **kwargs):
SyntaxError: expected 'def', got '@id'
error: Python syntax check failed for '<staging>/wheel/aiofiles/base.py' (no source was executed)"
254,types-requests,2.33.0.20260712,unverified,unverified,True,True,verified_artifact,0,0,0,types_requests-2.33.0.20260712-py3-none-any.whl,de027e28c171d3da529689cbfa023b0b4eab188c8dfa22fd834eebd2cee6e7bb,>=3.10,"The wheel contains no .py source files to compile; it may be a stub, data, or dependency-only distribution. Dependencies, runtime APIs, assets, and behavior were not exercised."
255,msal-extensions,1.3.1,incompatible,syntax,True,False,verified_artifact,5,8,3,msal_extensions-1.3.1-py3-none-any.whl,96d3de4d034504e969ac5e85bae8106c8373b5c6568e4c8fa7af2eca9dbe6bca,>=3.9,"Verified wheel source fails compilation at msal_extensions/osx.py. This is the first concrete blocker; later files were not checked.
Traceback (most recent call last):
  File ""<staging>/wheel/msal_extensions/osx.py"", line 26
    .format(self.exit_status))
SyntaxError: expected ')', got '.'
error: Python syntax check failed for '<staging>/wheel/msal_extensions/osx.py' (no source was executed)"
256,poetry-core,2.4.1,incompatible,syntax,True,False,verified_artifact,2,146,144,poetry_core-2.4.1-py3-none-any.whl,acf06f9537cd2625bdaec926d95d90b557ba15353bc71d27a3a8a441042b5316,">=3.10, <4.0","Verified wheel source fails compilation at poetry/core/_vendor/fastjsonschema/__init__.py. This is the first concrete blocker; later files were not checked.
Traceback (most recent call last):
  File ""<staging>/wheel/poetry/core/_vendor/fastjsonschema/__init__.py"", line 128
    def validate(definition, data, handlers={}, formats={}, use_default=True, use_formats=True, detailed_exceptions=True):
SyntaxError: expected a literal, got '{'
error: Python syntax check failed for '<staging>/wheel/poetry/core/_vendor/fastjsonschema/__init__.py' (no source was executed)"
257,datasets,5.0.1,incompatible,syntax,True,False,verified_artifact,2,138,136,datasets-5.0.1-py3-none-any.whl,9fbf73688f8c18f7529b4fe592abd04015f81d1e58001e4bac73ffb2b39d7cc4,>=3.10.0,"Verified wheel source fails compilation at datasets/arrow_dataset.py. This is the first concrete blocker; later files were not checked.
Traceback (most recent call last):
  File ""<staging>/wheel/datasets/arrow_dataset.py"", line 327
    ""Nested types and image/audio types are not supported yet.""
SyntaxError: expected ')', got '@str'
error: Python syntax check failed for '<staging>/wheel/datasets/arrow_dataset.py' (no source was executed)"
258,pypdf,6.17.0,incompatible,syntax,True,False,verified_artifact,1,57,56,pypdf-6.17.0-py3-none-any.whl,5bd827266a21553b74d910e350131a6227b72f2ab4209bf372814b8195fa11c5,>=3.9,"Verified wheel source fails compilation at pypdf/__init__.py. This is the first concrete blocker; later files were not checked.
Traceback (most recent call last):
  File ""<staging>/wheel/pypdf/__init__.py"", line 30
    f""pypdf=={__version__}, {crypt_provider=}, PIL={pil_version}""
SyntaxError: expected an expression, got =
error: Python syntax check failed for '<staging>/wheel/pypdf/__init__.py' (no source was executed)"
259,execnet,2.1.2,incompatible,syntax,True,False,verified_artifact,3,17,14,execnet-2.1.2-py3-none-any.whl,67fba928dd5a544b783f6056f449e5e3931a5c378b128bc18501f7ea79e296ec,>=3.8,"Verified wheel source fails compilation at execnet/gateway.py. This is the first concrete blocker; later files were not checked.
Traceback (most recent call last):
  File ""<staging>/wheel/execnet/gateway.py"", line 88
    finally:
SyntaxError: finally clause is not supported yet
error: Python syntax check failed for '<staging>/wheel/execnet/gateway.py' (no source was executed)"
260,traitlets,5.16.1,incompatible,syntax,True,False,verified_artifact,2,24,22,traitlets-5.16.1-py3-none-any.whl,f775618166caa0396c8e337099240f2bd3e5e917d203b2e6fbe21a58d3cb1f6b,>=3.10,"Verified wheel source fails compilation at traitlets/_version.py. This is the first concrete blocker; later files were not checked.
Traceback (most recent call last):
  File ""<staging>/wheel/traitlets/_version.py"", line 14
    match = re.match(pattern, __version__)
SyntaxError: expected an expression, got =
error: Python syntax check failed for '<staging>/wheel/traitlets/_version.py' (no source was executed)"
261,cloudpickle,3.1.2,incompatible,syntax,True,False,verified_artifact,2,3,1,cloudpickle-3.1.2-py3-none-any.whl,9acb47f6afd73f60dc1df93bb801b472f05ff42fa6c84167d25cb206be1fbf4a,>=3.8,"Verified wheel source fails compilation at cloudpickle/cloudpickle.py. This is the first concrete blocker; later files were not checked.
Traceback (most recent call last):
  File ""<staging>/wheel/cloudpickle/cloudpickle.py"", line 162
    ""`import` statement to access it?""
SyntaxError: expected ')', got '@str'
error: Python syntax check failed for '<staging>/wheel/cloudpickle/cloudpickle.py' (no source was executed)"
262,asgiref,3.12.1,incompatible,syntax,True,False,verified_artifact,2,10,8,asgiref-3.12.1-py3-none-any.whl,fe386d1c2bff7259ea95929266d12a8cf9a8b5a1c2598402967d8792e7a7c094,>=3.10,"Verified wheel source fails compilation at asgiref/compatibility.py. This is the first concrete blocker; later files were not checked.
Traceback (most recent call last):
  File ""<staging>/wheel/asgiref/compatibility.py"", line 33
    async def new_application(scope, receive, send):
SyntaxError: expected statement end
error: Python syntax check failed for '<staging>/wheel/asgiref/compatibility.py' (no source was executed)"
263,ydb,3.31.4,incompatible,syntax,True,False,verified_artifact,4,657,653,ydb-3.31.4-py3-none-any.whl,e9da4609723615180b0a3cfe296b107258b8e49a1c4742c4d128a515c7d09502,>=3.10,"Verified wheel source fails compilation at tests/aio/query/conftest.py. This is the first concrete blocker; later files were not checked.
Traceback (most recent call last):
  File ""<staging>/wheel/tests/aio/query/conftest.py"", line 12
    async def session(driver):
SyntaxError: expected 'def', got '@id'
error: Python syntax check failed for '<staging>/wheel/tests/aio/query/conftest.py' (no source was executed)"
264,paramiko,5.0.0,incompatible,syntax,True,False,verified_artifact,2,41,39,paramiko-5.0.0-py3-none-any.whl,b7044611c30140d9a75261653210e2002977b71a0497ff3ba0d98d7edbf62f7c,>=3.9,"Verified wheel source fails compilation at paramiko/_winapi.py. This is the first concrete blocker; later files were not checked.
Traceback (most recent call last):
  File ""<staging>/wheel/paramiko/_winapi.py"", line 147
    if self.security_attributes
SyntaxError: expected ')', got 'if'
error: Python syntax check failed for '<staging>/wheel/paramiko/_winapi.py' (no source was executed)"
265,jsonpatch,1.33,incompatible,syntax,True,False,verified_artifact,1,1,0,jsonpatch-1.33-py2.py3-none-any.whl,0ae28c0cd062bbd8b8ecc26d7d164fbbea9652a1a3693f3b956c1eae5145dade,">=2.7, !=3.0.*, !=3.1.*, !=3.2.*, !=3.3.*, !=3.4.*, !=3.5.*, !=3.6.*","Verified wheel source fails compilation at jsonpatch.py. This is the first concrete blocker; later files were not checked.
Traceback (most recent call last):
  File ""<staging>/wheel/jsonpatch.py"", line 97
    class JsonPatchTestFailed(JsonPatchException, AssertionError):
SyntaxError: expected ')', got ','
error: Python syntax check failed for '<staging>/wheel/jsonpatch.py' (no source was executed)"
266,sqlparse,0.6.0,incompatible,syntax,True,False,verified_artifact,3,21,18,sqlparse-0.6.0-py3-none-any.whl,b861c0288ce2fa56209a9a6412d2e066ac664b3873b89c26c9d8415e8e32996f,>=3.10,"Verified wheel source fails compilation at sqlparse/cli.py. This is the first concrete blocker; later files were not checked.
Traceback (most recent call last):
  File ""<staging>/wheel/sqlparse/cli.py"", line 71
    ', '.join(f'""{x}""' for x in _CASE_CHOICES)))
SyntaxError: expected ')', got 'for'
error: Python syntax check failed for '<staging>/wheel/sqlparse/cli.py' (no source was executed)"
267,google-cloud-secret-manager,2.30.0,incompatible,syntax,True,False,verified_artifact,3,50,47,google_cloud_secret_manager-2.30.0-py3-none-any.whl,0f285e77d09a73700e3fca9abbc77f844a50276989bf76d64a76b6e2b871e396,>=3.10,"Verified wheel source fails compilation at google/cloud/secretmanager_v1/__init__.py. This is the first concrete blocker; later files were not checked.
Traceback (most recent call last):
  File ""<staging>/wheel/google/cloud/secretmanager_v1/__init__.py"", line 77
    + f""({_py_version_str}).  Google will not post any further ""
SyntaxError: expected ')', got '+'
error: Python syntax check failed for '<staging>/wheel/google/cloud/secretmanager_v1/__init__.py' (no source was executed)"
268,pyproject-hooks,1.2.0,incompatible,syntax,True,False,verified_artifact,2,4,2,pyproject_hooks-1.2.0-py3-none-any.whl,9e5c6bfa8dcc30091c74b0cf803c81fdd29d94f01992a7707bc97babb1141913,>=3.7,"Verified wheel source fails compilation at pyproject_hooks/_impl.py. This is the first concrete blocker; later files were not checked.
Traceback (most recent call last):
  File ""<staging>/wheel/pyproject_hooks/_impl.py"", line 175
    finally:
SyntaxError: finally clause is not supported yet
error: Python syntax check failed for '<staging>/wheel/pyproject_hooks/_impl.py' (no source was executed)"
269,webencodings,0.6.1,incompatible,syntax,True,False,verified_artifact,1,3,2,webencodings-0.6.1-py3-none-any.whl,7fab6269c8bf237c657876b52058ccb182e861518d1c695c1a9aaa8c1c105d5b,>=3.10,"Verified wheel source fails compilation at webencodings/__init__.py. This is the first concrete blocker; later files were not checked.
Traceback (most recent call last):
  File ""<staging>/wheel/webencodings/__init__.py"", line 174
    def encode(input, encoding=UTF8, errors='strict'):
SyntaxError: expected a literal, got '@id'
error: Python syntax check failed for '<staging>/wheel/webencodings/__init__.py' (no source was executed)"
270,fastjsonschema,2.22.2,incompatible,syntax,True,False,verified_artifact,1,11,10,fastjsonschema-2.22.2-py3-none-any.whl,0fb3915616adac85ccfdd737d26be1089845d2019819505b42d39888458f74d4,>=3.10,"Verified wheel source fails compilation at fastjsonschema/__init__.py. This is the first concrete blocker; later files were not checked.
Traceback (most recent call last):
  File ""<staging>/wheel/fastjsonschema/__init__.py"", line 138
    handlers: dict = {},
SyntaxError: expected a literal, got '{'
error: Python syntax check failed for '<staging>/wheel/fastjsonschema/__init__.py' (no source was executed)"
271,authlib,1.8.0,incompatible,syntax,True,False,verified_artifact,2,212,210,authlib-1.8.0-py2.py3-none-any.whl,88aebbd9af6757e14e912d5dc007ae1dc1f3e27e3b2152ce7c552ee2c3b3c121,>=3.10,"Verified wheel source fails compilation at authlib/_joserfc_helpers.py. This is the first concrete blocker; later files were not checked.
Traceback (most recent call last):
  File ""<staging>/wheel/authlib/_joserfc_helpers.py"", line 24
    and data.strip().startswith(""{"")
SyntaxError: expected ')', got 'and'
error: Python syntax check failed for '<staging>/wheel/authlib/_joserfc_helpers.py' (no source was executed)"
272,psycopg,3.3.5,incompatible,syntax,True,False,verified_artifact,1,83,82,psycopg-3.3.5-py3-none-any.whl,ce5aa5cdb4f9379f00f487590e5890bfa7df9a164648c969ffa628505e21af4e,>=3.10,"Verified wheel source fails compilation at psycopg/__init__.py. This is the first concrete blocker; later files were not checked.
Traceback (most recent call last):
  File ""<staging>/wheel/psycopg/__init__.py"", line 37
    if (logger := logging.getLogger(""psycopg"")).level == logging.NOTSET:
SyntaxError: expected ')', got ':'
error: Python syntax check failed for '<staging>/wheel/psycopg/__init__.py' (no source was executed)"
273,build,1.6.0,incompatible,syntax,True,False,verified_artifact,2,13,11,build-1.6.0-py3-none-any.whl,f7aaf1ebbb79178a02ba248bb524f2176b256017e17e8e4bd4289c7b38cc2bad,>= 3.10,"Verified wheel source fails compilation at build/__main__.py. This is the first concrete blocker; later files were not checked.
Traceback (most recent call last):
  File ""<staging>/wheel/build/__main__.py"", line 95
    'red': '\33[91m',
SyntaxError: invalid escape char
error: Python syntax check failed for '<staging>/wheel/build/__main__.py' (no source was executed)"
274,grpc-google-iam-v1,0.14.5,incompatible,syntax,True,False,verified_artifact,2,10,8,grpc_google_iam_v1-0.14.5-py3-none-any.whl,0f5e680b20aa0a9441e68c769da04d94d70fca4e43751a82d8abb8aa6a7181ca,>=3.10,"Verified wheel source fails compilation at google/iam/v1/iam_policy_pb2.py. This is the first concrete blocker; later files were not checked.
Traceback (most recent call last):
  File ""<staging>/wheel/google/iam/v1/iam_policy_pb2.py"", line 54
    ]._serialized_options = b""\n\021com.google.iam.v1B\016IamPolicyProtoP\001Z)cloud.google.com/go/iam/apiv1/iampb;iampb\252\002\023Google.Cloud.Iam.V1\312\002\023Google\\Cloud\\Iam\\V1""
SyntaxError: invalid escape char
error: Python syntax check failed for '<staging>/wheel/google/iam/v1/iam_policy_pb2.py' (no source was executed)"
275,gunicorn,26.2.0,incompatible,syntax,True,False,verified_artifact,5,68,63,gunicorn-26.2.0-py3-none-any.whl,bd249d0b3f7972f7432f0a6b6ff3b3ee2d129f70cd1ff6c09a9dd9e29a2b88e3,>=3.10,"Verified wheel source fails compilation at gunicorn/app/pasterapp.py. This is the first concrete blocker; later files were not checked.
Traceback (most recent call last):
  File ""<staging>/wheel/gunicorn/app/pasterapp.py"", line 34
    A Paste Deployment server runner.
SyntaxError: invalid escape char
error: Python syntax check failed for '<staging>/wheel/gunicorn/app/pasterapp.py' (no source was executed)"
276,executing,2.2.1,incompatible,syntax,True,False,verified_artifact,1,7,6,executing-2.2.1-py2.py3-none-any.whl,760643d3452b4d777d295bb167ccc74c64a81df23fb5e08eff250c425a4b2017,>=3.8,"Verified wheel source fails compilation at executing/__init__.py. This is the first concrete blocker; later files were not checked.
Traceback (most recent call last):
  File ""<staging>/wheel/executing/__init__.py"", line 24
    else:
SyntaxError: expected an expression, got else
error: Python syntax check failed for '<staging>/wheel/executing/__init__.py' (no source was executed)"
277,databricks-sdk,0.135.0,incompatible,syntax,True,False,verified_artifact,2,90,88,databricks_sdk-0.135.0-py3-none-any.whl,97bc7f4f969e54e7a40946f20c8de5df1c7f3e384520eba5dcf4beeab631ecae,>=3.10,"Verified wheel source fails compilation at databricks/sdk/__init__.py. This is the first concrete blocker; later files were not checked.
Traceback (most recent call last):
  File ""<staging>/wheel/databricks/sdk/__init__.py"", line 290
    *,
SyntaxError: expected '@id', got ','
error: Python syntax check failed for '<staging>/wheel/databricks/sdk/__init__.py' (no source was executed)"
278,isort,9.0.1,incompatible,syntax,True,False,verified_artifact,3,45,42,isort-9.0.1-py3-none-any.whl,5aac7263b7a7f9f647f94fb6df2761ff5b60a7168eb492ff39dd30443207fa19,>=3.10.0,"Verified wheel source fails compilation at isort/_parse_utils.py. This is the first concrete blocker; later files were not checked.
Traceback (most recent call last):
  File ""<staging>/wheel/isort/_parse_utils.py"", line 71
    for part in (part.strip() for part in line.split("";"")):
SyntaxError: expected ')', got 'for'
error: Python syntax check failed for '<staging>/wheel/isort/_parse_utils.py' (no source was executed)"
279,joserfc,1.7.5,incompatible,syntax,True,False,verified_artifact,5,55,50,joserfc-1.7.5-py3-none-any.whl,add2c2c84e8373b084d526a8b53daba5d7a513a118cd2dcd9fc9f979d0922159,>=3.10,"Verified wheel source fails compilation at joserfc/_rfc7515/json.py. This is the first concrete blocker; later files were not checked.
Traceback (most recent call last):
  File ""<staging>/wheel/joserfc/_rfc7515/json.py"", line 62
    data: FlattenedJSONSerialization = {""payload"": payload_segment.decode(""utf-8""), **signature}
SyntaxError: expected ':', got '}'
error: Python syntax check failed for '<staging>/wheel/joserfc/_rfc7515/json.py' (no source was executed)"
280,azure-storage-blob,12.30.1,incompatible,syntax,True,False,verified_artifact,2,79,77,azure_storage_blob-12.30.1-py3-none-any.whl,7dc09c37f4f58508e20532b4b4c178f4763f41b01e0b9063835b994fd9d2a7b3,>=3.9,"Verified wheel source fails compilation at azure/storage/blob/_blob_client.py. This is the first concrete blocker; later files were not checked.
Traceback (most recent call last):
  File ""<staging>/wheel/azure/storage/blob/_blob_client.py"", line 92
    class BlobClient(StorageAccountHostsMixin, StorageEncryptionMixin):  # pylint: disable=too-many-public-methods
SyntaxError: expected ')', got ','
error: Python syntax check failed for '<staging>/wheel/azure/storage/blob/_blob_client.py' (no source was executed)"
281,jedi,0.20.0,incompatible,syntax,True,False,verified_artifact,2,84,82,jedi-0.20.0-py2.py3-none-any.whl,7bdd9c2634f56713299976f4cbd59cb3fa92165cc5e05ea811fb253480728b67,>=3.10,"Verified wheel source fails compilation at jedi/__main__.py. This is the first concrete blocker; later files were not checked.
Traceback (most recent call last):
  File ""<staging>/wheel/jedi/__main__.py"", line 59
    else:
SyntaxError: expected an expression, got else
error: Python syntax check failed for '<staging>/wheel/jedi/__main__.py' (no source was executed)"
282,parso,0.8.7,incompatible,syntax,True,False,verified_artifact,3,21,18,parso-0.8.7-py2.py3-none-any.whl,a8926eb2a1b915486941fdbd31e86a4baf88fe8c210f25f2f35ecec5b574ca1c,>=3.6,"Verified wheel source fails compilation at parso/cache.py. This is the first concrete blocker; later files were not checked.
Traceback (most recent call last):
  File ""<staging>/wheel/parso/cache.py"", line 146
    finally:
SyntaxError: finally clause is not supported yet
error: Python syntax check failed for '<staging>/wheel/parso/cache.py' (no source was executed)"
283,babel,2.18.0,incompatible,syntax,True,False,verified_artifact,2,27,25,babel-2.18.0-py3-none-any.whl,e2b422b277c2b9a9630c1d7903c2a00d0830c409c59ac8cae9081c92f1aeba35,>=3.8,"Verified wheel source fails compilation at babel/core.py. This is the first concrete blocker; later files were not checked.
Traceback (most recent call last):
  File ""<staging>/wheel/babel/core.py"", line 515
    The localized display name of the locale.
SyntaxError: invalid escape char
error: Python syntax check failed for '<staging>/wheel/babel/core.py' (no source was executed)"
284,asttokens,3.0.2,incompatible,syntax,True,False,verified_artifact,3,7,4,asttokens-3.0.2-py3-none-any.whl,9da13157f5b28becde0bd374fc677dcd3c290614264eff096f167c469cd9f933,>=3.8,"Verified wheel source fails compilation at asttokens/asttokens.py. This is the first concrete blocker; later files were not checked.
Traceback (most recent call last):
  File ""<staging>/wheel/asttokens/asttokens.py"", line 30
    class ASTTextBase(metaclass=abc.ABCMeta):
SyntaxError: expected ')', got '='
error: Python syntax check failed for '<staging>/wheel/asttokens/asttokens.py' (no source was executed)"
285,psycopg-binary,3.3.5,incompatible,native_only,False,False,metadata,0,,,psycopg_binary-3.3.5-cp310-cp310-macosx_10_9_x86_64.whl,cd0faa2475ab254ad1b507430131cf7f7f0be927ffdc03c32ad3b33d2ef63f42,>=3.10,The selected release has no generic Python3 pure wheel; its published wheels require a platform/ABI or a different Python implementation tag. Artifact bytes were not downloaded. Older releases and source builds were not evaluated.
286,google-cloud-aiplatform,2.1.0,incompatible,syntax,True,False,verified_artifact,2,1689,1687,google_cloud_aiplatform-2.1.0-py2.py3-none-any.whl,de5c6dace6cb81943fc6ee1fad02f7a02e9b18e50c24b267bd9627f6b9cd3d14,>=3.10,"Verified wheel source fails compilation at agentplatform/_genai/__init__.py. This is the first concrete blocker; later files were not checked.
Traceback (most recent call last):
  File ""<staging>/wheel/agentplatform/_genai/__init__.py"", line 35
    ) from e
SyntaxError: expected statement end
error: Python syntax check failed for '<staging>/wheel/agentplatform/_genai/__init__.py' (no source was executed)"
287,matplotlib-inline,0.2.2,incompatible,syntax,True,False,verified_artifact,1,3,2,matplotlib_inline-0.2.2-py3-none-any.whl,3c821cf1c209f59fb2d2d64abbf5b23b67bcb2210d663f9918dd851c6da1fcf6,>=3.9,"Verified wheel source fails compilation at matplotlib_inline/__init__.py. This is the first concrete blocker; later files were not checked.
Traceback (most recent call last):
  File ""<staging>/wheel/matplotlib_inline/__init__.py"", line 8
    version_info = tuple(int(s) for s in __version__.split(""."")[:3])
SyntaxError: expected ')', got 'for'
error: Python syntax check failed for '<staging>/wheel/matplotlib_inline/__init__.py' (no source was executed)"
288,cython,3.3.0,incompatible,syntax,True,False,verified_artifact,1,128,127,cython-3.3.0-py3-none-any.whl,9b24b5c8cd536946b62086fcafee6d5509d3f549f72d553d2336af87ffbe0da1,>=3.9,"Verified wheel source fails compilation at Cython/Build/BuildExecutable.py. This is the first concrete blocker; later files were not checked.
Traceback (most recent call last):
  File ""<staging>/wheel/Cython/Build/BuildExecutable.py"", line 98
    + [PYLIB_DYN and ('-l'+PYLIB_DYN) or os.path.join(LIBDIR1, PYLIB)]
SyntaxError: expected ')', got '+'
error: Python syntax check failed for '<staging>/wheel/Cython/Build/BuildExecutable.py' (no source was executed)"
289,tornado,6.5.8,incompatible,native_only,False,False,metadata,0,,,tornado-6.5.8-cp39-abi3-macosx_10_9_universal2.whl,cc6aa787d7cfab7c3d35189dc7a56fbd2399a569624c730c6b55b3d6531d0403,>=3.9,The selected release has no generic Python3 pure wheel; its published wheels require a platform/ABI or a different Python implementation tag. Artifact bytes were not downloaded. Older releases and source builds were not evaluated.
290,markdown,3.10.3,incompatible,syntax,True,False,verified_artifact,5,33,28,markdown-3.10.3-py3-none-any.whl,fa6c92a00a4a3c98b22728c64a935ae1928250ae65058a6ded814d2cc29a4cea,>=3.10,"Verified wheel source fails compilation at markdown/blockprocessors.py. This is the first concrete blocker; later files were not checked.
Traceback (most recent call last):
  File ""<staging>/wheel/markdown/blockprocessors.py"", line 580
    r'^[ ]{0,3}\[([^\[\]]*)\]:[ ]*\n?[ ]*([^\s]+)[ ]*(?:\n[ ]*)?(([""\'])(.*)\4[ ]*|\((.*)\)[ ]*)?$', re.MULTILINE
SyntaxError: expected newline after line continuation character
error: Python syntax check failed for '<staging>/wheel/markdown/blockprocessors.py' (no source was executed)"
291,setuptools-scm,10.2.3,incompatible,syntax,True,False,verified_artifact,3,22,19,setuptools_scm-10.2.3-py3-none-any.whl,7fcf8ff55c95eb8b572a23c81495e5559b9b90f3e82fcf0952bb76c37de27a81,>=3.8,"Verified wheel source fails compilation at setuptools_scm/_compat_helpers.py. This is the first concrete blocker; later files were not checked.
Traceback (most recent call last):
  File ""<staging>/wheel/setuptools_scm/_compat_helpers.py"", line 42
    finally:
SyntaxError: finally clause is not supported yet
error: Python syntax check failed for '<staging>/wheel/setuptools_scm/_compat_helpers.py' (no source was executed)"
292,xmltodict,1.0.4,incompatible,syntax,True,False,verified_artifact,1,1,0,xmltodict-1.0.4-py3-none-any.whl,a4a00d300b0e1c59fc2bfccb53d7b2e88c32f200df138a0dd2229f842497026a,>=3.9,"Verified wheel source fails compilation at xmltodict.py. This is the first concrete blocker; later files were not checked.
Traceback (most recent call last):
  File ""<staging>/wheel/xmltodict.py"", line 19
    item_callback=lambda *args: True,
SyntaxError: expected a literal, got 'lambda'
error: Python syntax check failed for '<staging>/wheel/xmltodict.py' (no source was executed)"
293,pydantic-ai-slim,2.40.0,incompatible,syntax,True,False,verified_artifact,3,305,302,pydantic_ai_slim-2.40.0-py3-none-any.whl,c943543939a6a8ad490c8dd48429957cb6b2d6479f0a47332253b6f8fbc5d993,>=3.10,"Verified wheel source fails compilation at pydantic_ai/_agent_graph.py. This is the first concrete blocker; later files were not checked.
Traceback (most recent call last):
  File ""<staging>/wheel/pydantic_ai/_agent_graph.py"", line 168
    finally:
SyntaxError: finally clause is not supported yet
error: Python syntax check failed for '<staging>/wheel/pydantic_ai/_agent_graph.py' (no source was executed)"
294,stack-data,0.6.3,incompatible,syntax,True,False,verified_artifact,2,6,4,stack_data-0.6.3-py3-none-any.whl,d5558e0c25a4cb0853cddad3d77da9891a08cb85dd9f9f91b9f8cd66e511e695,,"Verified wheel source fails compilation at stack_data/core.py. This is the first concrete blocker; later files were not checked.
Traceback (most recent call last):
  File ""<staging>/wheel/stack_data/core.py"", line 65
    class Variable(
SyntaxError: expected ')', got '@eol'
error: Python syntax check failed for '<staging>/wheel/stack_data/core.py' (no source was executed)"
295,pure-eval,0.2.3,incompatible,syntax,True,False,verified_artifact,2,5,3,pure_eval-0.2.3-py3-none-any.whl,1db8e35b67b3d218d818ae653e27f06c3aa420901fa7b081ca98cbedc874e0d0,,"Verified wheel source fails compilation at pure_eval/core.py. This is the first concrete blocker; later files were not checked.
Traceback (most recent call last):
  File ""<staging>/wheel/pure_eval/core.py"", line 139
    or len(args) == 0
SyntaxError: expected ')', got 'or'
error: Python syntax check failed for '<staging>/wheel/pure_eval/core.py' (no source was executed)"
296,asyncpg,0.31.0,incompatible,native_only,False,False,metadata,0,,,asyncpg-0.31.0-cp310-cp310-macosx_10_9_x86_64.whl,831712dd3cf117eec68575a9b50da711893fd63ebe277fc155ecae1c6c9f0f61,>=3.9.0,The selected release has no generic Python3 pure wheel; its published wheels require a platform/ABI or a different Python implementation tag. Artifact bytes were not downloaded. Older releases and source builds were not evaluated.
297,gcsfs,2026.8.0,incompatible,syntax,True,False,verified_artifact,2,18,16,gcsfs-2026.8.0-py3-none-any.whl,adf616a543ac38557ae87dcf6a282020fad54cdd6778cc9e30ab01a85ef91fdc,>=3.10,"Verified wheel source fails compilation at gcsfs/_dircache.py. This is the first concrete blocker; later files were not checked.
Traceback (most recent call last):
  File ""<staging>/wheel/gcsfs/_dircache.py"", line 41
    async def _mv_file_cache_update(self, path1, path2, response=None):
SyntaxError: expected statement end
error: Python syntax check failed for '<staging>/wheel/gcsfs/_dircache.py' (no source was executed)"
298,google-cloud-batch,0.22.3,incompatible,syntax,True,False,verified_artifact,4,42,38,google_cloud_batch-0.22.3-py3-none-any.whl,729eae42df829996a799d14b808e8e4fffc090349bb7b96e781d1f8660a1704f,>=3.10,"Verified wheel source fails compilation at google/cloud/batch_v1/_compat.py. This is the first concrete blocker; later files were not checked.
Traceback (most recent call last):
  File ""<staging>/wheel/google/cloud/batch_v1/_compat.py"", line 179
    default_universe: str,
SyntaxError: expected '=', got ','
error: Python syntax check failed for '<staging>/wheel/google/cloud/batch_v1/_compat.py' (no source was executed)"
299,marshmallow,4.3.1,incompatible,syntax,True,False,verified_artifact,2,14,12,marshmallow-4.3.1-py3-none-any.whl,e65accfbe277546df92ed7996a678c90e063e9a7c2a2f5e03f7d0b90e3768c42,>=3.10,"Verified wheel source fails compilation at marshmallow/class_registry.py. This is the first concrete blocker; later files were not checked.
Traceback (most recent call last):
  File ""<staging>/wheel/marshmallow/class_registry.py"", line 58
    each.__module__ == module for each in _registry[classname]
SyntaxError: expected ')', got 'for'
error: Python syntax check failed for '<staging>/wheel/marshmallow/class_registry.py' (no source was executed)"
300,cachecontrol,0.14.4,incompatible,syntax,True,False,verified_artifact,3,12,9,cachecontrol-0.14.4-py3-none-any.whl,b7ac014ff72ee199b5f8af1de29d60239954f223e948196fa3d84adaffc71d2b,>=3.10,"Verified wheel source fails compilation at cachecontrol/adapter.py. This is the first concrete blocker; later files were not checked.
Traceback (most recent call last):
  File ""<staging>/wheel/cachecontrol/adapter.py"", line 37
    *args: Any,
SyntaxError: *args should be placed before **kwargs
error: Python syntax check failed for '<staging>/wheel/cachecontrol/adapter.py' (no source was executed)"
301,langsmith,0.12.1,incompatible,syntax,True,False,verified_artifact,2,299,297,langsmith-0.12.1-py3-none-any.whl,34574d4411947f62825e8368fd172cad2505ddfb73bf5d8ed7c0e7a41e4c4879,>=3.10,"Verified wheel source fails compilation at langsmith/_expect.py. This is the first concrete blocker; later files were not checked.
Traceback (most recent call last):
  File ""<staging>/wheel/langsmith/_expect.py"", line 129
    raise e from None
SyntaxError: expected statement end
error: Python syntax check failed for '<staging>/wheel/langsmith/_expect.py' (no source was executed)"
302,python-json-logger,4.2.0,incompatible,syntax,True,False,verified_artifact,2,9,7,python_json_logger-4.2.0-py3-none-any.whl,158a52126fcd6869e09574d2b66272666f3dc8f468c62637ef9a1fa883719cb9,>=3.10,"Verified wheel source fails compilation at pythonjsonlogger/core.py. This is the first concrete blocker; later files were not checked.
Traceback (most recent call last):
  File ""<staging>/wheel/pythonjsonlogger/core.py"", line 129
    *,
SyntaxError: *args should be placed before **kwargs
error: Python syntax check failed for '<staging>/wheel/pythonjsonlogger/core.py' (no source was executed)"
303,vcs-versioning,2.3.4,incompatible,syntax,True,False,verified_artifact,1,54,53,vcs_versioning-2.3.4-py3-none-any.whl,076afa0e12a42a23faba92bcb62cb016c1ce38051ceee1f302de1e2676a68bbc,>=3.8,"Verified wheel source fails compilation at vcs_versioning/__init__.py. This is the first concrete blocker; later files were not checked.
Traceback (most recent call last):
  File ""<staging>/wheel/vcs_versioning/__init__.py"", line 26
    *,
SyntaxError: expected '@id', got ','
error: Python syntax check failed for '<staging>/wheel/vcs_versioning/__init__.py' (no source was executed)"
304,fastuuid,0.14.0,incompatible,native_only,False,False,metadata,0,,,fastuuid-0.14.0-cp310-cp310-macosx_10_12_x86_64.macosx_11_0_arm64.macosx_10_12_universal2.whl,6e6243d40f6c793c3e2ee14c13769e341b90be5ef0c23c82fa6515a96145181a,>=3.8,The selected release has no generic Python3 pure wheel; its published wheels require a platform/ABI or a different Python implementation tag. Artifact bytes were not downloaded. Older releases and source builds were not evaluated.
305,python-docx,1.2.0,incompatible,syntax,True,False,verified_artifact,4,95,91,python_docx-1.2.0-py3-none-any.whl,3fd478f3250fbbbfd3b94fe1e985955737c145627498896a8a6bf81f4baf66c7,>=3.9,"Verified wheel source fails compilation at docx/comments.py. This is the first concrete blocker; later files were not checked.
Traceback (most recent call last):
  File ""<staging>/wheel/docx/comments.py"", line 28
    for comment_elm in self._comments_elm.comment_lst
SyntaxError: expected ')', got 'for'
error: Python syntax check failed for '<staging>/wheel/docx/comments.py' (no source was executed)"
306,structlog,26.1.0,incompatible,syntax,True,False,verified_artifact,1,21,20,structlog-26.1.0-py3-none-any.whl,e081a26d6c373e6d201eca24eede26d8ffab07f88f477822e679183428d3d91e,>=3.10,"Verified wheel source fails compilation at structlog/__init__.py. This is the first concrete blocker; later files were not checked.
Traceback (most recent call last):
  File ""<staging>/wheel/structlog/__init__.py"", line 112
    ""removed in a future release. Use importlib.metadata directly ""
SyntaxError: expected ')', got '@str'
error: Python syntax check failed for '<staging>/wheel/structlog/__init__.py' (no source was executed)"
307,watchdog,6.0.0,incompatible,native_only,False,False,metadata,0,,,watchdog-6.0.0-cp310-cp310-macosx_10_9_universal2.whl,d1cdb490583ebd691c012b3d6dae011000fe42edb7a82ece80965b42abd61f26,>=3.9,The selected release has no generic Python3 pure wheel; its published wheels require a platform/ABI or a different Python implementation tag. Artifact bytes were not downloaded. Older releases and source builds were not evaluated.
308,playwright,1.62.0,incompatible,native_only,False,False,metadata,0,,,playwright-1.62.0-py3-none-macosx_10_13_x86_64.whl,d8da938f3748841a8754f2e1f0216902c1c8f8ae3720de8b32ccf8e6913a7c4f,>=3.10,The selected release has no generic Python3 pure wheel; its published wheels require a platform/ABI or a different Python implementation tag. Artifact bytes were not downloaded. Older releases and source builds were not evaluated.
309,google-cloud-kms,3.16.0,incompatible,syntax,True,False,verified_artifact,3,61,58,google_cloud_kms-3.16.0-py3-none-any.whl,ad3c102961ba58179f7261814d9cd28dded93603bd33c8224b4b072897bbe81e,>=3.10,"Verified wheel source fails compilation at google/cloud/kms_v1/__init__.py. This is the first concrete blocker; later files were not checked.
Traceback (most recent call last):
  File ""<staging>/wheel/google/cloud/kms_v1/__init__.py"", line 174
    + f""({_py_version_str}).  Google will not post any further ""
SyntaxError: expected ')', got '+'
error: Python syntax check failed for '<staging>/wheel/google/cloud/kms_v1/__init__.py' (no source was executed)"
310,safetensors,0.8.0,incompatible,native_only,False,False,metadata,0,,,safetensors-0.8.0-cp310-abi3-macosx_10_12_x86_64.whl,c554f85858e05226d3c2828e32395e677434685d6d94594a41643361c5e837f0,>=3.10,The selected release has no generic Python3 pure wheel; its published wheels require a platform/ABI or a different Python implementation tag. Artifact bytes were not downloaded. Older releases and source builds were not evaluated.
311,tinycss2,1.5.1,incompatible,syntax,True,False,verified_artifact,2,10,8,tinycss2-1.5.1-py3-none-any.whl,3415ba0f5839c062696996998176c4a3751d18b7edaaeeb658c9ce21ec150661,>=3.10,"Verified wheel source fails compilation at tinycss2/ast.py. This is the first concrete blocker; later files were not checked.
Traceback (most recent call last):
  File ""<staging>/wheel/tinycss2/ast.py"", line 712
    isinstance(function.arguments[-1], ParseError) and
SyntaxError: expected an expression, got @eol
error: Python syntax check failed for '<staging>/wheel/tinycss2/ast.py' (no source was executed)"
312,termcolor,3.3.0,incompatible,syntax,True,False,verified_artifact,3,3,0,termcolor-3.3.0-py3-none-any.whl,cf642efadaf0a8ebbbf4bc7a31cec2f9b5f21a9f726f4ccbb08192c9c26f43a5,>=3.10,"Verified wheel source fails compilation at termcolor/termcolor.py. This is the first concrete blocker; later files were not checked.
Traceback (most recent call last):
  File ""<staging>/wheel/termcolor/termcolor.py"", line 94
    *, no_color: bool | None = None, force_color: bool | None = None
SyntaxError: expected '@id', got ','
error: Python syntax check failed for '<staging>/wheel/termcolor/termcolor.py' (no source was executed)"
313,google-analytics-admin,0.30.1,incompatible,syntax,True,False,verified_artifact,3,41,38,google_analytics_admin-0.30.1-py3-none-any.whl,53c9d2f140111faa5cfaa463ca3b69fc9f11fbf968cb2421b76839926ef065d9,>=3.10,"Verified wheel source fails compilation at google/analytics/admin_v1alpha/__init__.py. This is the first concrete blocker; later files were not checked.
Traceback (most recent call last):
  File ""<staging>/wheel/google/analytics/admin_v1alpha/__init__.py"", line 354
    + f""({_py_version_str}).  Google will not post any further ""
SyntaxError: expected ')', got '+'
error: Python syntax check failed for '<staging>/wheel/google/analytics/admin_v1alpha/__init__.py' (no source was executed)"
314,google-cloud-compute,1.52.0,incompatible,syntax,True,False,verified_artifact,4,876,872,google_cloud_compute-1.52.0-py3-none-any.whl,f89698675cd6a76bedd493f3c4f9d123fa9d2247129d9f7b3195bf404c315089,>=3.10,"Verified wheel source fails compilation at google/cloud/compute_v1/_compat.py. This is the first concrete blocker; later files were not checked.
Traceback (most recent call last):
  File ""<staging>/wheel/google/cloud/compute_v1/_compat.py"", line 179
    default_universe: str,
SyntaxError: expected '=', got ','
error: Python syntax check failed for '<staging>/wheel/google/cloud/compute_v1/_compat.py' (no source was executed)"
315,pytokens,0.4.1,incompatible,syntax,True,False,verified_artifact,1,4,3,pytokens-0.4.1-py3-none-any.whl,26cef14744a8385f35d0e095dc8b3a7583f6c953c2e3d269c7f82484bf5ad2de,>=3.8,"Verified wheel source fails compilation at pytokens/__init__.py. This is the first concrete blocker; later files were not checked.
Traceback (most recent call last):
  File ""<staging>/wheel/pytokens/__init__.py"", line 105
    and self.start_index == len(source)
SyntaxError: expected ')', got 'and'
error: Python syntax check failed for '<staging>/wheel/pytokens/__init__.py' (no source was executed)"
316,aioitertools,0.13.0,incompatible,syntax,True,False,verified_artifact,3,15,12,aioitertools-0.13.0-py3-none-any.whl,0be0292b856f08dfac90e31f4739432f4cb6d7520ab9eb73e143f4f2fa5259be,>=3.9,"Verified wheel source fails compilation at aioitertools/asyncio.py. This is the first concrete blocker; later files were not checked.
Traceback (most recent call last):
  File ""<staging>/wheel/aioitertools/asyncio.py"", line 19
    async def as_completed(
SyntaxError: expected statement end
error: Python syntax check failed for '<staging>/wheel/aioitertools/asyncio.py' (no source was executed)"
317,kubernetes,36.0.3,incompatible,syntax,True,False,verified_artifact,70,1736,1666,kubernetes-36.0.3-py2.py3-none-any.whl,8fde9241c4b298e6374a069dcf728359b4e72c2fb29489a975ba4e1c047cf10f,>=3.10,"Verified wheel source fails compilation at kubernetes/aio/client/api_client.py. This is the first concrete blocker; later files were not checked.
Traceback (most recent call last):
  File ""<staging>/wheel/kubernetes/aio/client/api_client.py"", line 608
    filename = re.search(r'filename=[\'""]?([^\'""\s]+)[\'""]?',
SyntaxError: expected newline after line continuation character
error: Python syntax check failed for '<staging>/wheel/kubernetes/aio/client/api_client.py' (no source was executed)"
318,brotli,1.2.0,incompatible,native_only,False,False,metadata,0,,,brotli-1.2.0-cp27-cp27m-macosx_10_9_x86_64.whl,99cfa69813d79492f0e5d52a20fd18395bc82e671d5d40bd5a91d13e75e468e8,,The selected release has no generic Python3 pure wheel; its published wheels require a platform/ABI or a different Python implementation tag. Artifact bytes were not downloaded. Older releases and source builds were not evaluated.
319,pymupdf,1.28.2,incompatible,native_only,False,False,metadata,0,,,pymupdf-1.28.2-cp310-abi3-macosx_10_15_x86_64.whl,5fc315b425ff1f7afdd1ea2f348205cb19b806767daae7ce4d64115799c2bae1,>=3.10,The selected release has no generic Python3 pure wheel; its published wheels require a platform/ABI or a different Python implementation tag. Artifact bytes were not downloaded. Older releases and source builds were not evaluated.
320,pyzmq,27.2.0,incompatible,native_only,False,False,metadata,0,,,pyzmq-27.2.0-cp310-cp310-macosx_10_15_universal2.whl,480dba27b145373b5e103890f17969d891bc9e86746d6b8b29dd70b0d4addc62,>=3.9,The selected release has no generic Python3 pure wheel; its published wheels require a platform/ABI or a different Python implementation tag. Artifact bytes were not downloaded. Older releases and source builds were not evaluated.
321,pyee,14.0.0,incompatible,python_requirement,False,False,metadata,0,,,pyee-14.0.0-py3-none-any.whl,3ac2d3229a9677f7de2c33d7f52fe25b638a46b19c413fea2edc8c6d0a644e4d,>=3.12,The selected release declares Requires-Python >=3.12; Kipferl advertises 3.11.0. Older releases were not evaluated.
322,xlsxwriter,3.2.9,incompatible,syntax,True,False,verified_artifact,3,43,40,xlsxwriter-3.2.9-py3-none-any.whl,9a5db42bc5dff014806c58a20b9eae7322a134abb6fce3c92c181bfb275ec5b3,>=3.8,"Verified wheel source fails compilation at xlsxwriter/chart.py. This is the first concrete blocker; later files were not checked.
Traceback (most recent call last):
  File ""<staging>/wheel/xlsxwriter/chart.py"", line 876
    f""This may cause an error in Excel.""
SyntaxError: expected ')', got '@fstr-begin'
error: Python syntax check failed for '<staging>/wheel/xlsxwriter/chart.py' (no source was executed)"
323,pymongo,4.18.0,incompatible,native_only,False,False,metadata,0,,,pymongo-4.18.0-cp310-cp310-macosx_10_9_x86_64.whl,f1e303b6d96c5b8374082244cfc272207cbe00c58393733cd50afe478366f286,>=3.9,The selected release has no generic Python3 pure wheel; its published wheels require a platform/ABI or a different Python implementation tag. Artifact bytes were not downloaded. Older releases and source builds were not evaluated.
324,lz4,4.4.5,incompatible,native_only,False,False,metadata,0,,,lz4-4.4.5-cp310-cp310-macosx_10_9_x86_64.whl,d221fa421b389ab2345640a508db57da36947a437dfe31aeddb8d5c7b646c22d,>=3.9,The selected release has no generic Python3 pure wheel; its published wheels require a platform/ABI or a different Python implementation tag. Artifact bytes were not downloaded. Older releases and source builds were not evaluated.
325,mdit-py-plugins,0.6.1,incompatible,syntax,True,False,verified_artifact,3,38,35,mdit_py_plugins-0.6.1-py3-none-any.whl,214c82fb2ac524472ab6a5bcab1de80f73b50443e187f401bfd77efbc7c6481d,>=3.10,"Verified wheel source fails compilation at mdit_py_plugins/admon/index.py. This is the first concrete blocker; later files were not checked.
Traceback (most recent call last):
  File ""<staging>/wheel/mdit_py_plugins/admon/index.py"", line 24
    match = re_tags.match(params)
SyntaxError: expected an expression, got =
error: Python syntax check failed for '<staging>/wheel/mdit_py_plugins/admon/index.py' (no source was executed)"
326,google-cloud-pubsub,2.40.0,incompatible,syntax,True,False,verified_artifact,4,75,71,google_cloud_pubsub-2.40.0-py3-none-any.whl,ec4a6488d5da741499902c55eeb5273812c414013d32b1e0c5548179f31cd934,>=3.10,"Verified wheel source fails compilation at google/cloud/pubsub_v1/futures.py. This is the first concrete blocker; later files were not checked.
Traceback (most recent call last):
  File ""<staging>/wheel/google/cloud/pubsub_v1/futures.py"", line 23
    class Future(concurrent.futures.Future, google.api_core.future.Future):
SyntaxError: expected ')', got ','
error: Python syntax check failed for '<staging>/wheel/google/cloud/pubsub_v1/futures.py' (no source was executed)"
327,pydantic-graph,2.40.0,incompatible,syntax,True,False,verified_artifact,2,14,12,pydantic_graph-2.40.0-py3-none-any.whl,e2db5b8694b44b5f5e01e37d2ca1ef3b2e9bf104c7d0a8f13028b914a296905e,>=3.10,"Verified wheel source fails compilation at pydantic_graph/_utils.py. This is the first concrete blocker; later files were not checked.
Traceback (most recent call last):
  File ""<staging>/wheel/pydantic_graph/_utils.py"", line 108
    'which synchronous methods need in order to run their asynchronous implementation. '
SyntaxError: expected ')', got '@str'
error: Python syntax check failed for '<staging>/wheel/pydantic_graph/_utils.py' (no source was executed)"
328,cbor2,6.1.4,incompatible,native_only,False,False,metadata,0,,,cbor2-6.1.4-cp310-cp310-macosx_11_0_arm64.whl,3cfb7eec57406b86aab47183f6dc90ece888e03721d37a4d33315e79e486898d,>=3.10,The selected release has no generic Python3 pure wheel; its published wheels require a platform/ABI or a different Python implementation tag. Artifact bytes were not downloaded. Older releases and source builds were not evaluated.
329,pytest-mock,3.15.1,incompatible,syntax,True,False,verified_artifact,4,4,0,pytest_mock-3.15.1-py3-none-any.whl,0a25e2eb88fe5168d535041d09a4529a188176ae608a6d249ee65abc0949630d,>=3.9,"Verified wheel source fails compilation at pytest_mock/plugin.py. This is the first concrete blocker; later files were not checked.
Traceback (most recent call last):
  File ""<staging>/wheel/pytest_mock/plugin.py"", line 116
    self, *, return_value: bool = False, side_effect: bool = False
SyntaxError: expected '@id', got ','
error: Python syntax check failed for '<staging>/wheel/pytest_mock/plugin.py' (no source was executed)"
330,pytest-timeout,2.4.0,incompatible,syntax,True,False,verified_artifact,1,1,0,pytest_timeout-2.4.0-py3-none-any.whl,c42667e5cdadb151aeb5b26d114aff6bdf5a907f176a007a30b940d3d865b5c2,>=3.7,"Verified wheel source fails compilation at pytest_timeout.py. This is the first concrete blocker; later files were not checked.
Traceback (most recent call last):
  File ""<staging>/wheel/pytest_timeout.py"", line 227
    % (
SyntaxError: expected ')', got ''
error: Python syntax check failed for '<staging>/wheel/pytest_timeout.py' (no source was executed)"
331,py4j,0.10.9.9,incompatible,syntax,True,False,verified_artifact,2,33,31,py4j-0.10.9.9-py2.py3-none-any.whl,c7c26e4158defb37b0bb124933163641a2ff6e3a3913f7811b0ddbe07ed61533,,"Verified wheel source fails compilation at py4j/clientserver.py. This is the first concrete blocker; later files were not checked.
Traceback (most recent call last):
  File ""<staging>/wheel/py4j/clientserver.py"", line 66
    self, address=DEFAULT_ADDRESS, port=DEFAULT_PORT, auto_field=False,
SyntaxError: expected a literal, got '@id'
error: Python syntax check failed for '<staging>/wheel/py4j/clientserver.py' (no source was executed)"
332,pymysql,1.2.0,incompatible,syntax,True,False,verified_artifact,2,18,16,pymysql-1.2.0-py3-none-any.whl,62169ce6d5510f08e140c5e7990ee884a9764024e4a9a27b2cc11f1099322ae0,>=3.9,"Verified wheel source fails compilation at pymysql/_auth.py. This is the first concrete blocker; later files were not checked.
Traceback (most recent call last):
  File ""<staging>/wheel/pymysql/_auth.py"", line 175
    pkt = _roundtrip(conn, b""\1"")
SyntaxError: invalid escape char
error: Python syntax check failed for '<staging>/wheel/pymysql/_auth.py' (no source was executed)"
333,linkify-it-py,2.2.0,incompatible,syntax,True,False,verified_artifact,2,5,3,linkify_it_py-2.2.0-py3-none-any.whl,3adc40eb5af300b2605fcfdb968c24e1d780a90f1f2221af7c15e5111e94d443,>=3.10,"Verified wheel source fails compilation at linkify_it/_ucre_data.py. This is the first concrete blocker; later files were not checked.
Traceback (most recent call last):
  File ""<staging>/wheel/linkify_it/_ucre_data.py"", line 16
    SRC_CF = ""[\xad\u0600-\u0605\u061c\u06dd\u070f\u0890-\u0891\u08e2\u180e\u200b-\u200f\u202a-\u202e\u2060-\u2064\u2066-\u206f\ufeff\ufff9-\ufffb\U000110bd\U000110cd\U00013430-\U0001343f\U0001bca0-\U0001bca3\U0001d173-\U0001d17a\U000e0001\U000e0020-\U000e007f]""  # noqa: E501
SyntaxError: invalid escape char
error: Python syntax check failed for '<staging>/wheel/linkify_it/_ucre_data.py' (no source was executed)"
334,flatbuffers,25.12.19,incompatible,syntax,True,False,verified_artifact,6,10,4,flatbuffers-25.12.19-py2.py3-none-any.whl,7634f50c427838bb021c2d66a3d1168e9d199b0607e6329399f04846d42e20b4,,"Verified wheel source fails compilation at flatbuffers/flexbuffers.py. This is the first concrete blocker; later files were not checked.
Traceback (most recent call last):
  File ""<staging>/wheel/flatbuffers/flexbuffers.py"", line 152
    def _BinarySearch(values, value, pred=lambda x, y: x < y):
SyntaxError: expected a literal, got 'lambda'
error: Python syntax check failed for '<staging>/wheel/flatbuffers/flexbuffers.py' (no source was executed)"
335,google-cloud-dlp,3.39.0,incompatible,syntax,True,False,verified_artifact,4,19,15,google_cloud_dlp-3.39.0-py3-none-any.whl,37e900df4eb32af899e592628cdc9ca240790dbe2c2145f141274df4d76e3d0c,>=3.10,"Verified wheel source fails compilation at google/cloud/dlp_v2/_compat.py. This is the first concrete blocker; later files were not checked.
Traceback (most recent call last):
  File ""<staging>/wheel/google/cloud/dlp_v2/_compat.py"", line 179
    default_universe: str,
SyntaxError: expected '=', got ','
error: Python syntax check failed for '<staging>/wheel/google/cloud/dlp_v2/_compat.py' (no source was executed)"
336,pyperclip,1.11.0,incompatible,syntax,True,False,verified_artifact,1,2,1,pyperclip-1.11.0-py3-none-any.whl,299403e9ff44581cb9ba2ffeed69c7aa96a008622ad0c46cb575ca75b5b84273,,"Verified wheel source fails compilation at pyperclip/__init__.py. This is the first concrete blocker; later files were not checked.
Traceback (most recent call last):
  File ""<staging>/wheel/pyperclip/__init__.py"", line 289
    class ClipboardUnavailable(object):
SyntaxError: class definition not allowed here
error: Python syntax check failed for '<staging>/wheel/pyperclip/__init__.py' (no source was executed)"
337,nest-asyncio,1.6.0,incompatible,syntax,True,False,verified_artifact,1,1,0,nest_asyncio-1.6.0-py3-none-any.whl,87af6efd6b5e897c81050477ef65c62e2b2f35d51703cae01aff2905b1852e1c,>=3.5,"Verified wheel source fails compilation at nest_asyncio.py. This is the first concrete blocker; later files were not checked.
Traceback (most recent call last):
  File ""<staging>/wheel/nest_asyncio.py"", line 25
    def run(main, *, debug=False):
SyntaxError: expected '@id', got ','
error: Python syntax check failed for '<staging>/wheel/nest_asyncio.py' (no source was executed)"
338,google-cloud-speech,2.40.0,incompatible,syntax,True,False,verified_artifact,3,71,68,google_cloud_speech-2.40.0-py3-none-any.whl,7cc0302b3b9ca33d2eae9669da94a44316601a240942895362ac70e765b9f39c,>=3.10,"Verified wheel source fails compilation at google/cloud/speech_v1/__init__.py. This is the first concrete blocker; later files were not checked.
Traceback (most recent call last):
  File ""<staging>/wheel/google/cloud/speech_v1/__init__.py"", line 86
    + f""({_py_version_str}).  Google will not post any further ""
SyntaxError: expected ')', got '+'
error: Python syntax check failed for '<staging>/wheel/google/cloud/speech_v1/__init__.py' (no source was executed)"
339,dbt-adapters,1.24.5,incompatible,syntax,True,False,verified_artifact,4,58,54,dbt_adapters-1.24.5-py3-none-any.whl,32345118b921160722a13f12c3e369b9d59a0fb8fb9b3297e29d8cd53f973411,>=3.10.0,"Verified wheel source fails compilation at dbt/adapters/base/column.py. This is the first concrete blocker; later files were not checked.
Traceback (most recent call last):
  File ""<staging>/wheel/dbt/adapters/base/column.py"", line 138
    match = re.match(r""([^(]+)(\([^)]+\))?"", raw_data_type)
SyntaxError: expected an expression, got =
error: Python syntax check failed for '<staging>/wheel/dbt/adapters/base/column.py' (no source was executed)"
340,wsproto,1.3.2,incompatible,syntax,True,False,verified_artifact,3,8,5,wsproto-1.3.2-py3-none-any.whl,61eea322cdf56e8cc904bd3ad7573359a242ba65688716b0710a5eb12beab584,>=3.10,"Verified wheel source fails compilation at wsproto/events.py. This is the first concrete blocker; later files were not checked.
Traceback (most recent call last):
  File ""<staging>/wheel/wsproto/events.py"", line 201
    class Message(Event, Generic[T]):
SyntaxError: expected ')', got ','
error: Python syntax check failed for '<staging>/wheel/wsproto/events.py' (no source was executed)"
341,debugpy,1.8.21,incompatible,native_only,True,False,verified_artifact,0,237,237,debugpy-1.8.21-py2.py3-none-any.whl,b1e37d333663c8851516a47364ef473da127f9caebe4417e6df6f5825a7e9a92,>=3.8,The downloaded wheel is tagged pure but contains native library debugpy/_vendored/pydevd/_pydevd_bundle/pydevd_cython.cp39-win_amd64.pyd; Kipferl cannot load it.
342,typedload,2.41,incompatible,syntax,True,False,verified_artifact,2,9,7,typedload-2.41-py3-none-any.whl,6d29ab64918ac30a756e1cf383e4fd122ce058a240a48cd323a46ae82c3f44b6,>=3.10,"Verified wheel source fails compilation at typedload/alias.py. This is the first concrete blocker; later files were not checked.
Traceback (most recent call last):
  File ""<staging>/wheel/typedload/alias.py"", line 71
    t = reduce((lambda a, b: a | b), (unalias(i) for i in t.__args__))
SyntaxError: expected ')', got 'for'
error: Python syntax check failed for '<staging>/wheel/typedload/alias.py' (no source was executed)"
343,google-cloud-texttospeech,2.37.0,incompatible,syntax,True,False,verified_artifact,3,50,47,google_cloud_texttospeech-2.37.0-py3-none-any.whl,911f42f327027975d7781efcace1993afdf311b692b95b6814b71085750cc38a,>=3.10,"Verified wheel source fails compilation at google/cloud/texttospeech_v1/__init__.py. This is the first concrete blocker; later files were not checked.
Traceback (most recent call last):
  File ""<staging>/wheel/google/cloud/texttospeech_v1/__init__.py"", line 78
    + f""({_py_version_str}).  Google will not post any further ""
SyntaxError: expected ')', got '+'
error: Python syntax check failed for '<staging>/wheel/google/cloud/texttospeech_v1/__init__.py' (no source was executed)"
344,ruamel-yaml-clib,0.2.15,incompatible,native_only,False,False,metadata,0,,,ruamel_yaml_clib-0.2.15-cp310-cp310-macosx_10_9_x86_64.whl,88eea8baf72f0ccf232c22124d122a7f26e8a24110a0273d9bcddcb0f7e1fa03,>=3.9,The selected release has no generic Python3 pure wheel; its published wheels require a platform/ABI or a different Python implementation tag. Artifact bytes were not downloaded. Older releases and source builds were not evaluated.
345,croniter,6.2.4,incompatible,syntax,True,False,verified_artifact,2,10,8,croniter-6.2.4-py3-none-any.whl,8ef3d544107a5c05a150a2d78f8bf5a8eb9c5c4d93405a736b824109574e3f4d,>=3.9,"Verified wheel source fails compilation at croniter/croniter.py. This is the first concrete blocker; later files were not checked.
Traceback (most recent call last):
  File ""<staging>/wheel/croniter/croniter.py"", line 117
    rf""|(({MONTHS})(-({MONTHS}))?)|\w+)#)|l)(?P<last>\d+)$""
SyntaxError: invalid escape char
error: Python syntax check failed for '<staging>/wheel/croniter/croniter.py' (no source was executed)"
346,slack-sdk,3.44.1,incompatible,syntax,True,False,verified_artifact,2,155,153,slack_sdk-3.44.1-py2.py3-none-any.whl,d6f20a0fbe3fecf9cac955c99d686301b48a645b7045472c3a0cdd186d7c42b2,>=3.7,"Verified wheel source fails compilation at slack/deprecation.py. This is the first concrete blocker; later files were not checked.
Traceback (most recent call last):
  File ""<staging>/wheel/slack/deprecation.py"", line 12
    ""For more info, go to https://docs.slack.dev/tools/python-slack-sdk/v3-migration/""
SyntaxError: expected ')', got '@str'
error: Python syntax check failed for '<staging>/wheel/slack/deprecation.py' (no source was executed)"
347,uc-micro-py,2.0.0,unverified,unverified,True,True,verified_artifact,13,13,0,uc_micro_py-2.0.0-py3-none-any.whl,3603a3859af53e5a39bc7677713c78ea6589ff188d70f4fee165db88e22b242c,>=3.10,"All 13 Python source files compile. Imports, runtime APIs, dependency closure, assets, and behavior were not exercised; this is not a tested compatibility result."
348,weaviate-client,4.23.0,incompatible,syntax,True,False,verified_artifact,7,376,369,weaviate_client-4.23.0-py3-none-any.whl,f17c645d22e1787e8fa4640e20fcfccdee39c81327af410c544a24c21d419e59,>=3.10,"Verified wheel source fails compilation at weaviate/aliases/executor.py. This is the first concrete blocker; later files were not checked.
Traceback (most recent call last):
  File ""<staging>/wheel/weaviate/aliases/executor.py"", line 16
    self, *, collection: Optional[str] = None
SyntaxError: expected '@id', got ','
error: Python syntax check failed for '<staging>/wheel/weaviate/aliases/executor.py' (no source was executed)"
349,griffelib,2.3.0,incompatible,syntax,True,False,verified_artifact,1,45,44,griffelib-2.3.0-py3-none-any.whl,1b8f9cd525681c26b1d6d574faa1371651e8459ca51d209684f50b8096ae06e0,>=3.10,"Verified wheel source fails compilation at griffe/__init__.py. This is the first concrete blocker; later files were not checked.
Traceback (most recent call last):
  File ""<staging>/wheel/griffe/__init__.py"", line 635
    else:
SyntaxError: expected an expression, got else
error: Python syntax check failed for '<staging>/wheel/griffe/__init__.py' (no source was executed)"
350,tomli-w,1.2.0,incompatible,syntax,True,False,verified_artifact,2,2,0,tomli_w-1.2.0-py3-none-any.whl,188306098d013b691fcadc011abd66727d3c414c571bb01b1a174ba8c983cf90,>=3.9,"Verified wheel source fails compilation at tomli_w/_writer.py. This is the first concrete blocker; later files were not checked.
Traceback (most recent call last):
  File ""<staging>/wheel/tomli_w/_writer.py"", line 23
    ""\u0008"": ""\\b"",  # backspace
SyntaxError: invalid escape char
error: Python syntax check failed for '<staging>/wheel/tomli_w/_writer.py' (no source was executed)"
351,types-toml,0.10.8.20260518,unverified,unverified,True,True,verified_artifact,0,0,0,types_toml-0.10.8.20260518-py3-none-any.whl,0e564ab05f6fde62a315b3b5a9b6624fda569399795d30a37e64705a70459303,>=3.10,"The wheel contains no .py source files to compile; it may be a stub, data, or dependency-only distribution. Dependencies, runtime APIs, assets, and behavior were not exercised."
352,importlib-resources,7.1.0,incompatible,syntax,True,False,verified_artifact,2,30,28,importlib_resources-7.1.0-py3-none-any.whl,1bd7b48b4088eddb2cd16382150bb515af0bd2c70128194392725f82ad2c96a1,>=3.10,"Verified wheel source fails compilation at importlib_resources/_adapters.py. This is the first concrete blocker; later files were not checked.
Traceback (most recent call last):
  File ""<staging>/wheel/importlib_resources/_adapters.py"", line 12
    def __init__(self, spec, adapter=lambda spec: spec.loader):
SyntaxError: expected a literal, got 'lambda'
error: Python syntax check failed for '<staging>/wheel/importlib_resources/_adapters.py' (no source was executed)"
353,pycryptodome,3.23.0,incompatible,native_only,False,False,metadata,0,,,pycryptodome-3.23.0-cp27-cp27m-macosx_10_9_x86_64.whl,a176b79c49af27d7f6c12e4b178b0824626f40a7b9fed08f712291b6d54bf566,"!=3.0.*,!=3.1.*,!=3.2.*,!=3.3.*,!=3.4.*,!=3.5.*,!=3.6.*,>=2.7",The selected release has no generic Python3 pure wheel; its published wheels require a platform/ABI or a different Python implementation tag. Artifact bytes were not downloaded. Older releases and source builds were not evaluated.
354,google-cloud-logging,3.16.3,incompatible,syntax,True,False,verified_artifact,7,60,53,google_cloud_logging-3.16.3-py3-none-any.whl,6275384f21d4b142d25731de3107de38408e807742290a9939e19ea68de8c283,>=3.10,"Verified wheel source fails compilation at google/cloud/logging_v2/_gapic.py. This is the first concrete blocker; later files were not checked.
Traceback (most recent call last):
  File ""<staging>/wheel/google/cloud/logging_v2/_gapic.py"", line 50
    *,
SyntaxError: expected '@id', got ','
error: Python syntax check failed for '<staging>/wheel/google/cloud/logging_v2/_gapic.py' (no source was executed)"
355,opentelemetry-instrumentation-fastapi,0.65b0,incompatible,syntax,True,False,verified_artifact,1,3,2,opentelemetry_instrumentation_fastapi-0.65b0-py3-none-any.whl,cda2610a0ec1b22d19886f33e4d861e9f5dbb886aeaa3a1263b47aff82c36943,>=3.10,"Verified wheel source fails compilation at opentelemetry/instrumentation/fastapi/__init__.py. This is the first concrete blocker; later files were not checked.
Traceback (most recent call last):
  File ""<staging>/wheel/opentelemetry/instrumentation/fastapi/__init__.py"", line 297
    class ExceptionHandlerMiddleware:
SyntaxError: class definition not allowed here
error: Python syntax check failed for '<staging>/wheel/opentelemetry/instrumentation/fastapi/__init__.py' (no source was executed)"
356,reportlab,5.0.1,incompatible,syntax,True,False,verified_artifact,5,159,154,reportlab-5.0.1-py3-none-any.whl,1c36e6bb0e71780c72331eba60da7f602e8d4389a8723825af71342e49d791e8,">=3.9,<4","Verified wheel source fails compilation at reportlab/graphics/barcode/code39.py. This is the first concrete blocker; later files were not checked.
Traceback (most recent call last):
  File ""<staging>/wheel/reportlab/graphics/barcode/code39.py"", line 88
    '\177': ""%T""
SyntaxError: invalid escape char
error: Python syntax check failed for '<staging>/wheel/reportlab/graphics/barcode/code39.py' (no source was executed)"
357,awswrangler,3.17.1,incompatible,syntax,True,False,verified_artifact,3,152,149,awswrangler-3.17.1-py3-none-any.whl,d1f454266813f7929a3ecd420ef9e4816dc1ae85e2b5ee84d7d1f85ac2df0fdd,"<4.0,>=3.10","Verified wheel source fails compilation at awswrangler/_arrow.py. This is the first concrete blocker; later files were not checked.
Traceback (most recent call last):
  File ""<staging>/wheel/awswrangler/_arrow.py"", line 24
    dirs: tuple[str, ...] = tuple(x for x in path_wo_prefix.split(""/"") if x and (x.count(""="") > 0))
SyntaxError: expected ')', got 'for'
error: Python syntax check failed for '<staging>/wheel/awswrangler/_arrow.py' (no source was executed)"
358,torch,2.14.0,incompatible,native_only,False,False,metadata,0,,,torch-2.14.0-cp310-cp310-macosx_14_0_arm64.whl,2fb30099be1fec9d163a6dd05ace176305ce8cf914b4d7a5f4f6d7a326aa4b60,>=3.10,The selected release has no generic Python3 pure wheel; its published wheels require a platform/ABI or a different Python implementation tag. Artifact bytes were not downloaded. Older releases and source builds were not evaluated.
359,fastmcp,4.0.3,unverified,unverified,True,True,verified_artifact,0,0,0,fastmcp-4.0.3-py3-none-any.whl,f743f43193e1daf606e6497a9dddba5bbaad7df7957a98fd093716ecf4458b99,>=3.10,"The wheel contains no .py source files to compile; it may be a stub, data, or dependency-only distribution. Dependencies, runtime APIs, assets, and behavior were not exercised."
360,mccabe,0.7.0,incompatible,syntax,True,False,verified_artifact,1,1,0,mccabe-0.7.0-py2.py3-none-any.whl,6c2d30ab6be0e4a46919781807b4f0d834ebdd6c6e3dca0bda5a15f863427b6e,>=3.6,"Verified wheel source fails compilation at mccabe.py. This is the first concrete blocker; later files were not checked.
Traceback (most recent call last):
  File ""<staging>/wheel/mccabe.py"", line 335
    if (not options.threshold or
SyntaxError: expected an expression, got @eol
error: Python syntax check failed for '<staging>/wheel/mccabe.py' (no source was executed)"
361,tree-sitter,0.26.0,incompatible,native_only,False,False,metadata,0,,,tree_sitter-0.26.0-cp310-cp310-macosx_10_9_x86_64.whl,ff527388df14cb5009f9274faf78cc69a7393ae6acf3b04784b8acca249519c5,>=3.10,The selected release has no generic Python3 pure wheel; its published wheels require a platform/ABI or a different Python implementation tag. Artifact bytes were not downloaded. Older releases and source builds were not evaluated.
362,jupyter-core,5.9.1,incompatible,syntax,True,False,verified_artifact,4,10,6,jupyter_core-5.9.1-py3-none-any.whl,ebf87fdc6073d142e114c72c9e29a9d7ca03fad818c5d300ce2adc1fb0743407,>=3.10,"Verified wheel source fails compilation at jupyter_core/application.py. This is the first concrete blocker; later files were not checked.
Traceback (most recent call last):
  File ""<staging>/wheel/jupyter_core/application.py"", line 175
    else:  # if we got here without raising anything,
SyntaxError: expected an expression, got else
error: Python syntax check failed for '<staging>/wheel/jupyter_core/application.py' (no source was executed)"
363,deprecation,2.1.0,incompatible,syntax,True,False,verified_artifact,1,1,0,deprecation-2.1.0-py2.py3-none-any.whl,a10811591210e1fb0e768a8c25517cabeabcba6f0bf96564f8ff45189f90b14a,,"Verified wheel source fails compilation at deprecation.py. This is the first concrete blocker; later files were not checked.
Traceback (most recent call last):
  File ""<staging>/wheel/deprecation.py"", line 173
    and current_version >= version.parse(removed_in)):
SyntaxError: expected ')', got 'and'
error: Python syntax check failed for '<staging>/wheel/deprecation.py' (no source was executed)"
364,beartype,0.22.9,incompatible,syntax,True,False,verified_artifact,1,420,419,beartype-0.22.9-py3-none-any.whl,d16c9bbc61ea14637596c5f6fbff2ee99cbe3573e46a716401734ef50c3060c2,>=3.10,"Verified wheel source fails compilation at beartype/__init__.py. This is the first concrete blocker; later files were not checked.
Traceback (most recent call last):
  File ""<staging>/wheel/beartype/__init__.py"", line 130
    str(version_part) for version_part in _PYTHON_VERSION_PARTS)
SyntaxError: expected ')', got 'for'
error: Python syntax check failed for '<staging>/wheel/beartype/__init__.py' (no source was executed)"
365,opentelemetry-instrumentation-asgi,0.65b0,incompatible,syntax,True,False,verified_artifact,1,4,3,opentelemetry_instrumentation_asgi-0.65b0-py3-none-any.whl,3a845a8ebd1c4ef0d8263401e6545f5b219b2feee612090d50f578a87e71fd65,>=3.10,"Verified wheel source fails compilation at opentelemetry/instrumentation/asgi/__init__.py. This is the first concrete blocker; later files were not checked.
Traceback (most recent call last):
  File ""<staging>/wheel/opentelemetry/instrumentation/asgi/__init__.py"", line 310
    for (_key, _value) in headers
SyntaxError: expected '@id', got '('
error: Python syntax check failed for '<staging>/wheel/opentelemetry/instrumentation/asgi/__init__.py' (no source was executed)"
366,cyclopts,4.24.0,incompatible,syntax,True,False,verified_artifact,3,77,74,cyclopts-4.24.0-py3-none-any.whl,b3e44fd301ea498f0b30578d6192a9d9565fd0098e736bd9c8ca0a33f6989659,>=3.10,"Verified wheel source fails compilation at cyclopts/_convert.py. This is the first concrete blocker; later files were not checked.
Traceback (most recent call last):
  File ""<staging>/wheel/cyclopts/_convert.py"", line 178
    if not matches or """".join(match[0] for match in matches) != s:
SyntaxError: expected an expression, got match
error: Python syntax check failed for '<staging>/wheel/cyclopts/_convert.py' (no source was executed)"
367,text-unidecode,1.3,unverified,unverified,True,True,verified_artifact,1,1,0,text_unidecode-1.3-py2.py3-none-any.whl,1311f10e8b895935241623731c2ba64f4c455287888b18189350b67134a822e8,,"All 1 Python source files compile. Imports, runtime APIs, dependency closure, assets, and behavior were not exercised; this is not a tested compatibility result."
368,semver,3.0.4,incompatible,syntax,True,False,verified_artifact,2,7,5,semver-3.0.4-py3-none-any.whl,9c824d87ba7f7ab4a1890799cec8596f15c1241cb473404ea1cb0c55e4b04746,>=3.7,"Verified wheel source fails compilation at semver/__init__.py. This is the first concrete blocker; later files were not checked.
Traceback (most recent call last):
  File ""<staging>/wheel/semver/__init__.py"", line 16
    match,
SyntaxError: expected '@id', got 'match'
error: Python syntax check failed for '<staging>/wheel/semver/__init__.py' (no source was executed)"
369,loguru,0.7.3,incompatible,syntax,True,False,verified_artifact,3,19,16,loguru-0.7.3-py3-none-any.whl,31a33c10c8e1e10422bfd431aeb5d351c7cf7fa671e3c4df004162264b28220c,">=3.5,<4.0","Verified wheel source fails compilation at loguru/_better_exceptions.py. This is the first concrete blocker; later files were not checked.
Traceback (most recent call last):
  File ""<staging>/wheel/loguru/_better_exceptions.py"", line 165
    self._pipe_char = self._get_char(""\u2502"", ""|"")
SyntaxError: invalid escape char
error: Python syntax check failed for '<staging>/wheel/loguru/_better_exceptions.py' (no source was executed)"
370,ast-serialize,0.9.0,incompatible,native_only,False,False,metadata,0,,,ast_serialize-0.9.0-cp314-cp314-pyemscripten_2026_0_wasm32.whl,ae1c46eb97865823f9843c4b80145e011874923e1a4a44b45738a5309d83e9f5,>=3.7,The selected release has no generic Python3 pure wheel; its published wheels require a platform/ABI or a different Python implementation tag. Artifact bytes were not downloaded. Older releases and source builds were not evaluated.
371,grpclib,0.4.9,incompatible,syntax,True,False,verified_artifact,4,40,36,grpclib-0.4.9-py3-none-any.whl,7762ec1c8ed94dfad597475152dd35cbd11aecaaca2f243e29702435ca24cf0e,>=3.10,"Verified wheel source fails compilation at grpclib/_typing.py. This is the first concrete blocker; later files were not checked.
Traceback (most recent call last):
  File ""<staging>/wheel/grpclib/_typing.py"", line 32
    async def __call__(self, stream: 'server.Stream[Any, Any]') -> None: ...
SyntaxError: expected statement end
error: Python syntax check failed for '<staging>/wheel/grpclib/_typing.py' (no source was executed)"
372,nbformat,5.11.1,incompatible,syntax,True,False,verified_artifact,1,40,39,nbformat-5.11.1-py3-none-any.whl,cc6698fa75f4fab8755ead786317815f13a6fee3b53311c0abb1a8b51d52f7ec,>=3.10,"Verified wheel source fails compilation at nbformat/__init__.py. This is the first concrete blocker; later files were not checked.
Traceback (most recent call last):
  File ""<staging>/wheel/nbformat/__init__.py"", line 104
    def writes(nb, version=NO_CONVERT, capture_validation_error=None, **kwargs):
SyntaxError: expected a literal, got '@id'
error: Python syntax check failed for '<staging>/wheel/nbformat/__init__.py' (no source was executed)"
373,uuid-utils,0.17.0,incompatible,native_only,False,False,metadata,0,,,uuid_utils-0.17.0-cp310-cp310-macosx_10_12_x86_64.macosx_11_0_arm64.macosx_10_12_universal2.whl,d2d9a63a9e6f2416ace8c109043a9280d6b34f34bb2e5421903e149403db40a6,>=3.10,The selected release has no generic Python3 pure wheel; its published wheels require a platform/ABI or a different Python implementation tag. Artifact bytes were not downloaded. Older releases and source builds were not evaluated.
374,jsonschema-path,0.5.0,incompatible,syntax,True,False,verified_artifact,2,18,16,jsonschema_path-0.5.0-py3-none-any.whl,2790a070bc7abb08ea3dbe4d340ece4efadf639223001f020c7503229ba068e2,">=3.10,<4.0.0","Verified wheel source fails compilation at jsonschema_path/_referencing_compat.py. This is the first concrete blocker; later files were not checked.
Traceback (most recent call last):
  File ""<staging>/wheel/jsonschema_path/_referencing_compat.py"", line 57
    f""include {sorted(_REQUIRED_RESOLVER_FIELDS)}; missing ""
SyntaxError: expected ')', got '@fstr-begin'
error: Python syntax check failed for '<staging>/wheel/jsonschema_path/_referencing_compat.py' (no source was executed)"
375,sqlglot,30.18.0,incompatible,syntax,True,False,verified_artifact,1,183,182,sqlglot-30.18.0-py3-none-any.whl,ee0f9a9f3e2193e763c326e52dfb377b96fdb4292f6305c3ff2d9a220e71c601,>=3.9,"Verified wheel source fails compilation at sqlglot/__init__.py. This is the first concrete blocker; later files were not checked.
Traceback (most recent call last):
  File ""<staging>/wheel/sqlglot/__init__.py"", line 116
    *,
SyntaxError: expected '@id', got ','
error: Python syntax check failed for '<staging>/wheel/sqlglot/__init__.py' (no source was executed)"
376,typing-inspect,0.9.0,incompatible,syntax,True,False,verified_artifact,1,1,0,typing_inspect-0.9.0-py3-none-any.whl,9ee6fc59062311ef8547596ab6b955e1b8aa46242d854bfc78f4f6b0eff35f9f,,"Verified wheel source fails compilation at typing_inspect.py. This is the first concrete blocker; later files were not checked.
Traceback (most recent call last):
  File ""<staging>/wheel/typing_inspect.py"", line 524
    (int, Tuple[str, int])
SyntaxError: invalid escape char
error: Python syntax check failed for '<staging>/wheel/typing_inspect.py' (no source was executed)"
377,python-slugify,8.0.4,incompatible,syntax,True,False,verified_artifact,4,5,1,python_slugify-8.0.4-py2.py3-none-any.whl,276540b79961052b66b7d116620b36518847f52d5fd9e3a70164fc8c50faa6b8,>=3.7,"Verified wheel source fails compilation at slugify/slugify.py. This is the first concrete blocker; later files were not checked.
Traceback (most recent call last):
  File ""<staging>/wheel/slugify/slugify.py"", line 20
    DISALLOWED_CHARS_PATTERN = re.compile(r'[^-a-zA-Z0-9]+')
SyntaxError: EOL while scanning string literal
error: Python syntax check failed for '<staging>/wheel/slugify/slugify.py' (no source was executed)"
378,onnxruntime,1.29.0,incompatible,native_only,False,False,metadata,0,,,onnxruntime-1.29.0-cp311-cp311-macosx_14_0_arm64.whl,07c5907474dec4a2792fd7626b753dc66707808385a6d9eecf993db0066a9d0f,>=3.11,The selected release has no generic Python3 pure wheel; its published wheels require a platform/ABI or a different Python implementation tag. Artifact bytes were not downloaded. Older releases and source builds were not evaluated.
379,dulwich,1.2.14,incompatible,syntax,True,False,verified_artifact,5,85,80,dulwich-1.2.14-py3-none-any.whl,3e1b6e13e23f9bc633fd249563e4d7a946d7d470f210967853ae0991589edd11,>=3.10,"Verified wheel source fails compilation at dulwich/aiohttp/server.py. This is the first concrete blocker; later files were not checked.
Traceback (most recent call last):
  File ""<staging>/wheel/dulwich/aiohttp/server.py"", line 53
    async def send_file(
SyntaxError: expected statement end
error: Python syntax check failed for '<staging>/wheel/dulwich/aiohttp/server.py' (no source was executed)"
380,xlrd,2.0.2,incompatible,syntax,True,False,verified_artifact,1,11,10,xlrd-2.0.2-py2.py3-none-any.whl,ea762c3d29f4cca48d82df517b6d89fbce4db3107f9d78713e48cd321d5c9aa9,">=2.7, !=3.0.*, !=3.1.*, !=3.2.*, !=3.3.*, !=3.4.*, !=3.5.*","Verified wheel source fails compilation at xlrd/__init__.py. This is the first concrete blocker; later files were not checked.
Traceback (most recent call last):
  File ""<staging>/wheel/xlrd/__init__.py"", line 85
    logfile=sys.stdout,
SyntaxError: expected a literal, got '@id'
error: Python syntax check failed for '<staging>/wheel/xlrd/__init__.py' (no source was executed)"
381,types-certifi,2021.10.8.3,unverified,unverified,True,True,verified_artifact,0,0,0,types_certifi-2021.10.8.3-py3-none-any.whl,b2d1e325e69f71f7c78e5943d410e650b4707bb0ef32e4ddf3da37f54176e88a,,"The wheel contains no .py source files to compile; it may be a stub, data, or dependency-only distribution. Dependencies, runtime APIs, assets, and behavior were not exercised."
382,aiosqlite,0.22.1,incompatible,syntax,True,False,verified_artifact,3,10,7,aiosqlite-0.22.1-py3-none-any.whl,21c002eb13823fad740196c5a2e9d8e62f6243bd9e7e4a1f87fb5e44ecb4fceb,>=3.9,"Verified wheel source fails compilation at aiosqlite/context.py. This is the first concrete blocker; later files were not checked.
Traceback (most recent call last):
  File ""<staging>/wheel/aiosqlite/context.py"", line 15
    class Result(AbstractAsyncContextManager[_T], Coroutine[Any, Any, _T]):
SyntaxError: expected ')', got ','
error: Python syntax check failed for '<staging>/wheel/aiosqlite/context.py' (no source was executed)"
383,jsonref,1.1.0,incompatible,syntax,True,False,verified_artifact,1,2,1,jsonref-1.1.0-py3-none-any.whl,590dc7773df6c21cbf948b5dac07a72a251db28b0238ceecce0a2abfa8ec30a9,>=3.7,"Verified wheel source fails compilation at jsonref.py. This is the first concrete blocker; later files were not checked.
Traceback (most recent call last):
  File ""<staging>/wheel/jsonref.py"", line 134
    ) from e
SyntaxError: expected statement end
error: Python syntax check failed for '<staging>/wheel/jsonref.py' (no source was executed)"
384,dbt-core,1.12.3,incompatible,syntax,True,False,verified_artifact,6,229,223,dbt_core-1.12.3-py3-none-any.whl,3f4ea56be117ec579ae183389ef7107a3969e959ea9efc28f3499e46d089b753,>=3.10,"Verified wheel source fails compilation at dbt/artifacts/exceptions/schemas.py. This is the first concrete blocker; later files were not checked.
Traceback (most recent call last):
  File ""<staging>/wheel/dbt/artifacts/exceptions/schemas.py"", line 25
    f""{self.filename}, but found {found_str}. Are you running with a ""
SyntaxError: expected ')', got '@fstr-begin'
error: Python syntax check failed for '<staging>/wheel/dbt/artifacts/exceptions/schemas.py' (no source was executed)"
385,invoke,3.0.3,incompatible,syntax,True,False,verified_artifact,3,47,44,invoke-3.0.3-py3-none-any.whl,f11327165e5cbb89b2ad1d88d3292b5113332c43b8553b494da435d6ec6f5053,>=3.9,"Verified wheel source fails compilation at invoke/collection.py. This is the first concrete blocker; later files were not checked.
Traceback (most recent call last):
  File ""<staging>/wheel/invoke/collection.py"", line 137
    and self.tasks == other.tasks
SyntaxError: expected ')', got 'and'
error: Python syntax check failed for '<staging>/wheel/invoke/collection.py' (no source was executed)"
386,opentelemetry-exporter-prometheus,0.65b0,incompatible,syntax,True,False,verified_artifact,1,3,2,opentelemetry_exporter_prometheus-0.65b0-py3-none-any.whl,3b3d24b586d0ad9712c7b52b7d19c8a9dfbb318b9b284121b5f95e90ed019367,>=3.10,"Verified wheel source fails compilation at opentelemetry/exporter/prometheus/__init__.py. This is the first concrete blocker; later files were not checked.
Traceback (most recent call last):
  File ""<staging>/wheel/opentelemetry/exporter/prometheus/__init__.py"", line 142
    and metric.data.aggregation_temporality
SyntaxError: expected ')', got 'and'
error: Python syntax check failed for '<staging>/wheel/opentelemetry/exporter/prometheus/__init__.py' (no source was executed)"
387,jupyter-client,8.10.0,incompatible,syntax,True,False,verified_artifact,2,38,36,jupyter_client-8.10.0-py3-none-any.whl,5f73f24f22fa25192cfff6b23c051932a2473a797b05734aff495b392103e14e,>=3.10,"Verified wheel source fails compilation at jupyter_client/_version.py. This is the first concrete blocker; later files were not checked.
Traceback (most recent call last):
  File ""<staging>/wheel/jupyter_client/_version.py"", line 10
    match = re.match(pattern, __version__)
SyntaxError: expected an expression, got =
error: Python syntax check failed for '<staging>/wheel/jupyter_client/_version.py' (no source was executed)"
388,google-cloud-monitoring,2.31.0,incompatible,syntax,True,False,verified_artifact,3,91,88,google_cloud_monitoring-2.31.0-py3-none-any.whl,64f3d56ead48f0a0674f650cb2828c47b936582a02a27c55f2836681a86281c3,>=3.10,"Verified wheel source fails compilation at google/cloud/monitoring_v3/__init__.py. This is the first concrete blocker; later files were not checked.
Traceback (most recent call last):
  File ""<staging>/wheel/google/cloud/monitoring_v3/__init__.py"", line 187
    + f""({_py_version_str}).  Google will not post any further ""
SyntaxError: expected ')', got '+'
error: Python syntax check failed for '<staging>/wheel/google/cloud/monitoring_v3/__init__.py' (no source was executed)"
389,pathable,0.6.0,incompatible,syntax,True,False,verified_artifact,2,6,4,pathable-0.6.0-py3-none-any.whl,82c4ca6c98c502ad12e0d4e9779b6210afee93c38990988c8c5d1b49bdcdf566,">=3.10,<4.0","Verified wheel source fails compilation at pathable/accessors.py. This is the first concrete blocker; later files were not checked.
Traceback (most recent call last):
  File ""<staging>/wheel/pathable/accessors.py"", line 137
    raise KeyError(key) from exc
SyntaxError: expected statement end
error: Python syntax check failed for '<staging>/wheel/pathable/accessors.py' (no source was executed)"
390,fastmcp-slim,4.0.3,incompatible,syntax,True,False,verified_artifact,1,257,256,fastmcp_slim-4.0.3-py3-none-any.whl,3756ed4bd9f82f40adaf51974b7cdd1463ab6b9f479cf69b69b2692969312b87,>=3.10,"Verified wheel source fails compilation at fastmcp/__init__.py. This is the first concrete blocker; later files were not checked.
Traceback (most recent call last):
  File ""<staging>/wheel/fastmcp/__init__.py"", line 54
    raise ImportError(_install_hints.CLIENT_SUPPORT) from exc
SyntaxError: expected statement end
error: Python syntax check failed for '<staging>/wheel/fastmcp/__init__.py' (no source was executed)"
391,modal,1.5.5,incompatible,syntax,True,False,verified_artifact,2,173,171,modal-1.5.5-py3-none-any.whl,8d10d3ee09818aaba1973b73ce2521ab8961b63a29b5b52e3ff0d25e7a74808e,"<3.15,>=3.10","Verified wheel source fails compilation at modal/__main__.py. This is the first concrete blocker; later files were not checked.
Traceback (most recent call last):
  File ""<staging>/wheel/modal/__main__.py"", line 36
    or not str(exc)
SyntaxError: expected ')', got 'or'
error: Python syntax check failed for '<staging>/wheel/modal/__main__.py' (no source was executed)"
392,synchronicity,0.12.5,incompatible,syntax,True,False,verified_artifact,2,11,9,synchronicity-0.12.5-py3-none-any.whl,fdbbb10d437bc08a6b0f814fc66fddd1b58ffed314533d42f1ab555801e781af,>=3.10,"Verified wheel source fails compilation at synchronicity/annotations.py. This is the first concrete blocker; later files were not checked.
Traceback (most recent call last):
  File ""<staging>/wheel/synchronicity/annotations.py"", line 14
    def evaluated_annotation(annotation, *, globals_=None, declaration_module=None):
SyntaxError: expected '@id', got ','
error: Python syntax check failed for '<staging>/wheel/synchronicity/annotations.py' (no source was executed)"
393,graphql-core,3.2.12,incompatible,syntax,True,False,verified_artifact,3,128,125,graphql_core-3.2.12-py3-none-any.whl,3d8f104532070485e13caa4092c1e71cda2ba6cffd96e98f285111ee10ed1e51,">=3.7,<4","Verified wheel source fails compilation at graphql/error/graphql_error.py. This is the first concrete blocker; later files were not checked.
Traceback (most recent call last):
  File ""<staging>/wheel/graphql/error/graphql_error.py"", line 41
    class GraphQLFormattedError(TypedDict, total=False):
SyntaxError: expected ')', got ','
error: Python syntax check failed for '<staging>/wheel/graphql/error/graphql_error.py' (no source was executed)"
394,pycodestyle,2.14.0,incompatible,syntax,True,False,verified_artifact,1,1,0,pycodestyle-2.14.0-py2.py3-none-any.whl,dd6bf7cb4ee77f8e016f9c8e74a35ddd9f67e1d5fd4184d86c3b98e07099f42d,>=3.9,"Verified wheel source fails compilation at pycodestyle.py. This is the first concrete blocker; later files were not checked.
Traceback (most recent call last):
  File ""<staging>/wheel/pycodestyle.py"", line 122
    EXTRANEOUS_WHITESPACE_REGEX = re.compile(r'[\[({][ \t]|[ \t][\]}),;:](?!=)')
SyntaxError: EOL while scanning string literal
error: Python syntax check failed for '<staging>/wheel/pycodestyle.py' (no source was executed)"
395,types-pyyaml,6.0.12.20260815,unverified,unverified,True,True,verified_artifact,0,0,0,types_pyyaml-6.0.12.20260815-py3-none-any.whl,6f332212b7e191f3afd5016a713c510b6340593b7ebec573c7d5d20aa5386d3b,>=3.10,"The wheel contains no .py source files to compile; it may be a stub, data, or dependency-only distribution. Dependencies, runtime APIs, assets, and behavior were not exercised."
396,google-cloud-tasks,2.24.0,incompatible,syntax,True,False,verified_artifact,3,58,55,google_cloud_tasks-2.24.0-py3-none-any.whl,1c82007a252d47efb4006eae5a5a0d9f6d375f917ab1c5cd80ce4a6f0ea4690d,>=3.10,"Verified wheel source fails compilation at google/cloud/tasks_v2/__init__.py. This is the first concrete blocker; later files were not checked.
Traceback (most recent call last):
  File ""<staging>/wheel/google/cloud/tasks_v2/__init__.py"", line 86
    + f""({_py_version_str}).  Google will not post any further ""
SyntaxError: expected ')', got '+'
error: Python syntax check failed for '<staging>/wheel/google/cloud/tasks_v2/__init__.py' (no source was executed)"
397,argcomplete,3.7.2,incompatible,syntax,True,False,verified_artifact,4,15,11,argcomplete-3.7.2-py3-none-any.whl,6029205678bdd9c1c728a155f5f9ecf5812393f969eef58807641a2bc2aa5b19,>=3.10,"Verified wheel source fails compilation at argcomplete/completers.py. This is the first concrete blocker; later files were not checked.
Traceback (most recent call last):
  File ""<staging>/wheel/argcomplete/completers.py"", line 29
    self, *, prefix: str, action: argparse.Action, parser: argparse.ArgumentParser, parsed_args: argparse.Namespace
SyntaxError: expected '@id', got ','
error: Python syntax check failed for '<staging>/wheel/argcomplete/completers.py' (no source was executed)"
398,faker,40.38.0,incompatible,syntax,True,False,verified_artifact,3,749,746,faker-40.38.0-py3-none-any.whl,69927515d61759c8a257540b8a91891cd622ba1c24a386b62a0a777e44ba46a9,>=3.10,"Verified wheel source fails compilation at faker/cli.py. This is the first concrete blocker; later files were not checked.
Traceback (most recent call last):
  File ""<staging>/wheel/faker/cli.py"", line 72
    line = f""\t{left:<{margin}}  {right}""
SyntaxError: f-string: single '}' is not allowed
error: Python syntax check failed for '<staging>/wheel/faker/cli.py' (no source was executed)"
399,fastapi-cli,0.0.32,incompatible,syntax,True,False,verified_artifact,3,9,6,fastapi_cli-0.0.32-py3-none-any.whl,8dcc286fa32f01bbd3f65dd09cfd5a2540ed5f2230b77db7fd30978d6165f3c4,>=3.10,"Verified wheel source fails compilation at fastapi_cli/cli.py. This is the first concrete blocker; later files were not checked.
Traceback (most recent call last):
  File ""<staging>/wheel/fastapi_cli/cli.py"", line 94
    verbose: bool = typer.Option(False, help=""Enable verbose output""),
SyntaxError: expected a literal, got '@id'
error: Python syntax check failed for '<staging>/wheel/fastapi_cli/cli.py' (no source was executed)"
400,databricks-sql-connector,4.5.0,incompatible,syntax,True,False,verified_artifact,2,68,66,databricks_sql_connector-4.5.0-py3-none-any.whl,2b73a5e3688621873cec90ef27ca367ad30a28a8c03c65472638003440a5408c,">=3.10,<4.0","Verified wheel source fails compilation at databricks/sql/__init__.py. This is the first concrete blocker; later files were not checked.
Traceback (most recent call last):
  File ""<staging>/wheel/databricks/sql/__init__.py"", line 39
    if isinstance(record.arg[k], str)
SyntaxError: expected ')', got 'if'
error: Python syntax check failed for '<staging>/wheel/databricks/sql/__init__.py' (no source was executed)"
401,pydantic-extra-types,2.11.1,incompatible,syntax,True,False,verified_artifact,2,27,25,pydantic_extra_types-2.11.1-py3-none-any.whl,1722ea2bddae5628ace25f2aa685b69978ef533123e5638cfbddb999e0100ec1,>=3.9,"Verified wheel source fails compilation at pydantic_extra_types/color.py. This is the first concrete blocker; later files were not checked.
Traceback (most recent call last):
  File ""<staging>/wheel/pydantic_extra_types/color.py"", line 53
    r_rgb = rf'\s*rgba?\(\s*{_r_255}{_r_comma}{_r_255}{_r_comma}{_r_255}(?:{_r_comma}{_r_alpha})?\s*\)\s*'
SyntaxError: invalid escape char
error: Python syntax check failed for '<staging>/wheel/pydantic_extra_types/color.py' (no source was executed)"
402,installer,1.0.1,incompatible,syntax,True,False,verified_artifact,3,10,7,installer-1.0.1-py3-none-any.whl,011d045df8b954ced7dde3a7e42ae4418da40ecda7990f2d11d5ed7c146fd98b,>=3.10,"Verified wheel source fails compilation at installer/_core.py. This is the first concrete blocker; later files were not checked.
Traceback (most recent call last):
  File ""<staging>/wheel/installer/_core.py"", line 109
    "" Installing files in a __pycache__ directory poses a security risk.""
SyntaxError: expected ')', got '@str'
error: Python syntax check failed for '<staging>/wheel/installer/_core.py' (no source was executed)"
403,rfc3339-validator,0.1.4,unverified,unverified,True,True,verified_artifact,1,1,0,rfc3339_validator-0.1.4-py2.py3-none-any.whl,24f6ec1eda14ef823da9e36ec7113124b39c04d50a4d3d3a3c2859577e7791fa,">=2.7, !=3.0.*, !=3.1.*, !=3.2.*, !=3.3.*, !=3.4.*","All 1 Python source files compile. Imports, runtime APIs, dependency closure, assets, and behavior were not exercised; this is not a tested compatibility result."
404,pkginfo,1.13,incompatible,syntax,True,False,verified_artifact,2,21,19,pkginfo-1.13-py3-none-any.whl,37e1bfb7b5b149829e6f140a225b517c4c8808d8d164f68137b9492023874061,>=3.9,"Verified wheel source fails compilation at pkginfo/bdist.py. This is the first concrete blocker; later files were not checked.
Traceback (most recent call last):
  File ""<staging>/wheel/pkginfo/bdist.py"", line 35
    finally:
SyntaxError: finally clause is not supported yet
error: Python syntax check failed for '<staging>/wheel/pkginfo/bdist.py' (no source was executed)"
405,lark,1.3.1,incompatible,syntax,True,False,verified_artifact,4,35,31,lark-1.3.1-py3-none-any.whl,c629b661023a014c37da873b4ff58a817398d12635d3bbb2c5a03be7fe5d1e12,>=3.8,"Verified wheel source fails compilation at lark/ast_utils.py. This is the first concrete blocker; later files were not checked.
Traceback (most recent call last):
  File ""<staging>/wheel/lark/ast_utils.py"", line 36
    decorator_factory: Callable=v_args) -> Transformer:
SyntaxError: expected a literal, got '@id'
error: Python syntax check failed for '<staging>/wheel/lark/ast_utils.py' (no source was executed)"
406,rich-rst,2.1.0,incompatible,syntax,True,False,verified_artifact,1,44,43,rich_rst-2.1.0-py3-none-any.whl,7ecd1343ee12c879d0e7ae74c3eb6d263b023d2929c6d114212eb1fd91057255,,"Verified wheel source fails compilation at rich_rst/__init__.py. This is the first concrete blocker; later files were not checked.
Traceback (most recent call last):
  File ""<staging>/wheel/rich_rst/__init__.py"", line 1301
    text = text.replace('-->', '\u25b6')
SyntaxError: invalid escape char
error: Python syntax check failed for '<staging>/wheel/rich_rst/__init__.py' (no source was executed)"
407,shapely,2.1.2,incompatible,native_only,False,False,metadata,0,,,shapely-2.1.2-cp310-cp310-macosx_10_9_x86_64.whl,7ae48c236c0324b4e139bea88a306a04ca630f49be66741b340729d380d8f52f,>=3.10,The selected release has no generic Python3 pure wheel; its published wheels require a platform/ABI or a different Python implementation tag. Artifact bytes were not downloaded. Older releases and source builds were not evaluated.
408,py-key-value-aio,0.4.5,incompatible,syntax,True,False,verified_artifact,1,119,118,py_key_value_aio-0.4.5-py3-none-any.whl,ab862adbcb8c72547d1c57821f22cbbb71ab86509039c96f36e914e0336c8dd7,>=3.10,"Verified wheel source fails compilation at key_value/__init__.py. This is the first concrete blocker; later files were not checked.
Traceback (most recent call last):
  File ""<staging>/wheel/key_value/__init__.py"", line 84
    f""Please use '{self.new_name}' instead."",
SyntaxError: expected ')', got '@fstr-begin'
error: Python syntax check failed for '<staging>/wheel/key_value/__init__.py' (no source was executed)"
409,backports-zstd,1.7.0,incompatible,native_only,False,False,metadata,0,,,backports_zstd-1.7.0-cp310-cp310-macosx_10_9_x86_64.whl,2c4f557bd8579d38316344c205b2a540e84b1014fb3721205eb6c3eb5322e9d9,"<3.14,>=3.10",The selected release has no generic Python3 pure wheel; its published wheels require a platform/ABI or a different Python implementation tag. Artifact bytes were not downloaded. Older releases and source builds were not evaluated.
410,ipython-pygments-lexers,1.1.1,incompatible,syntax,True,False,verified_artifact,1,1,0,ipython_pygments_lexers-1.1.1-py3-none-any.whl,a9462224a505ade19a605f71f8fa63c2048833ce50abc86768a0d81d876dc81c,>=3.8,"Verified wheel source fails compilation at ipython_pygments_lexers.py. This is the first concrete blocker; later files were not checked.
Traceback (most recent call last):
  File ""<staging>/wheel/ipython_pygments_lexers.py"", line 527
    for match in line_re.finditer(text):
SyntaxError: expected '@id', got 'match'
error: Python syntax check failed for '<staging>/wheel/ipython_pygments_lexers.py' (no source was executed)"
411,numba,0.67.0,incompatible,native_only,False,False,metadata,0,,,numba-0.67.0-cp310-cp310-macosx_12_0_arm64.whl,8c0e88acd4341ddf40779db3c0228b9188aca7fcab5f5f3ce9949a1fc71e9a02,>=3.10,The selected release has no generic Python3 pure wheel; its published wheels require a platform/ABI or a different Python implementation tag. Artifact bytes were not downloaded. Older releases and source builds were not evaluated.
412,arrow,1.4.0,incompatible,syntax,True,False,verified_artifact,3,10,7,arrow-1.4.0-py3-none-any.whl,749f0769958ebdc79c173ff0b0670d59051a535fa26e8eba02953dc19eb43205,>=3.8,"Verified wheel source fails compilation at arrow/api.py. This is the first concrete blocker; later files were not checked.
Traceback (most recent call last):
  File ""<staging>/wheel/arrow/api.py"", line 25
    *,
SyntaxError: expected '@id', got ','
error: Python syntax check failed for '<staging>/wheel/arrow/api.py' (no source was executed)"
413,markdownify,1.2.3,incompatible,syntax,True,False,verified_artifact,1,2,1,markdownify-1.2.3-py3-none-any.whl,a189a0bedfd14009030fde5f85bb6f77c56897cb839b5c25315dd7d4e3e290ba,,"Verified wheel source fails compilation at markdownify/__init__.py. This is the first concrete blocker; later files were not checked.
Traceback (most recent call last):
  File ""<staging>/wheel/markdownify/__init__.py"", line 119
    return dict((k, getattr(obj, k)) for k in dir(obj) if not k.startswith('_'))
SyntaxError: expected ')', got 'for'
error: Python syntax check failed for '<staging>/wheel/markdownify/__init__.py' (no source was executed)"
414,deepdiff,9.1.0,incompatible,syntax,True,False,verified_artifact,2,18,16,deepdiff-9.1.0-py3-none-any.whl,80c0460e1993b04f6f0ca79abf25548b129fd218478c4ebb08f80560f5d10610,>=3.10,"Verified wheel source fails compilation at deepdiff/_multiprocessing.py. This is the first concrete blocker; later files were not checked.
Traceback (most recent call last):
  File ""<staging>/wheel/deepdiff/_multiprocessing.py"", line 102
    % (multiprocessing_workers,)
SyntaxError: expected ')', got ''
error: Python syntax check failed for '<staging>/wheel/deepdiff/_multiprocessing.py' (no source was executed)"
415,dbt-common,1.39.0,incompatible,syntax,True,False,verified_artifact,3,57,54,dbt_common-1.39.0-py3-none-any.whl,30d63490b9ef2aad6f469ec841fb758430fcb1d997b79ff3df36fcb7b79a241f,>=3.10,"Verified wheel source fails compilation at dbt_common/behavior_flags.py. This is the first concrete blocker; later files were not checked.
Traceback (most recent call last):
  File ""<staging>/wheel/dbt_common/behavior_flags.py"", line 97
    if module := inspect.getmodule(frame[0]):
SyntaxError: expected an expression, got =
error: Python syntax check failed for '<staging>/wheel/dbt_common/behavior_flags.py' (no source was executed)"
416,smart-open,8.0.1,incompatible,syntax,True,False,verified_artifact,3,19,16,smart_open-8.0.1-py3-none-any.whl,3e97f90e92a952cb57863dfe132082c400a52eeeb27c067692fb51dbcc5b0089,"<4.0,>=3.10","Verified wheel source fails compilation at smart_open/azure.py. This is the first concrete blocker; later files were not checked.
Traceback (most recent call last):
  File ""<staging>/wheel/smart_open/azure.py"", line 38
    | azure.storage.blob.ContainerClient
SyntaxError: expected ')', got '|'
error: Python syntax check failed for '<staging>/wheel/smart_open/azure.py' (no source was executed)"
417,requests-file,3.0.1,incompatible,syntax,True,False,verified_artifact,1,1,0,requests_file-3.0.1-py2.py3-none-any.whl,d0f5eb94353986d998f80ac63c7f146a307728be051d4d1cd390dbdb59c10fa2,,"Verified wheel source fails compilation at requests_file/__init__.py. This is the first concrete blocker; later files were not checked.
Traceback (most recent call last):
  File ""<staging>/wheel/requests_file/__init__.py"", line 61
    if any(os.sep in p for p in path_parts):
SyntaxError: expected ')', got 'for'
error: Python syntax check failed for '<staging>/wheel/requests_file/__init__.py' (no source was executed)"
418,rich-toolkit,0.20.4,incompatible,syntax,True,False,verified_artifact,2,22,20,rich_toolkit-0.20.4-py3-none-any.whl,ea37e9d364e7a6a59af9d96c5b18de3f6046f17affa8b4bc07f3bfad7a597ec5,>=3.8,"Verified wheel source fails compilation at rich_toolkit/_getchar.py. This is the first concrete blocker; later files were not checked.
Traceback (most recent call last):
  File ""<staging>/wheel/rich_toolkit/_getchar.py"", line 98
    ) from error
SyntaxError: expected statement end
error: Python syntax check failed for '<staging>/wheel/rich_toolkit/_getchar.py' (no source was executed)"
419,polars,1.44.1,incompatible,syntax,True,False,verified_artifact,1,210,209,polars-1.44.1-py3-none-any.whl,1fa62fc1c88fba77a68b28291b5aabdd69e5f38b34e59721a064ae3169b59bb5,>=3.10,"Verified wheel source fails compilation at polars/__init__.py. This is the first concrete blocker; later files were not checked.
Traceback (most recent call last):
  File ""<staging>/wheel/polars/__init__.py"", line 44
    if override := os.environ.get(""_RJEM_MALLOC_CONF""):
SyntaxError: expected an expression, got =
error: Python syntax check failed for '<staging>/wheel/polars/__init__.py' (no source was executed)"
420,mistune,3.3.4,incompatible,syntax,True,False,verified_artifact,4,38,34,mistune-3.3.4-py3-none-any.whl,ee015381e955e370962968befe1d729ab60fafb6a715ac6751763fbce38c8d4a,>=3.8,"Verified wheel source fails compilation at mistune/_inline/emphasis.py. This is the first concrete blocker; later files were not checked.
Traceback (most recent call last):
  File ""<staging>/wheel/mistune/_inline/emphasis.py"", line 176
    values.append(""\ufffc"")
SyntaxError: invalid escape char
error: Python syntax check failed for '<staging>/wheel/mistune/_inline/emphasis.py' (no source was executed)"
421,argon2-cffi-bindings,26.1.0,incompatible,native_only,False,False,metadata,0,,,argon2_cffi_bindings-26.1.0-cp310-abi3-macosx_11_0_arm64.whl,21ca0396fe5ec995dd54431c32698189666f9224810acfa752e50d2bd94d9df2,>=3.10,The selected release has no generic Python3 pure wheel; its published wheels require a platform/ABI or a different Python implementation tag. Artifact bytes were not downloaded. Older releases and source builds were not evaluated.
422,bleach,6.4.0,incompatible,syntax,True,False,verified_artifact,1,43,42,bleach-6.4.0-py3-none-any.whl,4b6b6a54fff2e69a3dde9d21cc6301220bee3c3cb792187d11403fd795031081,>=3.10,"Verified wheel source fails compilation at bleach/__init__.py. This is the first concrete blocker; later files were not checked.
Traceback (most recent call last):
  File ""<staging>/wheel/bleach/__init__.py"", line 24
    tags=ALLOWED_TAGS,
SyntaxError: expected a literal, got '@id'
error: Python syntax check failed for '<staging>/wheel/bleach/__init__.py' (no source was executed)"
423,durationpy,0.11,incompatible,syntax,True,False,verified_artifact,2,2,0,durationpy-0.11-py3-none-any.whl,a739fe2b8972c250ff72f8e2c488d18cf25f7b852f49ee76048775d5171df30c,,"Verified wheel source fails compilation at durationpy/duration.py. This is the first concrete blocker; later files were not checked.
Traceback (most recent call last):
  File ""<staging>/wheel/durationpy/duration.py"", line 61
    for match in matches:
SyntaxError: expected '@id', got 'match'
error: Python syntax check failed for '<staging>/wheel/durationpy/duration.py' (no source was executed)"
424,msrest,0.7.1,incompatible,syntax,True,False,verified_artifact,2,25,23,msrest-0.7.1-py3-none-any.whl,21120a810e1233e5e6cc7fe40b474eeb4ec6f757a15d7cf86702c369f9567c32,>=3.6,"Verified wheel source fails compilation at msrest/async_client.py. This is the first concrete blocker; later files were not checked.
Traceback (most recent call last):
  File ""<staging>/wheel/msrest/async_client.py"", line 59
    async def __aenter__(self):
SyntaxError: expected statement end
error: Python syntax check failed for '<staging>/wheel/msrest/async_client.py' (no source was executed)"
425,mmh3,5.3.0,incompatible,native_only,False,False,metadata,0,,,mmh3-5.3.0-cp310-cp310-macosx_10_9_universal2.whl,0d8deb73a11a7b41bb831bc1c40fb9a70d9993d96dbfe82c0d3c6fb3acbe14ea,>=3.10,The selected release has no generic Python3 pure wheel; its published wheels require a platform/ABI or a different Python implementation tag. Artifact bytes were not downloaded. Older releases and source builds were not evaluated.
426,snowflake-snowpark-python,1.54.0,incompatible,syntax,True,False,verified_artifact,1,225,224,snowflake_snowpark_python-1.54.0-py3-none-any.whl,20dbe7a5715d1672e2d33a531798ddaa16f91081cd5d4b7cb7f35093188a7136,">=3.10, <3.15","Verified wheel source fails compilation at snowflake/snowpark/__init__.py. This is the first concrete blocker; later files were not checked.
Traceback (most recent call last):
  File ""<staging>/wheel/snowflake/snowpark/__init__.py"", line 52
    __version__ = ""."".join(str(x) for x in VERSION if x is not None)
SyntaxError: expected ')', got 'for'
error: Python syntax check failed for '<staging>/wheel/snowflake/snowpark/__init__.py' (no source was executed)"
427,pypdfium2,5.13.0,incompatible,native_only,False,False,metadata,0,,,pypdfium2-5.13.0-py3-none-android_23_arm64_v8a.whl,882f4bbd4b17a335b43603169a14cde9341de12b238acd5c39e690cbca7c4293,>=3.6,The selected release has no generic Python3 pure wheel; its published wheels require a platform/ABI or a different Python implementation tag. Artifact bytes were not downloaded. Older releases and source builds were not evaluated.
428,llama-parse,0.6.94,unverified,unverified,True,True,verified_artifact,5,5,0,llama_parse-0.6.94-py3-none-any.whl,48f21d909696597bf992acf5017685d88a6b25604bc1e98775021f39fe66649f,"<4.0,>=3.9","All 5 Python source files compile. Imports, runtime APIs, dependency closure, assets, and behavior were not exercised; this is not a tested compatibility result."
429,argon2-cffi,25.1.0,incompatible,syntax,True,False,verified_artifact,1,8,7,argon2_cffi-25.1.0-py3-none-any.whl,fdc8b074db390fccb6eb4a3604ae7231f219aa669a2652e0f20e16ba513d5741,>=3.8,"Verified wheel source fails compilation at argon2/__init__.py. This is the first concrete blocker; later files were not checked.
Traceback (most recent call last):
  File ""<staging>/wheel/argon2/__init__.py"", line 65
    ""removed in a future release. Use importlib.metadata directly ""
SyntaxError: expected ')', got '@str'
error: Python syntax check failed for '<staging>/wheel/argon2/__init__.py' (no source was executed)"
430,llama-cloud-services,0.6.94,incompatible,syntax,True,False,verified_artifact,3,28,25,llama_cloud_services-0.6.94-py3-none-any.whl,ac89785f3689d71298511f751bcf4ca16952a616bd75ff06e0ff164f04b0775b,"<4.0,>=3.9","Verified wheel source fails compilation at llama_cloud_services/beta/agent_data/client.py. This is the first concrete blocker; later files were not checked.
Traceback (most recent call last):
  File ""<staging>/wheel/llama_cloud_services/beta/agent_data/client.py"", line 164
    async def get_item(self, item_id: str) -> TypedAgentData[AgentDataT]:
SyntaxError: expected 'def', got '@id'
error: Python syntax check failed for '<staging>/wheel/llama_cloud_services/beta/agent_data/client.py' (no source was executed)"
431,google-cloud-bigtable,2.44.0,incompatible,syntax,True,False,verified_artifact,2,131,129,google_cloud_bigtable-2.44.0-py3-none-any.whl,fa730be624237cb36f582a77f3e655f7b6afad530db7c455c87e83dfefad5799,>=3.10,"Verified wheel source fails compilation at google/cloud/bigtable/app_profile.py. This is the first concrete blocker; later files were not checked.
Traceback (most recent call last):
  File ""<staging>/wheel/google/cloud/bigtable/app_profile.py"", line 138
    and other._instance == self._instance
SyntaxError: expected ')', got 'and'
error: Python syntax check failed for '<staging>/wheel/google/cloud/bigtable/app_profile.py' (no source was executed)"
432,langchain-openai,1.6.0,incompatible,syntax,True,False,verified_artifact,2,24,22,langchain_openai-1.6.0-py3-none-any.whl,648112bbd135aa51d60d4aa2fd4ad353628a8d92a2f8e779244a0d9869a16f18,"<4.0.0,>=3.10.0","Verified wheel source fails compilation at langchain_openai/_compat.py. This is the first concrete blocker; later files were not checked.
Traceback (most recent call last):
  File ""<staging>/wheel/langchain_openai/_compat.py"", line 31
    match = re.match(r""\D*(\d+)"", str(getattr(openai, ""__version__"", """")))
SyntaxError: expected an expression, got =
error: Python syntax check failed for '<staging>/wheel/langchain_openai/_compat.py' (no source was executed)"
433,poetry,2.4.2,incompatible,syntax,True,False,verified_artifact,4,191,187,poetry-2.4.2-py3-none-any.whl,a506d6ff7fcc54a3472b2618145b8e4a1ef8d76d52836d41b813fa1b36083a08,">=3.10,<4.0","Verified wheel source fails compilation at poetry/config/config.py. This is the first concrete blocker; later files were not checked.
Traceback (most recent call last):
  File ""<staging>/wheel/poetry/config/config.py"", line 49
    return [vs for v in val.split("","") if (vs := v.strip())]
SyntaxError: expected ')', got ':'
error: Python syntax check failed for '<staging>/wheel/poetry/config/config.py' (no source was executed)"
434,pendulum,3.2.0,incompatible,syntax,True,False,verified_artifact,1,119,118,pendulum-3.2.0-py3-none-any.whl,f3a9c18a89b4d9ef39c5fa6a78722aaff8d5be2597c129a3b16b9f40a561acf3,>=3.9,"Verified wheel source fails compilation at pendulum/__init__.py. This is the first concrete blocker; later files were not checked.
Traceback (most recent call last):
  File ""<staging>/wheel/pendulum/__init__.py"", line 134
    tz: str | float | Timezone | FixedTimezone | _datetime.tzinfo | None = UTC,
SyntaxError: expected a literal, got '@id'
error: Python syntax check failed for '<staging>/wheel/pendulum/__init__.py' (no source was executed)"
435,typeguard,4.6.0,incompatible,syntax,True,False,verified_artifact,2,12,10,typeguard-4.6.0-py3-none-any.whl,79878165bb86f2cf5d41d159a0ff1792a796cf496882d2fe1b1c6c7049b9cdd7,>=3.10,"Verified wheel source fails compilation at typeguard/_checkers.py. This is the first concrete blocker; later files were not checked.
Traceback (most recent call last):
  File ""<staging>/wheel/typeguard/_checkers.py"", line 173
    type(item) is ParamSpec for item in argument_types
SyntaxError: expected ')', got 'for'
error: Python syntax check failed for '<staging>/wheel/typeguard/_checkers.py' (no source was executed)"
436,pygithub,2.10.0,incompatible,syntax,True,False,verified_artifact,1,176,175,pygithub-2.10.0-py3-none-any.whl,192ada2a76e4afc7d6b37e500c9bfeba1731e6506697445a5ba1c4af8bf0b924,>=3.10,"Verified wheel source fails compilation at github/AccessToken.py. This is the first concrete blocker; later files were not checked.
Traceback (most recent call last):
  File ""<staging>/wheel/github/AccessToken.py"", line 67
    ""token"": f""{self.token[:5]}..."",
SyntaxError: expected an expression, got @fstr-spec
error: Python syntax check failed for '<staging>/wheel/github/AccessToken.py' (no source was executed)"
437,types-protobuf,7.35.1.20260827,unverified,unverified,True,True,verified_artifact,0,0,0,types_protobuf-7.35.1.20260827-py3-none-any.whl,7cc452a012678a6a889287d4cb702ea54b9f90a6ab0f3aa4c019d21f3ae7529b,>=3.10,"The wheel contains no .py source files to compile; it may be a stub, data, or dependency-only distribution. Dependencies, runtime APIs, assets, and behavior were not exercised."
438,jsonpath-ng,1.8.0,incompatible,syntax,True,False,verified_artifact,3,16,13,jsonpath_ng-1.8.0-py3-none-any.whl,b8dde192f8af58d646fc031fac9c99fe4d00326afc4148f1f043c601a8cfe138,,"Verified wheel source fails compilation at jsonpath_ng/_ply/lex.py. This is the first concrete blocker; later files were not checked.
Traceback (most recent call last):
  File ""<staging>/wheel/jsonpath_ng/_ply/lex.py"", line 191
    for (pat, func), retext, renames in zip(lre, self.lexstateretext[statename], self.lexstaterenames[statename]):
SyntaxError: expected '@id', got '('
error: Python syntax check failed for '<staging>/wheel/jsonpath_ng/_ply/lex.py' (no source was executed)"
439,uncalled-for,0.4.0,incompatible,syntax,True,False,verified_artifact,3,9,6,uncalled_for-0.4.0-py3-none-any.whl,16c4bb3337532e4bd5569adc192285976f3ad5305402256d34c67a12b5c968bd,>=3.10,"Verified wheel source fails compilation at uncalled_for/base.py. This is the first concrete blocker; later files were not checked.
Traceback (most recent call last):
  File ""<staging>/wheel/uncalled_for/base.py"", line 12
    class Dependency(abc.ABC, Generic[T]):
SyntaxError: expected ')', got ','
error: Python syntax check failed for '<staging>/wheel/uncalled_for/base.py' (no source was executed)"
440,scramp,1.4.17,incompatible,syntax,True,False,verified_artifact,2,3,1,scramp-1.4.17-py3-none-any.whl,a4e3fd2e8169461a28a13777a166d3da94274454f0714a7d3023fee124474ac8,>=3.10,"Verified wheel source fails compilation at scramp/core.py. This is the first concrete blocker; later files were not checked.
Traceback (most recent call last):
  File ""<staging>/wheel/scramp/core.py"", line 76
    ) from e
SyntaxError: expected statement end
error: Python syntax check failed for '<staging>/wheel/scramp/core.py' (no source was executed)"
441,llvmlite,0.49.0,incompatible,native_only,False,False,metadata,0,,,llvmlite-0.49.0-cp310-cp310-macosx_12_0_arm64.whl,ee81e96c15a6f870918f1eb60c913551c16aa23defb4f5f1acfa660d6a0aaac2,>=3.10,The selected release has no generic Python3 pure wheel; its published wheels require a platform/ABI or a different Python implementation tag. Artifact bytes were not downloaded. Older releases and source builds were not evaluated.
442,sphinx,9.1.0,incompatible,python_requirement,False,False,metadata,0,,,sphinx-9.1.0-py3-none-any.whl,c84fdd4e782504495fe4f2c0b3413d6c2bf388589bb352d439b2a3bb99991978,>=3.12,The selected release declares Requires-Python >=3.12; Kipferl advertises 3.11.0. Older releases were not evaluated.
443,grpcio-health-checking,1.83.1,incompatible,syntax,True,False,verified_artifact,3,6,3,grpcio_health_checking-1.83.1-py3-none-any.whl,be7541053f5208bd0805d414ee51a3877323834a1ec6efc8dd39ffed3ebeeb36,>=3.10,"Verified wheel source fails compilation at grpc_health/v1/_async.py. This is the first concrete blocker; later files were not checked.
Traceback (most recent call last):
  File ""<staging>/wheel/grpc_health/v1/_async.py"", line 39
    async def Check(
SyntaxError: expected statement end
error: Python syntax check failed for '<staging>/wheel/grpc_health/v1/_async.py' (no source was executed)"
444,nltk,3.10.3,incompatible,syntax,True,False,verified_artifact,1,444,443,nltk-3.10.3-py3-none-any.whl,ff9598a8e20518ee0d557745890cc4435b9578489e2dcbc69c4f81fa060caf7c,>=3.10,"Verified wheel source fails compilation at nltk/__init__.py. This is the first concrete blocker; later files were not checked.
Traceback (most recent call last):
  File ""<staging>/wheel/nltk/__init__.py"", line 48
    Copyright (C) 2001-2026 NLTK Project.
SyntaxError: invalid escape char
error: Python syntax check failed for '<staging>/wheel/nltk/__init__.py' (no source was executed)"
445,fastcore,2.2.21,incompatible,syntax,True,False,verified_artifact,3,31,28,fastcore-2.2.21-py3-none-any.whl,672f4d71988a330d0e1b2f034f9dcc171e1ab7f56b5c88a1ee2bd941168f3cca,>=3.10,"Verified wheel source fails compilation at fastcore/aio.py. This is the first concrete blocker; later files were not checked.
Traceback (most recent call last):
  File ""<staging>/wheel/fastcore/aio.py"", line 62
    finally: run_sync(agen.aclose())
SyntaxError: finally clause is not supported yet
error: Python syntax check failed for '<staging>/wheel/fastcore/aio.py' (no source was executed)"
446,comm,0.2.3,incompatible,syntax,True,False,verified_artifact,2,2,0,comm-0.2.3-py3-none-any.whl,c615d91d75f7f04f095b30d1c1711babd43bdc6419c1be9886a85f2f4e489417,>=3.8,"Verified wheel source fails compilation at comm/base_comm.py. This is the first concrete blocker; later files were not checked.
Traceback (most recent call last):
  File ""<staging>/wheel/comm/base_comm.py"", line 222
    raise ImportError(error_msg) from e
SyntaxError: expected statement end
error: Python syntax check failed for '<staging>/wheel/comm/base_comm.py' (no source was executed)"
447,plotly,7.0.0,incompatible,syntax,True,False,verified_artifact,2,1507,1505,plotly-7.0.0-py3-none-any.whl,78cbf7bd06d1b05bb3b8ec1b709864695229b55151b6f7530fbf55517ead6fdd,>=3.8,"Verified wheel source fails compilation at _plotly_utils/basevalidators.py. This is the first concrete blocker; later files were not checked.
Traceback (most recent call last):
  File ""<staging>/wheel/_plotly_utils/basevalidators.py"", line 413
    The '{plotly_name}' property is an array that may be specified as a tuple,
SyntaxError: invalid escape char
error: Python syntax check failed for '<staging>/wheel/_plotly_utils/basevalidators.py' (no source was executed)"
448,crashtest,0.4.1,incompatible,syntax,True,False,verified_artifact,8,12,4,crashtest-0.4.1-py3-none-any.whl,8d23eac5fa660409f57472e3851dab7ac18aba459a8d19cbbba86d3d5aecd2a5,">=3.7,<4.0","Verified wheel source fails compilation at crashtest/frame.py. This is the first concrete blocker; later files were not checked.
Traceback (most recent call last):
  File ""<staging>/wheel/crashtest/frame.py"", line 76
    and self._function == other.function
SyntaxError: expected ')', got 'and'
error: Python syntax check failed for '<staging>/wheel/crashtest/frame.py' (no source was executed)"
449,ipykernel,7.3.0,incompatible,syntax,True,False,verified_artifact,4,46,42,ipykernel-7.3.0-py3-none-any.whl,897eb64da762549ef610698fca5e9675195ec6ac8ec7f19d81ce1ca20c876057,>=3.10,"Verified wheel source fails compilation at ipykernel/_version.py. This is the first concrete blocker; later files were not checked.
Traceback (most recent call last):
  File ""<staging>/wheel/ipykernel/_version.py"", line 12
    match = re.match(pattern, __version__)
SyntaxError: expected an expression, got =
error: Python syntax check failed for '<staging>/wheel/ipykernel/_version.py' (no source was executed)"
450,langgraph,1.2.11,incompatible,syntax,True,False,verified_artifact,2,78,76,langgraph-1.2.11-py3-none-any.whl,8bab70de7b2d00b5300fb289bcf38d8b241400f3184c1e95e8ce706fb0e8686b,>=3.10,"Verified wheel source fails compilation at langgraph/_internal/_cache.py. This is the first concrete blocker; later files were not checked.
Traceback (most recent call last):
  File ""<staging>/wheel/langgraph/_internal/_cache.py"", line 13
    return tuple(sorted((k, _freeze(v, depth - 1)) for k, v in obj.items()))
SyntaxError: expected ')', got 'for'
error: Python syntax check failed for '<staging>/wheel/langgraph/_internal/_cache.py' (no source was executed)"
451,aiofile,3.12.3,incompatible,syntax,True,False,verified_artifact,2,4,2,aiofile-3.12.3-py3-none-any.whl,5c1bcc9e929c50834608e8cc1a4cc1d7503eb60c15a535b779fd39e2f372c017,>=3.11,"Verified wheel source fails compilation at aiofile/aio.py. This is the first concrete blocker; later files were not checked.
Traceback (most recent call last):
  File ""<staging>/wheel/aiofile/aio.py"", line 176
    async def open(self) -> Optional[int]:
SyntaxError: expected statement end
error: Python syntax check failed for '<staging>/wheel/aiofile/aio.py' (no source was executed)"
452,duckdb,1.5.5,incompatible,native_only,False,False,metadata,0,,,duckdb-1.5.5-cp310-cp310-macosx_10_9_universal2.whl,3b805507f88171b428b21c966c30e9a3d54e30b24528918a44ed0032542bc26f,>=3.10.0,The selected release has no generic Python3 pure wheel; its published wheels require a platform/ABI or a different Python implementation tag. Artifact bytes were not downloaded. Older releases and source builds were not evaluated.
453,cleo,2.1.0,incompatible,syntax,True,False,verified_artifact,3,72,69,cleo-2.1.0-py3-none-any.whl,4a31bd4dd45695a64ee3c4758f583f134267c2bc518d8ae9a29cf237d009b07e,">=3.7,<4.0","Verified wheel source fails compilation at cleo/_utils.py. This is the first concrete blocker; later files were not checked.
Traceback (most recent call last):
  File ""<staging>/wheel/cleo/_utils.py"", line 108
    (fmt for fmt in _TIME_FORMATS if secs < fmt.threshold), _TIME_FORMATS[-1]
SyntaxError: expected ')', got 'for'
error: Python syntax check failed for '<staging>/wheel/cleo/_utils.py' (no source was executed)"
454,pdfminer-six,20260107,incompatible,syntax,True,False,verified_artifact,2,34,32,pdfminer_six-20260107-py3-none-any.whl,366585ba97e80dffa8f00cebe303d2f381884d8637af4ce422f1df3ef38111a9,>=3.10,"Verified wheel source fails compilation at pdfminer/_saslprep.py. This is the first concrete blocker; later files were not checked.
Traceback (most recent call last):
  File ""<staging>/wheel/pdfminer/_saslprep.py"", line 70
    ""\u0020"" if in_table_c12(elt) else elt
SyntaxError: invalid escape char
error: Python syntax check failed for '<staging>/wheel/pdfminer/_saslprep.py' (no source was executed)"
455,pyarrow-hotfix,0.7,incompatible,syntax,True,False,verified_artifact,2,2,0,pyarrow_hotfix-0.7-py3-none-any.whl,3236f3b5f1260f0e2ac070a55c1a7b339c4bb7267839bd2015e283234e758100,>=3.5,"Verified wheel source fails compilation at pyarrow_hotfix/__init__.py. This is the first concrete blocker; later files were not checked.
Traceback (most recent call last):
  File ""<staging>/wheel/pyarrow_hotfix/__init__.py"", line 7
    Disallowed deserialization of 'arrow.py_extension_type':
SyntaxError: invalid escape char
error: Python syntax check failed for '<staging>/wheel/pyarrow_hotfix/__init__.py' (no source was executed)"
456,responses,0.26.3,incompatible,syntax,True,False,verified_artifact,1,4,3,responses-0.26.3-py3-none-any.whl,74474f799334ac4f37d93b6437ecc3bb1bb5c77a8d31780a338643be2dce0af8,>=3.8,"Verified wheel source fails compilation at responses/__init__.py. This is the first concrete blocker; later files were not checked.
Traceback (most recent call last):
  File ""<staging>/wheel/responses/__init__.py"", line 137
    return any(ord(char) > 128 for char in s)
SyntaxError: expected ')', got 'for'
error: Python syntax check failed for '<staging>/wheel/responses/__init__.py' (no source was executed)"
457,caio,0.12.2,incompatible,syntax,True,False,verified_artifact,1,18,17,caio-0.12.2-py3-none-any.whl,5233e797c9fe2b541914b1bc2e2df82677e2206b537e44e252188f3c2cbb0ea9,>=3.10,"Verified wheel source fails compilation at caio/__init__.py. This is the first concrete blocker; later files were not checked.
Traceback (most recent call last):
  File ""<staging>/wheel/caio/__init__.py"", line 79
    f""Use one of {tuple(implementations)!r}"",
SyntaxError: expected ')', got '@fstr-begin'
error: Python syntax check failed for '<staging>/wheel/caio/__init__.py' (no source was executed)"
458,humanize,4.16.0,incompatible,syntax,True,False,verified_artifact,6,7,1,humanize-4.16.0-py3-none-any.whl,353eb2f34c09d098b2880eee8bef21832eae6d174f48c5762fff7e5fcb74d01d,>=3.10,"Verified wheel source fails compilation at humanize/number.py. This is the first concrete blocker; later files were not checked.
Traceback (most recent call last):
  File ""<staging>/wheel/humanize/number.py"", line 171
    result = f""{value:,.{ndigits}f}""
SyntaxError: f-string: single '}' is not allowed
error: Python syntax check failed for '<staging>/wheel/humanize/number.py' (no source was executed)"
459,psycopg2,2.9.12,incompatible,native_only,False,False,metadata,0,,,psycopg2-2.9.12-cp310-cp310-win_amd64.whl,d5fbe092315fb007c03544704e6d1e678a6c0378139d01cea433dc59edf041b4,>=3.9,The selected release has no generic Python3 pure wheel; its published wheels require a platform/ABI or a different Python implementation tag. Artifact bytes were not downloaded. Older releases and source builds were not evaluated.
460,cfn-lint,1.56.0,incompatible,syntax,True,False,verified_artifact,5,564,559,cfn_lint-1.56.0-py3-none-any.whl,28d5ef9a4b2c91d919ab6a9c973a328b52332a1aef63a4c1d99057228e7f9adf,"<3.15,>=3.10","Verified wheel source fails compilation at cfnlint/conditions/_condition.py. This is the first concrete blocker; later files were not checked.
Traceback (most recent call last):
  File ""<staging>/wheel/cfnlint/conditions/_condition.py"", line 149
    return all(condition._test(scenarios) for condition in self._conditions)
SyntaxError: expected ')', got 'for'
error: Python syntax check failed for '<staging>/wheel/cfnlint/conditions/_condition.py' (no source was executed)"
461,google-cloud-vision,3.15.0,incompatible,syntax,True,False,verified_artifact,3,126,123,google_cloud_vision-3.15.0-py3-none-any.whl,6293186bb824a986cdf73bcc83ad0e44a1ef26942347b7e01598061619bb66d4,>=3.10,"Verified wheel source fails compilation at google/cloud/vision_helpers/__init__.py. This is the first concrete blocker; later files were not checked.
Traceback (most recent call last):
  File ""<staging>/wheel/google/cloud/vision_helpers/__init__.py"", line 29
    def annotate_image(self, request, *, retry=None, timeout=None, metadata=()):
SyntaxError: expected '@id', got ','
error: Python syntax check failed for '<staging>/wheel/google/cloud/vision_helpers/__init__.py' (no source was executed)"
462,triton,3.8.0,incompatible,native_only,False,False,metadata,0,,,triton-3.8.0-cp310-cp310-manylinux_2_27_aarch64.manylinux_2_28_aarch64.whl,398f4b009c7ab08ed9aeb1d1282dee822945b53f399a5e12a4fecb643cf2007d,"<3.15,>=3.10",The selected release has no generic Python3 pure wheel; its published wheels require a platform/ABI or a different Python implementation tag. Artifact bytes were not downloaded. Older releases and source builds were not evaluated.
463,cattrs,26.1.0,incompatible,syntax,True,False,verified_artifact,16,50,34,cattrs-26.1.0-py3-none-any.whl,d1e0804c42639494d469d08d4f26d6b9de9b8ab26b446db7b5f8c2e97f7c3096,>=3.10,"Verified wheel source fails compilation at cattrs/_compat.py. This is the first concrete blocker; later files were not checked.
Traceback (most recent call last):
  File ""<staging>/wheel/cattrs/_compat.py"", line 140
    if any(isinstance(a.type, str) for a in attrs):
SyntaxError: expected ')', got 'for'
error: Python syntax check failed for '<staging>/wheel/cattrs/_compat.py' (no source was executed)"
464,dataclasses-json,0.6.7,incompatible,syntax,True,False,verified_artifact,3,9,6,dataclasses_json-0.6.7-py3-none-any.whl,0dbf33f26c8d5305befd61b39d2b3414e8a407bedc2834dea9b8d642666fb40a,">=3.7,<4.0","Verified wheel source fails compilation at dataclasses_json/api.py. This is the first concrete blocker; later files were not checked.
Traceback (most recent call last):
  File ""<staging>/wheel/dataclasses_json/api.py"", line 27
    *,
SyntaxError: expected '@id', got ','
error: Python syntax check failed for '<staging>/wheel/dataclasses_json/api.py' (no source was executed)"
465,portalocker,4.3.0,incompatible,syntax,True,False,verified_artifact,1,9,8,portalocker-4.3.0-py3-none-any.whl,aa91709ccfc322b8225171392d64a2f9fc833f15f5ab741cfba6d3fba285ce31,>=3.10,"Verified wheel source fails compilation at portalocker/__about__.py. This is the first concrete blocker; later files were not checked.
Traceback (most recent call last):
  File ""<staging>/wheel/portalocker/__about__.py"", line 38
    r""(?ms)^\[project\].*?^version\s*=\s*['\""]([^'\""]+)['\""]"",
SyntaxError: expected newline after line continuation character
error: Python syntax check failed for '<staging>/wheel/portalocker/__about__.py' (no source was executed)"
466,google-cloud-resource-manager,1.18.0,incompatible,syntax,True,False,verified_artifact,3,83,80,google_cloud_resource_manager-1.18.0-py3-none-any.whl,69bab144acd75878ebe44b720903dc3d140cb7d3be3261eaa8bc81e48afaff33,>=3.10,"Verified wheel source fails compilation at google/cloud/resourcemanager_v3/__init__.py. This is the first concrete blocker; later files were not checked.
Traceback (most recent call last):
  File ""<staging>/wheel/google/cloud/resourcemanager_v3/__init__.py"", line 142
    + f""({_py_version_str}).  Google will not post any further ""
SyntaxError: expected ')', got '+'
error: Python syntax check failed for '<staging>/wheel/google/cloud/resourcemanager_v3/__init__.py' (no source was executed)"
467,fastapi-cloud-cli,0.25.0,incompatible,syntax,True,False,verified_artifact,5,91,86,fastapi_cloud_cli-0.25.0-py3-none-any.whl,799868535a7a0716bd50bfb42dacc87aac570224e45052406840ff9244cc5841,>=3.10,"Verified wheel source fails compilation at fastapi_cloud_cli/api/_errors.py. This is the first concrete blocker; later files were not checked.
Traceback (most recent call last):
  File ""<staging>/wheel/fastapi_cloud_cli/api/_errors.py"", line 15
    def __init__(self, message: str, *, status_code: int | None = None) -> None:
SyntaxError: expected '@id', got ','
error: Python syntax check failed for '<staging>/wheel/fastapi_cloud_cli/api/_errors.py' (no source was executed)"
468,datadog,0.53.0,incompatible,syntax,True,False,verified_artifact,1,83,82,datadog-0.53.0-py2.py3-none-any.whl,e42467bad752c4739a232986e4ebdb8e4690134e901965557f2eaff0f40eb177,"!=3.0.*,!=3.1.*,!=3.2.*,!=3.3.*,!=3.4.*,!=3.5.*,!=3.6.*,>=2.7","Verified wheel source fails compilation at datadog/__init__.py. This is the first concrete blocker; later files were not checked.
Traceback (most recent call last):
  File ""<staging>/wheel/datadog/__init__.py"", line 110
    certificates. Can also be set to True (default) to use the systems \
SyntaxError: invalid escape char
error: Python syntax check failed for '<staging>/wheel/datadog/__init__.py' (no source was executed)"
469,toolz,1.1.0,incompatible,syntax,True,False,verified_artifact,2,33,31,toolz-1.1.0-py3-none-any.whl,15ccc861ac51c53696de0a5d6d4607f99c210739caf987b5d2054f3efed429d8,>=3.9,"Verified wheel source fails compilation at tlz/_build_tlz.py. This is the first concrete blocker; later files were not checked.
Traceback (most recent call last):
  File ""<staging>/wheel/tlz/_build_tlz.py"", line 83
    and v.__package__ == fast_mod.__name__
SyntaxError: expected ')', got 'and'
error: Python syntax check failed for '<staging>/wheel/tlz/_build_tlz.py' (no source was executed)"
470,google-cloud-run,0.16.1,incompatible,syntax,True,False,verified_artifact,3,104,101,google_cloud_run-0.16.1-py3-none-any.whl,8b7b91b20270cff5514a0af7ac2009572b3d3501a075868cf956a1f8cc6e61f2,>=3.10,"Verified wheel source fails compilation at google/cloud/run_v2/__init__.py. This is the first concrete blocker; later files were not checked.
Traceback (most recent call last):
  File ""<staging>/wheel/google/cloud/run_v2/__init__.py"", line 166
    + f""({_py_version_str}).  Google will not post any further ""
SyntaxError: expected ')', got '+'
error: Python syntax check failed for '<staging>/wheel/google/cloud/run_v2/__init__.py' (no source was executed)"
471,mcp-types,2.1.1,incompatible,syntax,True,False,verified_artifact,2,8,6,mcp_types-2.1.1-py3-none-any.whl,26f9f7f03f2a5730717a5b98e2ab7eb640ac352d05a00cdc725c311864778295,>=3.10,"Verified wheel source fails compilation at mcp_types/_types.py. This is the first concrete blocker; later files were not checked.
Traceback (most recent call last):
  File ""<staging>/wheel/mcp_types/_types.py"", line 80
    class RequestParamsMeta(TypedDict, extra_items=Any):
SyntaxError: expected ')', got ','
error: Python syntax check failed for '<staging>/wheel/mcp_types/_types.py' (no source was executed)"
472,poetry-plugin-export,1.10.0,incompatible,syntax,True,False,verified_artifact,2,5,3,poetry_plugin_export-1.10.0-py3-none-any.whl,fb9b61332718fb91c8d9399edb00fd73cf99de37506adf617fbdf55079bab223,">=3.10,<4.0","Verified wheel source fails compilation at poetry_plugin_export/command.py. This is the first concrete blocker; later files were not checked.
Traceback (most recent call last):
  File ""<staging>/wheel/poetry_plugin_export/command.py"", line 96
    and output
SyntaxError: expected ')', got 'and'
error: Python syntax check failed for '<staging>/wheel/poetry_plugin_export/command.py' (no source was executed)"
473,nbconvert,7.17.1,incompatible,syntax,True,False,verified_artifact,3,72,69,nbconvert-7.17.1-py3-none-any.whl,aa85c087b435e7bf1ffd03319f658e285f2b89eccab33bc1ba7025495ab3e7c8,>=3.9,"Verified wheel source fails compilation at nbconvert/_version.py. This is the first concrete blocker; later files were not checked.
Traceback (most recent call last):
  File ""<staging>/wheel/nbconvert/_version.py"", line 10
    match = re.match(pattern, __version__)
SyntaxError: expected an expression, got =
error: Python syntax check failed for '<staging>/wheel/nbconvert/_version.py' (no source was executed)"
474,python-pptx,1.0.2,incompatible,syntax,True,False,verified_artifact,8,101,93,python_pptx-1.0.2-py3-none-any.whl,160838e0b8565a8b1f67947675886e9fea18aa5e795db7ae531606d68e785cba,>=3.8,"Verified wheel source fails compilation at pptx/chart/data.py. This is the first concrete blocker; later files were not checked.
Traceback (most recent call last):
  File ""<staging>/wheel/pptx/chart/data.py"", line 455
    return sum(c.leaf_count for c in self._categories)
SyntaxError: expected ')', got 'for'
error: Python syntax check failed for '<staging>/wheel/pptx/chart/data.py' (no source was executed)"
475,py,1.11.0,incompatible,syntax,True,False,verified_artifact,3,36,33,py-1.11.0-py2.py3-none-any.whl,607c53218732647dff4acdfcd50cb62615cedf612e72d1724fb1a0cc6405b378,">=2.7, !=3.0.*, !=3.1.*, !=3.2.*, !=3.3.*, !=3.4.*","Verified wheel source fails compilation at py/_builtin.py. This is the first concrete blocker; later files were not checked.
Traceback (most recent call last):
  File ""<staging>/wheel/py/_builtin.py"", line 62
    finally:
SyntaxError: finally clause is not supported yet
error: Python syntax check failed for '<staging>/wheel/py/_builtin.py' (no source was executed)"
476,langchain-protocol,0.0.19,incompatible,syntax,True,False,verified_artifact,2,2,0,langchain_protocol-0.0.19-py3-none-any.whl,4cdf879a492a35980fd859ae792d3c65458ccaae504e183c9a10d7eac1f0720f,"<4.0.0,>=3.10.0","Verified wheel source fails compilation at langchain_protocol/protocol.py. This is the first concrete blocker; later files were not checked.
Traceback (most recent call last):
  File ""<staging>/wheel/langchain_protocol/protocol.py"", line 22
    class MessageMetadata(TypedDict, extra_items=MetadataScalar):
SyntaxError: expected ')', got ','
error: Python syntax check failed for '<staging>/wheel/langchain_protocol/protocol.py' (no source was executed)"
477,pycryptodomex,3.23.0,incompatible,native_only,False,False,metadata,0,,,pycryptodomex-3.23.0-cp27-cp27m-macosx_10_9_x86_64.whl,add243d204e125f189819db65eed55e6b4713f70a7e9576c043178656529cec7,"!=3.0.*,!=3.1.*,!=3.2.*,!=3.3.*,!=3.4.*,!=3.5.*,!=3.6.*,>=2.7",The selected release has no generic Python3 pure wheel; its published wheels require a platform/ABI or a different Python implementation tag. Artifact bytes were not downloaded. Older releases and source builds were not evaluated.
478,polars-runtime-32,1.44.1,incompatible,native_only,False,False,metadata,0,,,polars_runtime_32-1.44.1-cp310-abi3-macosx_10_12_x86_64.whl,1dfccb2b52aa50468a7d28e3e61c8338a13fb5bffc8646e388a649f5bdc6b463,>=3.10,The selected release has no generic Python3 pure wheel; its published wheels require a platform/ABI or a different Python implementation tag. Artifact bytes were not downloaded. Older releases and source builds were not evaluated.
479,pyflakes,3.4.0,incompatible,syntax,True,False,verified_artifact,3,21,18,pyflakes-3.4.0-py2.py3-none-any.whl,f742a7dbd0d9cb9ea41e9a24a918996e8170c799fa528688d40dd582c8265f4f,>=3.9,"Verified wheel source fails compilation at pyflakes/api.py. This is the first concrete blocker; later files were not checked.
Traceback (most recent call last):
  File ""<staging>/wheel/pyflakes/api.py"", line 15
    PYTHON_SHEBANG_REGEX = re.compile(br'^#!.*\bpython(3(\.\d+)?|w)?[dmu]?\s')
SyntaxError: invalid escape char
error: Python syntax check failed for '<staging>/wheel/pyflakes/api.py' (no source was executed)"
480,backports-tarfile,1.2.0,incompatible,syntax,True,False,verified_artifact,2,5,3,backports.tarfile-1.2.0-py3-none-any.whl,77e284d754527b01fb1e6fa8a1afe577858ebe4e9dad8919e34c862cb399bc34,>=3.8,"Verified wheel source fails compilation at backports/tarfile/__init__.py. This is the first concrete blocker; later files were not checked.
Traceback (most recent call last):
  File ""<staging>/wheel/backports/tarfile/__init__.py"", line 32
    __author__  = ""Lars Gust\u00e4bel (lars@gustaebel.de)""
SyntaxError: invalid escape char
error: Python syntax check failed for '<staging>/wheel/backports/tarfile/__init__.py' (no source was executed)"
481,snowflake-sqlalchemy,1.11.1,incompatible,syntax,True,False,verified_artifact,3,39,36,snowflake_sqlalchemy-1.11.1-py3-none-any.whl,b64ab947469bf25b3df3f88c5b92f17a938c9d47b5b09035551614f3ff1f44d9,>=3.8,"Verified wheel source fails compilation at snowflake/sqlalchemy/alembic_util.py. This is the first concrete blocker; later files were not checked.
Traceback (most recent call last):
  File ""<staging>/wheel/snowflake/sqlalchemy/alembic_util.py"", line 100
    finally:
SyntaxError: finally clause is not supported yet
error: Python syntax check failed for '<staging>/wheel/snowflake/sqlalchemy/alembic_util.py' (no source was executed)"
482,future,1.0.0,incompatible,syntax,True,False,verified_artifact,3,197,194,future-1.0.0-py3-none-any.whl,929292d34f5872e70396626ef385ec22355a1fae8ad29e1a734c3e43f9fbc216,">=2.6, !=3.0.*, !=3.1.*, !=3.2.*","Verified wheel source fails compilation at future/backports/_markupbase.py. This is the first concrete blocker; later files were not checked.
Traceback (most recent call last):
  File ""<staging>/wheel/future/backports/_markupbase.py"", line 38
    _declstringlit_match = re.compile(r'(\'[^\']*\'|""[^""]*"")\s*').match
SyntaxError: expected newline after line continuation character
error: Python syntax check failed for '<staging>/wheel/future/backports/_markupbase.py' (no source was executed)"
483,pysocks,1.7.1,incompatible,syntax,True,False,verified_artifact,1,2,1,PySocks-1.7.1-py3-none-any.whl,2725bd0a9925919b9b51739eea5f9e2bae91e83288108a9ad338b2e3a4435ee5,">=2.7, !=3.0.*, !=3.1.*, !=3.2.*, !=3.3.*","Verified wheel source fails compilation at socks.py. This is the first concrete blocker; later files were not checked.
Traceback (most recent call last):
  File ""<staging>/wheel/socks.py"", line 50
    finally:
SyntaxError: finally clause is not supported yet
error: Python syntax check failed for '<staging>/wheel/socks.py' (no source was executed)"
484,nbclient,0.11.0,incompatible,syntax,True,False,verified_artifact,2,8,6,nbclient-0.11.0-py3-none-any.whl,ef7fa0d59d6e1d41103933d8a445a18d5de860ca6b613b87b8574accdb3c2895,>=3.10.0,"Verified wheel source fails compilation at nbclient/_version.py. This is the first concrete blocker; later files were not checked.
Traceback (most recent call last):
  File ""<staging>/wheel/nbclient/_version.py"", line 10
    match = re.match(pattern, __version__)
SyntaxError: expected an expression, got =
error: Python syntax check failed for '<staging>/wheel/nbclient/_version.py' (no source was executed)"
485,google-cloud-videointelligence,2.20.0,incompatible,syntax,True,False,verified_artifact,3,77,74,google_cloud_videointelligence-2.20.0-py3-none-any.whl,b7e0ac16d50f66f4dd2f3d1d7d2eb142ae90a06556118820725bde9da1cc7631,>=3.10,"Verified wheel source fails compilation at google/cloud/videointelligence_v1/__init__.py. This is the first concrete blocker; later files were not checked.
Traceback (most recent call last):
  File ""<staging>/wheel/google/cloud/videointelligence_v1/__init__.py"", line 95
    + f""({_py_version_str}).  Google will not post any further ""
SyntaxError: expected ')', got '+'
error: Python syntax check failed for '<staging>/wheel/google/cloud/videointelligence_v1/__init__.py' (no source was executed)"
486,google-cloud-language,2.21.0,incompatible,syntax,True,False,verified_artifact,3,44,41,google_cloud_language-2.21.0-py3-none-any.whl,85ca2e90c7572004502ac06733667e7ed27ec207757f1c21b584c930d8e01500,>=3.10,"Verified wheel source fails compilation at google/cloud/language_v1/__init__.py. This is the first concrete blocker; later files were not checked.
Traceback (most recent call last):
  File ""<staging>/wheel/google/cloud/language_v1/__init__.py"", line 72
    + f""({_py_version_str}).  Google will not post any further ""
SyntaxError: expected ')', got '+'
error: Python syntax check failed for '<staging>/wheel/google/cloud/language_v1/__init__.py' (no source was executed)"
487,google-cloud-workflows,1.23.0,incompatible,syntax,True,False,verified_artifact,4,60,56,google_cloud_workflows-1.23.0-py3-none-any.whl,06fbabc20e7b8b360f548d307451d70a3037b7cda012dd4051a33e104bc34707,>=3.10,"Verified wheel source fails compilation at google/cloud/workflows/executions_v1/__init__.py. This is the first concrete blocker; later files were not checked.
Traceback (most recent call last):
  File ""<staging>/wheel/google/cloud/workflows/executions_v1/__init__.py"", line 53
    + f""({_py_version_str}).  Google will not post any further ""
SyntaxError: expected ')', got '+'
error: Python syntax check failed for '<staging>/wheel/google/cloud/workflows/executions_v1/__init__.py' (no source was executed)"
488,colorlog,6.12.0,incompatible,syntax,True,False,verified_artifact,2,4,2,colorlog-6.12.0-py3-none-any.whl,30d392604e9110045a2c2aeefc27d7a017abbab63f3a8aee594eac0801df784e,>=3.6,"Verified wheel source fails compilation at colorlog/escape_codes.py. This is the first concrete blocker; later files were not checked.
Traceback (most recent call last):
  File ""<staging>/wheel/colorlog/escape_codes.py"", line 15
    else:
SyntaxError: expected an expression, got else
error: Python syntax check failed for '<staging>/wheel/colorlog/escape_codes.py' (no source was executed)"
489,unidiff,1.0.0,incompatible,syntax,True,False,verified_artifact,6,6,0,unidiff-1.0.0-py3-none-any.whl,2e1fb4eebe2354a26a1f3d51efe2e5d504cae5764b98ed8bdbb4e7a000baff28,>=3.9,"Verified wheel source fails compilation at unidiff/patch.py. This is the first concrete blocker; later files were not checked.
Traceback (most recent call last):
  File ""<staging>/wheel/unidiff/patch.py"", line 85
    return (self.source_line_no == other.source_line_no and
SyntaxError: expected an expression, got @eol
error: Python syntax check failed for '<staging>/wheel/unidiff/patch.py' (no source was executed)"
490,sqlalchemy-bigquery,1.17.2,incompatible,syntax,True,False,verified_artifact,1,13,12,sqlalchemy_bigquery-1.17.2-py3-none-any.whl,3b5034178a594cb84b89a2ee4818eb472162fa95c98461d809616eb148b8e46c,>=3.10,"Verified wheel source fails compilation at sqlalchemy_bigquery/__init__.py. This is the first concrete blocker; later files were not checked.
Traceback (most recent call last):
  File ""<staging>/wheel/sqlalchemy_bigquery/__init__.py"", line 54
    f""Your Python version is {sys.version_info.major}.{sys.version_info.minor}.{sys.version_info.micro}. We ""
SyntaxError: expected ')', got '@fstr-begin'
error: Python syntax check failed for '<staging>/wheel/sqlalchemy_bigquery/__init__.py' (no source was executed)"
491,confluent-kafka,2.15.0,incompatible,native_only,False,False,metadata,0,,,confluent_kafka-2.15.0-cp310-cp310-macosx_10_9_x86_64.whl,f8ac4addda1cff47adc316146ee74aa2a83eeef14b176252f6f1abd29ae1d5a2,>=3.8,The selected release has no generic Python3 pure wheel; its published wheels require a platform/ABI or a different Python implementation tag. Artifact bytes were not downloaded. Older releases and source builds were not evaluated.
492,absl-py,2.5.0,incompatible,syntax,True,False,verified_artifact,2,22,20,absl_py-2.5.0-py3-none-any.whl,0f17b89f2a4eaaedc4f28c622998aa690564b3012a396a4ffad0821007fe03ba,>=3.10,"Verified wheel source fails compilation at absl/app.py. This is the first concrete blocker; later files were not checked.
Traceback (most recent call last):
  File ""<staging>/wheel/absl/app.py"", line 124
    else:
SyntaxError: expected an expression, got else
error: Python syntax check failed for '<staging>/wheel/absl/app.py' (no source was executed)"
493,google-cloud-dataform,0.11.3,incompatible,syntax,True,False,verified_artifact,3,32,29,google_cloud_dataform-0.11.3-py3-none-any.whl,703820e52976b7f0ec2e3f781827d892160bb58997de0797d4ca34e87b591f04,>=3.10,"Verified wheel source fails compilation at google/cloud/dataform_v1/__init__.py. This is the first concrete blocker; later files were not checked.
Traceback (most recent call last):
  File ""<staging>/wheel/google/cloud/dataform_v1/__init__.py"", line 197
    + f""({_py_version_str}).  Google will not post any further ""
SyntaxError: expected ')', got '+'
error: Python syntax check failed for '<staging>/wheel/google/cloud/dataform_v1/__init__.py' (no source was executed)"
494,zope-interface,8.6,incompatible,native_only,False,False,metadata,0,,,zope_interface-8.6-cp310-cp310-macosx_10_9_x86_64.whl,42fb95008784a3b50c4b79e4488845d1950c57eef17ebc9c53a680084fb93da2,>=3.10,The selected release has no generic Python3 pure wheel; its published wheels require a platform/ABI or a different Python implementation tag. Artifact bytes were not downloaded. Older releases and source builds were not evaluated.
495,google-cloud-redis,2.22.0,incompatible,syntax,True,False,verified_artifact,3,32,29,google_cloud_redis-2.22.0-py3-none-any.whl,2adf480d720ddb18d4ff79d584cd4de4f1ad70d31db2bf76bc995a2eba9d0ddc,>=3.10,"Verified wheel source fails compilation at google/cloud/redis_v1/__init__.py. This is the first concrete blocker; later files were not checked.
Traceback (most recent call last):
  File ""<staging>/wheel/google/cloud/redis_v1/__init__.py"", line 73
    + f""({_py_version_str}).  Google will not post any further ""
SyntaxError: expected ')', got '+'
error: Python syntax check failed for '<staging>/wheel/google/cloud/redis_v1/__init__.py' (no source was executed)"
496,openapi-pydantic,0.5.1,incompatible,syntax,True,False,verified_artifact,2,70,68,openapi_pydantic-0.5.1-py3-none-any.whl,a3a09ef4586f5bd760a8df7f43028b60cafb6d9f61de2acba9574766255ab146,">=3.8,<4.0","Verified wheel source fails compilation at openapi_pydantic/compat.py. This is the first concrete blocker; later files were not checked.
Traceback (most recent call last):
  File ""<staging>/wheel/openapi_pydantic/compat.py"", line 54
    *,
SyntaxError: expected '@id', got ','
error: Python syntax check failed for '<staging>/wheel/openapi_pydantic/compat.py' (no source was executed)"
497,pbs-installer,2026.9.1,incompatible,syntax,True,False,verified_artifact,2,5,3,pbs_installer-2026.9.1-py3-none-any.whl,d2c320a11e0313f559f4338fad3f698345d200d0506053c75d266730b2507dcb,>=3.9,"Verified wheel source fails compilation at pbs_installer/__main__.py. This is the first concrete blocker; later files were not checked.
Traceback (most recent call last):
  File ""<staging>/wheel/pbs_installer/__main__.py"", line 24
    dest: str = SUPPRESS,
SyntaxError: expected a literal, got '@id'
error: Python syntax check failed for '<staging>/wheel/pbs_installer/__main__.py' (no source was executed)"
498,libcst,1.9.0,incompatible,native_only,False,False,metadata,0,,,libcst-1.9.0-cp310-cp310-macosx_11_0_arm64.whl,5705f664266742b8d9323db714f58cf06a6cde739eb09fd9ca31cd233f9806e5,>=3.9,The selected release has no generic Python3 pure wheel; its published wheels require a platform/ABI or a different Python implementation tag. Artifact bytes were not downloaded. Older releases and source builds were not evaluated.
499,google-cloud-os-login,2.22.0,incompatible,syntax,True,False,verified_artifact,3,19,16,google_cloud_os_login-2.22.0-py3-none-any.whl,7da04a59edd41d15e97a8acd54ea3bc02554bc4ea6031299a92f9346a84a9eab,>=3.10,"Verified wheel source fails compilation at google/cloud/oslogin_v1/__init__.py. This is the first concrete blocker; later files were not checked.
Traceback (most recent call last):
  File ""<staging>/wheel/google/cloud/oslogin_v1/__init__.py"", line 55
    + f""({_py_version_str}).  Google will not post any further ""
SyntaxError: expected ')', got '+'
error: Python syntax check failed for '<staging>/wheel/google/cloud/oslogin_v1/__init__.py' (no source was executed)"
500,google-cloud-bigquery-datatransfer,3.23.0,incompatible,syntax,True,False,verified_artifact,3,18,15,google_cloud_bigquery_datatransfer-3.23.0-py3-none-any.whl,a629de815a46fc0404f880f28e365f1b2a01c07783b3413d1020407114742d17,>=3.10,"Verified wheel source fails compilation at google/cloud/bigquery_datatransfer_v1/__init__.py. This is the first concrete blocker; later files were not checked.
Traceback (most recent call last):
  File ""<staging>/wheel/google/cloud/bigquery_datatransfer_v1/__init__.py"", line 89
    + f""({_py_version_str}).  Google will not post any further ""
SyntaxError: expected ')', got '+'
error: Python syntax check failed for '<staging>/wheel/google/cloud/bigquery_datatransfer_v1/__init__.py' (no source was executed)"
501,setproctitle,1.3.7,incompatible,native_only,False,False,metadata,0,,,setproctitle-1.3.7-cp310-cp310-macosx_10_9_universal2.whl,cf555b6299f10a6eb44e4f96d2f5a3884c70ce25dc5c8796aaa2f7b40e72cb1b,>=3.8,The selected release has no generic Python3 pure wheel; its published wheels require a platform/ABI or a different Python implementation tag. Artifact bytes were not downloaded. Older releases and source builds were not evaluated.
502,freezegun,1.5.5,incompatible,syntax,True,False,verified_artifact,2,4,2,freezegun-1.5.5-py3-none-any.whl,cd557f4a75cf074e84bc374249b9dd491eaeacd61376b9eb3c423282211619d2,>=3.8,"Verified wheel source fails compilation at freezegun/_async.py. This is the first concrete blocker; later files were not checked.
Traceback (most recent call last):
  File ""<staging>/wheel/freezegun/_async.py"", line 10
    async def wrapper(*args: Any, **kwargs: Any) -> Any:
SyntaxError: expected 'def', got '@id'
error: Python syntax check failed for '<staging>/wheel/freezegun/_async.py' (no source was executed)"
503,pylint,4.0.8,incompatible,syntax,True,False,verified_artifact,1,178,177,pylint-4.0.8-py3-none-any.whl,3341c08c0aabaa4adc71516de0969f3ba5c692b56c75af4dcb4d242823fbe363,>=3.10.0,"Verified wheel source fails compilation at pylint/__init__.py. This is the first concrete blocker; later files were not checked.
Traceback (most recent call last):
  File ""<staging>/wheel/pylint/__init__.py"", line 108
    and unraisable.exc_value.args[0] == ""generator already executing""
SyntaxError: expected ')', got 'and'
error: Python syntax check failed for '<staging>/wheel/pylint/__init__.py' (no source was executed)"
504,google-cloud-memcache,1.16.0,incompatible,syntax,True,False,verified_artifact,3,32,29,google_cloud_memcache-1.16.0-py3-none-any.whl,46611deb9b00eec0c17fd4e83ad66b2e36fe466e8a34e41ebdec565b86f47ebd,>=3.10,"Verified wheel source fails compilation at google/cloud/memcache_v1/__init__.py. This is the first concrete blocker; later files were not checked.
Traceback (most recent call last):
  File ""<staging>/wheel/google/cloud/memcache_v1/__init__.py"", line 64
    + f""({_py_version_str}).  Google will not post any further ""
SyntaxError: expected ')', got '+'
error: Python syntax check failed for '<staging>/wheel/google/cloud/memcache_v1/__init__.py' (no source was executed)"
505,azure-keyvault-secrets,4.11.2,incompatible,syntax,True,False,verified_artifact,2,40,38,azure_keyvault_secrets-4.11.2-py3-none-any.whl,7abdd4a830bd8f4998bea0edbe69b8a772d672c17eabfdf3f77d8e4ef29442e9,>=3.9,"Verified wheel source fails compilation at azure/keyvault/secrets/_client.py. This is the first concrete blocker; later files were not checked.
Traceback (most recent call last):
  File ""<staging>/wheel/azure/keyvault/secrets/_client.py"", line 50
    *,
SyntaxError: *args should be placed before **kwargs
error: Python syntax check failed for '<staging>/wheel/azure/keyvault/secrets/_client.py' (no source was executed)"
506,jupyterlab-pygments,0.3.0,unverified,unverified,True,True,verified_artifact,3,3,0,jupyterlab_pygments-0.3.0-py3-none-any.whl,841a89020971da1d8693f1a99997aefc5dc424bb1b251fd6322462a1b8842780,>=3.8,"All 3 Python source files compile. Imports, runtime APIs, dependency closure, assets, and behavior were not exercised; this is not a tested compatibility result."
507,google-cloud-dataproc-metastore,1.23.0,incompatible,syntax,True,False,verified_artifact,3,80,77,google_cloud_dataproc_metastore-1.23.0-py3-none-any.whl,15e72b543aa32ab3e501389384082ea6d2018250c286622c27c79915ab6e5b77,>=3.10,"Verified wheel source fails compilation at google/cloud/metastore_v1/__init__.py. This is the first concrete blocker; later files were not checked.
Traceback (most recent call last):
  File ""<staging>/wheel/google/cloud/metastore_v1/__init__.py"", line 106
    + f""({_py_version_str}).  Google will not post any further ""
SyntaxError: expected ')', got '+'
error: Python syntax check failed for '<staging>/wheel/google/cloud/metastore_v1/__init__.py' (no source was executed)"
508,google-cloud-orchestration-airflow,1.22.0,incompatible,syntax,True,False,verified_artifact,3,56,53,google_cloud_orchestration_airflow-1.22.0-py3-none-any.whl,8b827ed0a87de2e29a64c3b5b039795fd5496c1e2084ca0d586f67fcd7879e62,>=3.10,"Verified wheel source fails compilation at google/cloud/orchestration/airflow/service_v1/__init__.py. This is the first concrete blocker; later files were not checked.
Traceback (most recent call last):
  File ""<staging>/wheel/google/cloud/orchestration/airflow/service_v1/__init__.py"", line 115
    + f""({_py_version_str}).  Google will not post any further ""
SyntaxError: expected ')', got '+'
error: Python syntax check failed for '<staging>/wheel/google/cloud/orchestration/airflow/service_v1/__init__.py' (no source was executed)"
509,click-plugins,1.1.1.2,incompatible,syntax,True,False,verified_artifact,2,3,1,click_plugins-1.1.1.2-py2.py3-none-any.whl,008d65743833ffc1f5417bf0e78e8d2c23aab04d9745ba817bd3e71b0feb6aa6,,"Verified wheel source fails compilation at click_plugins/core.py. This is the first concrete blocker; later files were not checked.
Traceback (most recent call last):
  File ""<staging>/wheel/click_plugins/core.py"", line 70
    icon = u'\U0001F4A9'
SyntaxError: invalid escape char
error: Python syntax check failed for '<staging>/wheel/click_plugins/core.py' (no source was executed)"
510,langgraph-prebuilt,1.1.0,incompatible,syntax,True,False,verified_artifact,2,7,5,langgraph_prebuilt-1.1.0-py3-none-any.whl,51e311747d755b751d5c6b39b0c1446124d3a7643d2515017e6714b323508fc9,>=3.10,"Verified wheel source fails compilation at langgraph/prebuilt/_tool_call_stream.py. This is the first concrete blocker; later files were not checked.
Traceback (most recent call last):
  File ""<staging>/wheel/langgraph/prebuilt/_tool_call_stream.py"", line 69
    def _bind(self, *, is_async: bool) -> None:
SyntaxError: expected '@id', got ','
error: Python syntax check failed for '<staging>/wheel/langgraph/prebuilt/_tool_call_stream.py' (no source was executed)"
511,pandocfilters,1.5.1,incompatible,syntax,True,False,verified_artifact,1,1,0,pandocfilters-1.5.1-py2.py3-none-any.whl,93be382804a9cdb0a7267585f157e5d1731bbe5545a85b268d6f5fe6232de2bc,">=2.7, !=3.0.*, !=3.1.*, !=3.2.*, !=3.3.*","Verified wheel source fails compilation at pandocfilters.py. This is the first concrete blocker; later files were not checked.
Traceback (most recent call last):
  File ""<staging>/wheel/pandocfilters.py"", line 81
    value, res = get_value(kv, u""caption"")
SyntaxError: expected ')', got '@str'
error: Python syntax check failed for '<staging>/wheel/pandocfilters.py' (no source was executed)"
512,prettytable,3.18.0,incompatible,syntax,True,False,verified_artifact,4,5,1,prettytable-3.18.0-py3-none-any.whl,b3346e0e6f79180833aebaac088ae926340586cf6d7d991b9eb125b65f72313a,>=3.10,"Verified wheel source fails compilation at prettytable/colortable.py. This is the first concrete blocker; later files were not checked.
Traceback (most recent call last):
  File ""<staging>/wheel/prettytable/colortable.py"", line 132
    + theme.vertical_char
SyntaxError: expected ')', got '+'
error: Python syntax check failed for '<staging>/wheel/prettytable/colortable.py' (no source was executed)"
513,simplejson,4.1.2,incompatible,syntax,True,False,verified_artifact,1,44,43,simplejson-4.1.2-py3-none-any.whl,93f95f6769f37f4c3763666950b23bf9b9230b60bf1d718845e92db2ebcbf32d,">=2.7, !=3.0.*, !=3.1.*, !=3.2.*, !=3.3.*, !=3.4.*, !=3.5.*, !=3.6.*, !=3.7.*","Verified wheel source fails compilation at simplejson/__init__.py. This is the first concrete blocker; later files were not checked.
Traceback (most recent call last):
  File ""<staging>/wheel/simplejson/__init__.py"", line 243
    if (not skipkeys and ensure_ascii and
SyntaxError: expected an expression, got @eol
error: Python syntax check failed for '<staging>/wheel/simplejson/__init__.py' (no source was executed)"
514,flask-cors,6.0.5,incompatible,syntax,True,False,verified_artifact,2,4,2,flask_cors-6.0.5-py3-none-any.whl,68fcf75693e961f3af26683b23c4b9a8fb6b64de17d20d0c37b95e8de7ab2ed8,"<4.0,>=3.9","Verified wheel source fails compilation at flask_cors/core.py. This is the first concrete blocker; later files were not checked.
Traceback (most recent call last):
  File ""<staging>/wheel/flask_cors/core.py"", line 71
    class CrossOriginOptionsInput(TypedDict, total=False):
SyntaxError: expected ')', got ','
error: Python syntax check failed for '<staging>/wheel/flask_cors/core.py' (no source was executed)"
515,redshift-connector,2.1.16,incompatible,syntax,True,False,verified_artifact,1,47,46,redshift_connector-2.1.16-py3-none-any.whl,6d50ef7c19bf48e0895f8e81636f182bd8d0f3b447f02e9c924e9c52ca8e2cb6,>=3.8,"Verified wheel source fails compilation at redshift_connector/__init__.py. This is the first concrete blocker; later files were not checked.
Traceback (most recent call last):
  File ""<staging>/wheel/redshift_connector/__init__.py"", line 478
    apilevel: str = ""2.0""
SyntaxError: maximum number of local variables exceeded
error: Python syntax check failed for '<staging>/wheel/redshift_connector/__init__.py' (no source was executed)"
516,graphviz,0.21,incompatible,syntax,True,False,verified_artifact,4,33,29,graphviz-0.21-py3-none-any.whl,54f33de9f4f911d7e84e4191749cac8cc5653f815b06738c54db9a15ab8b1e42,>=3.9,"Verified wheel source fails compilation at graphviz/_tools.py. This is the first concrete blocker; later files were not checked.
Traceback (most recent call last):
  File ""<staging>/wheel/graphviz/_tools.py"", line 23
    def attach(object: typing.Any, /, name: str) -> typing.Callable:
SyntaxError: expected '@id', got '/'
error: Python syntax check failed for '<staging>/wheel/graphviz/_tools.py' (no source was executed)"
517,google-cloud-automl,2.20.1,incompatible,syntax,True,False,verified_artifact,3,98,95,google_cloud_automl-2.20.1-py3-none-any.whl,df923a46577ed1d811f32a0bfe60f6943a8a4a9afeac7ee18fbed9c0a1ed1834,>=3.10,"Verified wheel source fails compilation at google/cloud/automl_v1/__init__.py. This is the first concrete blocker; later files were not checked.
Traceback (most recent call last):
  File ""<staging>/wheel/google/cloud/automl_v1/__init__.py"", line 184
    + f""({_py_version_str}).  Google will not post any further ""
SyntaxError: expected ')', got '+'
error: Python syntax check failed for '<staging>/wheel/google/cloud/automl_v1/__init__.py' (no source was executed)"
518,langgraph-sdk,0.4.4,incompatible,syntax,True,False,verified_artifact,3,45,42,langgraph_sdk-0.4.4-py3-none-any.whl,39afe416c91742925e6f8a93715f566d499b36e1b636b804a4ffe3190e4f4e64,>=3.10,"Verified wheel source fails compilation at langgraph_sdk/_async/assistants.py. This is the first concrete blocker; later files were not checked.
Traceback (most recent call last):
  File ""<staging>/wheel/langgraph_sdk/_async/assistants.py"", line 46
    async def get(
SyntaxError: expected statement end
error: Python syntax check failed for '<staging>/wheel/langgraph_sdk/_async/assistants.py' (no source was executed)"
519,azure-common,1.1.28,incompatible,syntax,True,False,verified_artifact,3,8,5,azure_common-1.1.28-py2.py3-none-any.whl,5c12d3dcf4ec20599ca6b0d3e09e86e146353d443e7fcc050c9a19c1f9df20ad,,"Verified wheel source fails compilation at azure/common/client_factory.py. This is the first concrete blocker; later files were not checked.
Traceback (most recent call last):
  File ""<staging>/wheel/azure/common/client_factory.py"", line 91
    ""get_client_from_cli_profile is deprecated, please use azure-identity and AzureCliCredential instead. ""+
SyntaxError: expected an expression, got @eol
error: Python syntax check failed for '<staging>/wheel/azure/common/client_factory.py' (no source was executed)"
520,celery,5.6.3,incompatible,syntax,True,False,verified_artifact,1,161,160,celery-5.6.3-py3-none-any.whl,0808f42f80909c4d5833202360ffafb2a4f83f4d8e23e1285d926610e9a7afa6,>=3.9,"Verified wheel source fails compilation at celery/__init__.py. This is the first concrete blocker; later files were not checked.
Traceback (most recent call last):
  File ""<staging>/wheel/celery/__init__.py"", line 62
    fromlist=None, level=-1, real_import=builtins.__import__):
SyntaxError: expected a literal, got '@id'
error: Python syntax check failed for '<staging>/wheel/celery/__init__.py' (no source was executed)"
521,orderly-set,5.5.0,incompatible,syntax,True,False,verified_artifact,2,2,0,orderly_set-5.5.0-py3-none-any.whl,46f0b801948e98f427b412fcabb831677194c05c3b699b80de260374baa0b1e7,>=3.8,"Verified wheel source fails compilation at orderly_set/sets.py. This is the first concrete blocker; later files were not checked.
Traceback (most recent call last):
  File ""<staging>/wheel/orderly_set/sets.py"", line 55
    class StableSet(MutableSet[T], Sequence[T]):
SyntaxError: expected ')', got ','
error: Python syntax check failed for '<staging>/wheel/orderly_set/sets.py' (no source was executed)"
522,kombu,5.6.2,incompatible,syntax,True,False,verified_artifact,5,78,73,kombu-5.6.2-py3-none-any.whl,efcfc559da324d41d61ca311b0c64965ea35b4c55cc04ee36e55386145dace93,>=3.9,"Verified wheel source fails compilation at kombu/asynchronous/aws/connection.py. This is the first concrete blocker; later files were not checked.
Traceback (most recent call last):
  File ""<staging>/wheel/kombu/asynchronous/aws/connection.py"", line 15
    bs = ""\r\n"".join(""{}: {}"".format(*h) for h in hdr)
SyntaxError: expected ')', got 'for'
error: Python syntax check failed for '<staging>/wheel/kombu/asynchronous/aws/connection.py' (no source was executed)"
523,json5,0.15.0,incompatible,syntax,True,False,verified_artifact,4,7,3,json5-0.15.0-py3-none-any.whl,56636a30c0e8a4665fe2179c0212f32eae3796dea89ea6f649b9436ecdb39618,>=3.8.0,"Verified wheel source fails compilation at json5/lib.py. This is the first concrete blocker; later files were not checked.
Traceback (most recent call last):
  File ""<staging>/wheel/json5/lib.py"", line 414
    allow_duplicate_keys=True)``
SyntaxError: invalid escape char
error: Python syntax check failed for '<staging>/wheel/json5/lib.py' (no source was executed)"
524,pdfplumber,0.11.10,incompatible,syntax,True,False,verified_artifact,4,20,16,pdfplumber-0.11.10-py3-none-any.whl,7741ea81bf165b474b153e6789d10d18e06b6ddcf3ec84289c3ef2fed6802580,>=3.8,"Verified wheel source fails compilation at pdfplumber/cli.py. This is the first concrete blocker; later files were not checked.
Traceback (most recent call last):
  File ""<staging>/wheel/pdfplumber/cli.py"", line 95
    def main(args_raw: List[str] = sys.argv[1:]) -> None:
SyntaxError: expected a literal, got '@id'
error: Python syntax check failed for '<staging>/wheel/pdfplumber/cli.py' (no source was executed)"
525,langgraph-checkpoint,4.2.0,incompatible,syntax,True,False,verified_artifact,1,17,16,langgraph_checkpoint-4.2.0-py3-none-any.whl,0547fd228935a0b758865de3a3d6d7a2537c308895d0f9ab092ce9151b5da942,>=3.10,"Verified wheel source fails compilation at langgraph/cache/base/__init__.py. This is the first concrete blocker; later files were not checked.
Traceback (most recent call last):
  File ""<staging>/wheel/langgraph/cache/base/__init__.py"", line 15
    class BaseCache(ABC, Generic[ValueT]):
SyntaxError: expected ')', got ','
error: Python syntax check failed for '<staging>/wheel/langgraph/cache/base/__init__.py' (no source was executed)"
526,ecdsa,0.19.2,incompatible,syntax,True,False,verified_artifact,2,30,28,ecdsa-0.19.2-py2.py3-none-any.whl,840f5dc5e375c68f36c1a7a5b9caad28f95daa65185c9253c0c08dd952bb7399,">=2.6, !=3.0.*, !=3.1.*, !=3.2.*, !=3.3.*, !=3.4.*, !=3.5.*","Verified wheel source fails compilation at ecdsa/_compat.py. This is the first concrete blocker; later files were not checked.
Traceback (most recent call last):
  File ""<staging>/wheel/ecdsa/_compat.py"", line 31
    or sys.version_info < (2, 7, 4)
SyntaxError: expected ')', got 'or'
error: Python syntax check failed for '<staging>/wheel/ecdsa/_compat.py' (no source was executed)"
527,opentelemetry-instrumentation-httpx,0.65b0,incompatible,syntax,True,False,verified_artifact,1,3,2,opentelemetry_instrumentation_httpx-0.65b0-py3-none-any.whl,400f1b78afa4ee2332b5debe58e1ed1b317913d58812c952576be76660aeadb1,>=3.10,"Verified wheel source fails compilation at opentelemetry/instrumentation/httpx/__init__.py. This is the first concrete blocker; later files were not checked.
Traceback (most recent call last):
  File ""<staging>/wheel/opentelemetry/instrumentation/httpx/__init__.py"", line 533
    if port
SyntaxError: expected ')', got 'if'
error: Python syntax check failed for '<staging>/wheel/opentelemetry/instrumentation/httpx/__init__.py' (no source was executed)"
528,humanfriendly,10.0,incompatible,syntax,True,False,verified_artifact,1,16,15,humanfriendly-10.0-py2.py3-none-any.whl,1697e1a8a8f550fd43c2865cd84542fc175a61dcb779b6fee18cf6b6ccba1477,">=2.7, !=3.0.*, !=3.1.*, !=3.2.*, !=3.3.*, !=3.4.*","Verified wheel source fails compilation at humanfriendly/__init__.py. This is the first concrete blocker; later files were not checked.
Traceback (most recent call last):
  File ""<staging>/wheel/humanfriendly/__init__.py"", line 254
    if (normalized_unit in (unit.decimal.symbol.lower(), unit.decimal.name.lower()) or
SyntaxError: expected an expression, got @eol
error: Python syntax check failed for '<staging>/wheel/humanfriendly/__init__.py' (no source was executed)"
529,trio,0.34.0,incompatible,syntax,True,False,verified_artifact,3,144,141,trio-0.34.0-py3-none-any.whl,6c7c9f49917694dcdcd5f67abd168df5599eca480d61f29854d17a61a75c2f05,>=3.10,"Verified wheel source fails compilation at trio/_abc.py. This is the first concrete blocker; later files were not checked.
Traceback (most recent call last):
  File ""<staging>/wheel/trio/_abc.py"", line 167
    async def getaddrinfo(
SyntaxError: expected 'def', got '@id'
error: Python syntax check failed for '<staging>/wheel/trio/_abc.py' (no source was executed)"
530,flake8,7.3.0,incompatible,syntax,True,False,verified_artifact,1,33,32,flake8-7.3.0-py2.py3-none-any.whl,b9696257b9ce8beb888cdbe31cf885c90d31928fe202be0889a7cdafad32f01e,>=3.9,"Verified wheel source fails compilation at flake8/__init__.py. This is the first concrete blocker; later files were not checked.
Traceback (most recent call last):
  File ""<staging>/wheel/flake8/__init__.py"", line 21
    __version_info__ = tuple(int(i) for i in __version__.split(""."") if i.isdigit())
SyntaxError: expected ')', got 'for'
error: Python syntax check failed for '<staging>/wheel/flake8/__init__.py' (no source was executed)"
531,cssselect2,0.10.1,incompatible,syntax,True,False,verified_artifact,1,4,3,cssselect2-0.10.1-py3-none-any.whl,25cc4494d55985d6a6da359be48da6ce98c28dcbafa2314c383ace3fc32ec868,>=3.10,"Verified wheel source fails compilation at cssselect2/__init__.py. This is the first concrete blocker; later files were not checked.
Traceback (most recent call last):
  File ""<staging>/wheel/cssselect2/__init__.py"", line 66
    def match(self, element):
SyntaxError: expected '@id', got 'match'
error: Python syntax check failed for '<staging>/wheel/cssselect2/__init__.py' (no source was executed)"
532,pytest-rerunfailures,16.6.1,incompatible,syntax,True,False,verified_artifact,1,1,0,pytest_rerunfailures-16.6.1-py3-none-any.whl,0c38d314a0a7e32795f2dbdeeb2b3d141ecf3d3abe10c8c32dae223d45ac7b3d,>=3.10,"Verified wheel source fails compilation at pytest_rerunfailures.py. This is the first concrete blocker; later files were not checked.
Traceback (most recent call last):
  File ""<staging>/wheel/pytest_rerunfailures.py"", line 61
    else:
SyntaxError: expected an expression, got else
error: Python syntax check failed for '<staging>/wheel/pytest_rerunfailures.py' (no source was executed)"
533,selenium,4.48.0,incompatible,syntax,True,False,verified_artifact,13,322,309,selenium-4.48.0-py3-none-any.whl,b2a1d77019db92513e59aa2376710fe3d42b65a4d493dccd0c799c1a0d574d93,>=3.10,"Verified wheel source fails compilation at selenium/webdriver/chromium/service.py. This is the first concrete blocker; later files were not checked.
Traceback (most recent call last):
  File ""<staging>/wheel/selenium/webdriver/chromium/service.py"", line 59
    has_arg_conflicts = any(x in arg for arg in self._service_args for x in (""log-level"", ""log-path"", ""silent""))
SyntaxError: expected ')', got 'for'
error: Python syntax check failed for '<staging>/wheel/selenium/webdriver/chromium/service.py' (no source was executed)"
534,botocore-stubs,1.43.67,unverified,unverified,True,True,verified_artifact,0,0,0,botocore_stubs-1.43.67-py3-none-any.whl,c51262bac3341c1cda71f05fa01141fffd3990d7a92c7960e3b755c1bc830373,>=3.10,"The wheel contains no .py source files to compile; it may be a stub, data, or dependency-only distribution. Dependencies, runtime APIs, assets, and behavior were not exercised."
535,google-cloud-appengine-logging,1.10.0,incompatible,syntax,True,False,verified_artifact,3,7,4,google_cloud_appengine_logging-1.10.0-py3-none-any.whl,193675caaf062c41688a3e2c744b73614db82408bc7fb060353b6878d7134492,>=3.10,"Verified wheel source fails compilation at google/cloud/appengine_logging_v1/__init__.py. This is the first concrete blocker; later files were not checked.
Traceback (most recent call last):
  File ""<staging>/wheel/google/cloud/appengine_logging_v1/__init__.py"", line 44
    + f""({_py_version_str}).  Google will not post any further ""
SyntaxError: expected ')', got '+'
error: Python syntax check failed for '<staging>/wheel/google/cloud/appengine_logging_v1/__init__.py' (no source was executed)"
536,browser-use,0.13.10,incompatible,syntax,True,False,verified_artifact,1,162,161,browser_use-0.13.10-py3-none-any.whl,66eb20153094f21728bc0110ada17c03a0c475df2374985d6b47e349cbd47705,"<4.0,>=3.11","Verified wheel source fails compilation at browser_use/__init__.py. This is the first concrete blocker; later files were not checked.
Traceback (most recent call last):
  File ""<staging>/wheel/browser_use/__init__.py"", line 135
    raise ImportError(f'Failed to import {name} from {module_path}: {e}') from e
SyntaxError: expected statement end
error: Python syntax check failed for '<staging>/wheel/browser_use/__init__.py' (no source was executed)"
537,django,6.1.1,incompatible,python_requirement,False,False,metadata,0,,,django-6.1.1-py3-none-any.whl,585fb82bf15053c42cf52e67c2f1b54a032dca384759315fd6678ab1870d1d72,>=3.12,The selected release declares Requires-Python >=3.12; Kipferl advertises 3.11.0. Older releases were not evaluated.
538,google-cloud-dataflow-client,0.14.0,incompatible,syntax,True,False,verified_artifact,3,70,67,google_cloud_dataflow_client-0.14.0-py3-none-any.whl,596f5060b2e6193f523ad3b923e519cf69bfcce1471e209de06305d807b75130,>=3.10,"Verified wheel source fails compilation at google/cloud/dataflow_v1beta3/__init__.py. This is the first concrete blocker; later files were not checked.
Traceback (most recent call last):
  File ""<staging>/wheel/google/cloud/dataflow_v1beta3/__init__.py"", line 191
    + f""({_py_version_str}).  Google will not post any further ""
SyntaxError: expected ')', got '+'
error: Python syntax check failed for '<staging>/wheel/google/cloud/dataflow_v1beta3/__init__.py' (no source was executed)"
539,hypothesis,6.167.1,incompatible,native_only,False,False,metadata,0,,,hypothesis-6.167.1-cp310-abi3-macosx_10_12_x86_64.whl,d28118fd70e4e15ff9c308a98b312b544b6145ae45aaa3b566328c1fdee8058f,>=3.10,The selected release has no generic Python3 pure wheel; its published wheels require a platform/ABI or a different Python implementation tag. Artifact bytes were not downloaded. Older releases and source builds were not evaluated.
540,antlr4-python3-runtime,4.13.2,incompatible,syntax,True,False,verified_artifact,3,58,55,antlr4_python3_runtime-4.13.2-py3-none-any.whl,fe3835eb8d33daece0e799090eda89719dbccee7aa39ef94eed3818cafa5a7e8,,"Verified wheel source fails compilation at antlr4/CommonTokenStream.py. This is the first concrete blocker; later files were not checked.
Traceback (most recent call last):
  File ""<staging>/wheel/antlr4/CommonTokenStream.py"", line 40
    def __init__(self, lexer:Lexer, channel:int=Token.DEFAULT_CHANNEL):
SyntaxError: expected a literal, got '@id'
error: Python syntax check failed for '<staging>/wheel/antlr4/CommonTokenStream.py' (no source was executed)"
541,ray,2.58.0,incompatible,native_only,False,False,metadata,0,,,ray-2.58.0-cp310-cp310-macosx_12_0_arm64.whl,a2235a5a17e865be053e8aff6d9e9e36d1edb45ad8162f57f7cdfd0202a5a397,>=3.10,The selected release has no generic Python3 pure wheel; its published wheels require a platform/ABI or a different Python implementation tag. Artifact bytes were not downloaded. Older releases and source builds were not evaluated.
542,pymssql,2.4.0,incompatible,native_only,False,False,metadata,0,,,pymssql-2.4.0-cp310-cp310-macosx_14_0_arm64.whl,30039f7f36449fe681b04bda836737beb95608df1ad83ae5e7d3eab66096aeb7,>=3.9,The selected release has no generic Python3 pure wheel; its published wheels require a platform/ABI or a different Python implementation tag. Artifact bytes were not downloaded. Older releases and source builds were not evaluated.
543,pandas-stubs,3.0.5.260730,unverified,unverified,True,True,verified_artifact,0,0,0,pandas_stubs-3.0.5.260730-py3-none-any.whl,60e90e3e1eda6937e337e243cbe6217e151c11137cd7eddf832af537c7310bfd,>=3.11,"The wheel contains no .py source files to compile; it may be a stub, data, or dependency-only distribution. Dependencies, runtime APIs, assets, and behavior were not exercised."
544,altair,6.2.2,incompatible,syntax,True,False,verified_artifact,2,55,53,altair-6.2.2-py3-none-any.whl,94014f8ad8617c3cb163d1137359cd6db5ba134b9b46d93cfd8b609fd245a583,>=3.10,"Verified wheel source fails compilation at altair/_magics.py. This is the first concrete blocker; later files were not checked.
Traceback (most recent call last):
  File ""<staging>/wheel/altair/_magics.py"", line 36
    if func := data_transformers.get():
SyntaxError: expected an expression, got =
error: Python syntax check failed for '<staging>/wheel/altair/_magics.py' (no source was executed)"
545,amqp,5.3.1,incompatible,syntax,True,False,verified_artifact,2,14,12,amqp-5.3.1-py3-none-any.whl,43b3319e1b4e7d1251833a93d672b4af1e40f3d632d479b98661a95f117880a2,>=3.6,"Verified wheel source fails compilation at amqp/abstract_channel.py. This is the first concrete blocker; later files were not checked.
Traceback (most recent call last):
  File ""<staging>/wheel/amqp/abstract_channel.py"", line 16
    Received method %s during closing channel %s. This method will be ignored\
SyntaxError: invalid escape char
error: Python syntax check failed for '<staging>/wheel/amqp/abstract_channel.py' (no source was executed)"
546,vine,5.1.0,incompatible,syntax,True,False,verified_artifact,2,6,4,vine-5.1.0-py3-none-any.whl,40fdf3c48b2cfe1c38a49e9ae2da6fda88e4794c810050a728bd7413811fb1dc,>=3.6,"Verified wheel source fails compilation at vine/abstract.py. This is the first concrete blocker; later files were not checked.
Traceback (most recent call last):
  File ""<staging>/wheel/vine/abstract.py"", line 8
    class Thenable(Callable, metaclass=abc.ABCMeta):  # pragma: no cover
SyntaxError: expected ')', got ','
error: Python syntax check failed for '<staging>/wheel/vine/abstract.py' (no source was executed)"
547,ormsgpack,1.12.2,incompatible,native_only,False,False,metadata,0,,,ormsgpack-1.12.2-cp310-cp310-macosx_10_12_x86_64.macosx_11_0_arm64.macosx_10_12_universal2.whl,c1429217f8f4d7fcb053523bbbac6bed5e981af0b85ba616e6df7cce53c19657,>=3.10,The selected release has no generic Python3 pure wheel; its published wheels require a platform/ABI or a different Python implementation tag. Artifact bytes were not downloaded. Older releases and source builds were not evaluated.
548,google-cloud-audit-log,0.6.2,incompatible,syntax,True,False,verified_artifact,2,3,1,google_cloud_audit_log-0.6.2-py3-none-any.whl,1f19bdf2586cfdb72054eec769ede153a037988b73a7d3b6d266f672ab426c00,>=3.10,"Verified wheel source fails compilation at google/cloud/audit/audit_log_pb2.py. This is the first concrete blocker; later files were not checked.
Traceback (most recent call last):
  File ""<staging>/wheel/google/cloud/audit/audit_log_pb2.py"", line 58
    ]._serialized_options = b""\n\026com.google.cloud.auditB\rAuditLogProtoP\001Z7google.golang.org/genproto/googleapis/cloud/audit;audit\370\001\001""
SyntaxError: invalid escape char
error: Python syntax check failed for '<staging>/wheel/google/cloud/audit/audit_log_pb2.py' (no source was executed)"
549,findpython,0.8.0,incompatible,syntax,True,False,verified_artifact,2,19,17,findpython-0.8.0-py3-none-any.whl,4a61ee1618a8b55014f7d41f59345d322be93f6ce62395bdccccc651b3f7e28a,>=3.9,"Verified wheel source fails compilation at findpython/__main__.py. This is the first concrete blocker; later files were not checked.
Traceback (most recent call last):
  File ""<staging>/wheel/findpython/__main__.py"", line 13
    def setup_logger(level: int = logging.DEBUG) -> None:
SyntaxError: expected a literal, got '@id'
error: Python syntax check failed for '<staging>/wheel/findpython/__main__.py' (no source was executed)"
550,requests-aws4auth,1.3.2,incompatible,syntax,True,False,verified_artifact,2,4,2,requests_aws4auth-1.3.2-py3-none-any.whl,c6cbf45f17119af926e3cb77acfeed083d1cf9580d893ee6c0ecf01088fd34e5,>=3.7,"Verified wheel source fails compilation at requests_aws4auth/aws4auth.py. This is the first concrete blocker; later files were not checked.
Traceback (most recent call last):
  File ""<staging>/wheel/requests_aws4auth/aws4auth.py"", line 452
    else:
SyntaxError: expected an expression, got else
error: Python syntax check failed for '<staging>/wheel/requests_aws4auth/aws4auth.py' (no source was executed)"
551,apscheduler,3.11.3,incompatible,syntax,True,False,verified_artifact,1,39,38,apscheduler-3.11.3-py3-none-any.whl,bbeb2ec02d23d3c06a6c07ed7f0f3939ada6680eb121fae809a69bb42c537a30,>=3.8,"Verified wheel source fails compilation at apscheduler/__init__.py. This is the first concrete blocker; later files were not checked.
Traceback (most recent call last):
  File ""<staging>/wheel/apscheduler/__init__.py"", line 9
    version_info = tuple(int(x) if x.isdigit() else x for x in release.split("".""))
SyntaxError: expected ')', got 'for'
error: Python syntax check failed for '<staging>/wheel/apscheduler/__init__.py' (no source was executed)"
552,semantic-version,2.10.0,incompatible,syntax,True,False,verified_artifact,1,3,2,semantic_version-2.10.0-py2.py3-none-any.whl,de78a3b8e0feda74cabc54aab2da702113e33ac9d9eb9d2389bcf1f58b7d9177,>=2.7,"Verified wheel source fails compilation at semantic_version/__init__.py. This is the first concrete blocker; later files were not checked.
Traceback (most recent call last):
  File ""<staging>/wheel/semantic_version/__init__.py"", line 6
    from .base import compare, match, validate, SimpleSpec, NpmSpec, Spec, SpecItem, Version
SyntaxError: expected '@id', got 'match'
error: Python syntax check failed for '<staging>/wheel/semantic_version/__init__.py' (no source was executed)"
553,elasticsearch,9.5.0,incompatible,syntax,True,False,verified_artifact,1,165,164,elasticsearch-9.5.0-py3-none-any.whl,010e04f44fd161428f0ab7f94b93a533d3dcc3285d02c9df509b4e0127916420,>=3.10,"Verified wheel source fails compilation at elasticsearch/__init__.py. This is the first concrete blocker; later files were not checked.
Traceback (most recent call last):
  File ""<staging>/wheel/elasticsearch/__init__.py"", line 30
    _version_groups = tuple(int(x) for x in re.search(r""^(\d+)\.(\d+)\.(\d+)"", _elastic_transport_version).groups())  # type: ignore[union-attr]
SyntaxError: expected ')', got 'for'
error: Python syntax check failed for '<staging>/wheel/elasticsearch/__init__.py' (no source was executed)"
554,billiard,4.2.4,incompatible,syntax,True,False,verified_artifact,1,28,27,billiard-4.2.4-py3-none-any.whl,525b42bdec68d2b983347ac312f892db930858495db601b5836ac24e6477cde5,>=3.7,"Verified wheel source fails compilation at billiard/__init__.py. This is the first concrete blocker; later files were not checked.
Traceback (most recent call last):
  File ""<staging>/wheel/billiard/__init__.py"", line 41
    for name in context._default_context.__all__)
SyntaxError: expected ')', got 'for'
error: Python syntax check failed for '<staging>/wheel/billiard/__init__.py' (no source was executed)"
555,opencv-python,5.0.0.93,incompatible,native_only,False,False,metadata,0,,,opencv_python-5.0.0.93-cp37-abi3-macosx_13_0_arm64.whl,198a75138241810206a17c829dbcc40a7cb1841cda538ca86cbbfc6c7d95f898,>=3.6,The selected release has no generic Python3 pure wheel; its published wheels require a platform/ABI or a different Python implementation tag. Artifact bytes were not downloaded. Older releases and source builds were not evaluated.
556,astroid,4.3.1,incompatible,syntax,True,False,verified_artifact,1,97,96,astroid-4.3.1-py3-none-any.whl,de41129d6de1e86cfedb698b8064c83a881853f98d6ea34de9e711f6bb420dfe,>=3.10.0,"Verified wheel source fails compilation at astroid/__init__.py. This is the first concrete blocker; later files were not checked.
Traceback (most recent call last):
  File ""<staging>/wheel/astroid/__init__.py"", line 230
    if (val := globals().get(f""_DEPRECATED_{name}"")) is None:
SyntaxError: expected ')', got ':'
error: Python syntax check failed for '<staging>/wheel/astroid/__init__.py' (no source was executed)"
557,types-python-dateutil,2.9.0.20260807,unverified,unverified,True,True,verified_artifact,0,0,0,types_python_dateutil-2.9.0.20260807-py3-none-any.whl,54aa3707350ed7a9cc0776fd2f6739679d6967d11b40150985e81edcb86df4db,>=3.10,"The wheel contains no .py source files to compile; it may be a stub, data, or dependency-only distribution. Dependencies, runtime APIs, assets, and behavior were not exercised."
558,rignore,0.8.1,incompatible,native_only,False,False,metadata,0,,,rignore-0.8.1-cp310-cp310-macosx_10_12_x86_64.whl,b56052bff3aa1e6dacb42192be701efdbcc546c52f6302d4146ed93a31df4593,>=3.8,The selected release has no generic Python3 pure wheel; its published wheels require a platform/ABI or a different Python implementation tag. Artifact bytes were not downloaded. Older releases and source builds were not evaluated.
559,click-didyoumean,0.3.1,incompatible,syntax,True,False,verified_artifact,1,1,0,click_didyoumean-0.3.1-py3-none-any.whl,5c4bb6007cfea5f2fd6583a2fb6701a22a41eb98957e63d0fac41c10e7c3117c,>=3.6.2,"Verified wheel source fails compilation at click_didyoumean/__init__.py. This is the first concrete blocker; later files were not checked.
Traceback (most recent call last):
  File ""<staging>/wheel/click_didyoumean/__init__.py"", line 53
    class DYMGroup(DYMMixin, click.Group):
SyntaxError: expected ')', got ','
error: Python syntax check failed for '<staging>/wheel/click_didyoumean/__init__.py' (no source was executed)"
560,opensearch-py,3.2.0,incompatible,syntax,True,False,verified_artifact,1,143,142,opensearch_py-3.2.0-py3-none-any.whl,721a0d3b13fbed9e82278aed748285cf63a1855354ab7e73e3d4992d1b93418b,">=3.10, <4","Verified wheel source fails compilation at opensearchpy/__init__.py. This is the first concrete blocker; later files were not checked.
Traceback (most recent call last):
  File ""<staging>/wheel/opensearchpy/__init__.py"", line 37
    int(x) for x in re.search(r""^(\d+)\.(\d+)\.(\d+)"", __versionstr__).groups()  # type: ignore
SyntaxError: expected ')', got 'for'
error: Python syntax check failed for '<staging>/wheel/opensearchpy/__init__.py' (no source was executed)"
561,types-s3transfer,0.16.0,unverified,unverified,True,True,verified_artifact,0,0,0,types_s3transfer-0.16.0-py3-none-any.whl,1c0cd111ecf6e21437cb410f5cddb631bfb2263b77ad973e79b9c6d0cb24e0ef,>=3.9,"The wheel contains no .py source files to compile; it may be a stub, data, or dependency-only distribution. Dependencies, runtime APIs, assets, and behavior were not exercised."
562,cuda-bindings,13.3.1,incompatible,native_only,False,False,metadata,0,,,cuda_bindings-13.3.1-cp310-cp310-manylinux_2_24_aarch64.manylinux_2_28_aarch64.whl,120fcc53d57903df529c3486962c56528cba5b7d6c57c99537320ed9922c8b86,>=3.10,The selected release has no generic Python3 pure wheel; its published wheels require a platform/ABI or a different Python implementation tag. Artifact bytes were not downloaded. Older releases and source builds were not evaluated.
563,peewee,4.4.0,incompatible,syntax,True,False,verified_artifact,1,30,29,peewee-4.4.0-py3-none-any.whl,c4d6bc13d9a9b22fe691f695f5a5d716645b4bd5387fef27b9cb53ef14fae1e1,>=3.8,"Verified wheel source fails compilation at peewee.py. This is the first concrete blocker; later files were not checked.
Traceback (most recent call last):
  File ""<staging>/wheel/peewee.py"", line 38
    else:
SyntaxError: expected an expression, got else
error: Python syntax check failed for '<staging>/wheel/peewee.py' (no source was executed)"
564,click-repl,0.3.0,incompatible,syntax,True,False,verified_artifact,2,5,3,click_repl-0.3.0-py3-none-any.whl,fb7e06deb8da8de86180a33a9da97ac316751c094c6899382da7feeeeb51b812,>=3.6,"Verified wheel source fails compilation at click_repl/_completer.py. This is the first concrete blocker; later files were not checked.
Traceback (most recent call last):
  File ""<staging>/wheel/click_repl/_completer.py"", line 152
    if any(i.startswith(incomplete) for i in v)
SyntaxError: expected ')', got 'for'
error: Python syntax check failed for '<staging>/wheel/click_repl/_completer.py' (no source was executed)"
565,cuda-pathfinder,1.8.1,incompatible,syntax,True,False,verified_artifact,2,33,31,cuda_pathfinder-1.8.1-py3-none-any.whl,ae0137ff9e56ea97499bcbf54f5f2778ec25f3266715ac86da192a795af982a8,>=3.10,"Verified wheel source fails compilation at cuda/pathfinder/_binaries/find_nvidia_binary_utility.py. This is the first concrete blocker; later files were not checked.
Traceback (most recent call last):
  File ""<staging>/wheel/cuda/pathfinder/_binaries/find_nvidia_binary_utility.py"", line 102
    found = _resolve_candidate_paths(os.path.join(directory, name) for name in candidate_names)
SyntaxError: expected ')', got 'for'
error: Python syntax check failed for '<staging>/wheel/cuda/pathfinder/_binaries/find_nvidia_binary_utility.py' (no source was executed)"
566,opencv-python-headless,5.0.0.93,incompatible,native_only,False,False,metadata,0,,,opencv_python_headless-5.0.0.93-cp37-abi3-macosx_13_0_arm64.whl,030ca5e0837a2963ab36ef896baa9767eb8d2b83353fb28af5a521e40dd8756f,>=3.6,The selected release has no generic Python3 pure wheel; its published wheels require a platform/ABI or a different Python implementation tag. Artifact bytes were not downloaded. Older releases and source builds were not evaluated.
567,jupyter-server,2.21.0,incompatible,syntax,True,False,verified_artifact,5,88,83,jupyter_server-2.21.0-py3-none-any.whl,2ae2e5ce5e97268553e25aebe040197455673d925b5fc7995477153318160cf7,>=3.10,"Verified wheel source fails compilation at jupyter_server/_version.py. This is the first concrete blocker; later files were not checked.
Traceback (most recent call last):
  File ""<staging>/wheel/jupyter_server/_version.py"", line 13
    match = re.match(pattern, __version__)
SyntaxError: expected an expression, got =
error: Python syntax check failed for '<staging>/wheel/jupyter_server/_version.py' (no source was executed)"
568,thrift,0.24.0,incompatible,native_only,False,False,metadata,0,,,thrift-0.24.0-cp310-cp310-macosx_10_9_x86_64.whl,efe85c4508adaf6c9e6f7fac2b1c3c9beb4b39b19c375519966335a70b28e64a,,The selected release has no generic Python3 pure wheel; its published wheels require a platform/ABI or a different Python implementation tag. Artifact bytes were not downloaded. Older releases and source builds were not evaluated.
569,notebook,7.6.2,incompatible,syntax,True,False,verified_artifact,4,4,0,notebook-7.6.2-py3-none-any.whl,5fe9e09c335cb4b7de21627b860f77210e70e54b1fb1276ad942a4a7e1d858d3,>=3.10,"Verified wheel source fails compilation at notebook/app.py. This is the first concrete blocker; later files were not checked.
Traceback (most recent call last):
  File ""<staging>/wheel/notebook/app.py"", line 50
    class NotebookBaseHandler(ExtensionHandlerJinjaMixin, ExtensionHandlerMixin, JupyterHandler):
SyntaxError: expected ')', got ','
error: Python syntax check failed for '<staging>/wheel/notebook/app.py' (no source was executed)"
570,xgboost,3.4.1,incompatible,native_only,False,False,metadata,0,,,xgboost-3.4.1-py3-none-macosx_10_15_x86_64.whl,1ea15f15f661825b6a67d87674fb9604a1abb38dd0d4c5cf0486fc85f5203e83,>=3.12,The selected release has no generic Python3 pure wheel; its published wheels require a platform/ABI or a different Python implementation tag. Artifact bytes were not downloaded. Older releases and source builds were not evaluated.
571,opentelemetry-instrumentation-dbapi,0.65b0,incompatible,syntax,True,False,verified_artifact,1,3,2,opentelemetry_instrumentation_dbapi-0.65b0-py3-none-any.whl,50b662578a6903b028e09b73f604de687752f5f904aa0ca032969157b29d60f2,>=3.10,"Verified wheel source fails compilation at opentelemetry/instrumentation/dbapi/__init__.py. This is the first concrete blocker; later files were not checked.
Traceback (most recent call last):
  File ""<staging>/wheel/opentelemetry/instrumentation/dbapi/__init__.py"", line 661
    class TracedConnectionProxy(BaseObjectProxy, Generic[ConnectionT]):
SyntaxError: expected ')', got ','
error: Python syntax check failed for '<staging>/wheel/opentelemetry/instrumentation/dbapi/__init__.py' (no source was executed)"
572,posthog,7.47.0,incompatible,syntax,True,False,verified_artifact,1,183,182,posthog-7.47.0-py3-none-any.whl,c87daf7830eb5ef779d0ff1ec25b5de6d316926d6bbbcde74b80e055172a0ddc,>=3.10,"Verified wheel source fails compilation at posthog/__init__.py. This is the first concrete blocker; later files were not checked.
Traceback (most recent call last):
  File ""<staging>/wheel/posthog/__init__.py"", line 1294
    or bool(_use_ai_lane)
SyntaxError: expected ')', got 'or'
error: Python syntax check failed for '<staging>/wheel/posthog/__init__.py' (no source was executed)"
573,pyspark,4.2.0,incompatible,source_only,False,False,metadata,0,,,,,>=3.10,The selected release publishes no usable wheel. Kipferl does not run source-build backends; artifact bytes were not downloaded and older releases were not evaluated.
574,passlib,1.7.4,incompatible,syntax,True,False,verified_artifact,2,93,91,passlib-1.7.4-py2.py3-none-any.whl,aa6bca462b8d8bda89c70b382f0c298a20b5560af6cbfa2dce410c0a2fb669f1,,"Verified wheel source fails compilation at passlib/apache.py. This is the first concrete blocker; later files were not checked.
Traceback (most recent call last):
  File ""<staging>/wheel/passlib/apache.py"", line 111
    encoding=""utf-8"", return_unicode=PY3,
SyntaxError: expected a literal, got '@id'
error: Python syntax check failed for '<staging>/wheel/passlib/apache.py' (no source was executed)"
575,opentelemetry-instrumentation-urllib3,0.65b0,incompatible,syntax,True,False,verified_artifact,1,3,2,opentelemetry_instrumentation_urllib3-0.65b0-py3-none-any.whl,696f3a59f153f23771dfadc826b03c548a2a308984987da9a094aeae23d609ca,>=3.10,"Verified wheel source fails compilation at opentelemetry/instrumentation/urllib3/__init__.py. This is the first concrete blocker; later files were not checked.
Traceback (most recent call last):
  File ""<staging>/wheel/opentelemetry/instrumentation/urllib3/__init__.py"", line 381
    if excluded_urls is None
SyntaxError: expected ')', got 'if'
error: Python syntax check failed for '<staging>/wheel/opentelemetry/instrumentation/urllib3/__init__.py' (no source was executed)"
576,fastar,0.12.0,incompatible,native_only,False,False,metadata,0,,,fastar-0.12.0-cp310-cp310-macosx_10_12_x86_64.whl,310c99a33f83f83f49917cee153cdd49ac0a3e42f78ad685a84a700ede3aece5,>=3.8,The selected release has no generic Python3 pure wheel; its published wheels require a platform/ABI or a different Python implementation tag. Artifact bytes were not downloaded. Older releases and source builds were not evaluated.
577,webcolors,25.10.0,incompatible,syntax,True,False,verified_artifact,2,6,4,webcolors-25.10.0-py3-none-any.whl,032c727334856fc0b968f63daa252a1ac93d33db2f5267756623c210e57a4f1d,>=3.10,"Verified wheel source fails compilation at webcolors/_conversion.py. This is the first concrete blocker; later files were not checked.
Traceback (most recent call last):
  File ""<staging>/wheel/webcolors/_conversion.py"", line 21
    def name_to_hex(name: str, spec: str = CSS3) -> str:
SyntaxError: expected a literal, got '@id'
error: Python syntax check failed for '<staging>/wheel/webcolors/_conversion.py' (no source was executed)"
578,opentelemetry-instrumentation-django,0.65b0,incompatible,syntax,True,False,verified_artifact,1,7,6,opentelemetry_instrumentation_django-0.65b0-py3-none-any.whl,915117536c421c3e61e34dadbd373fc404447c7a786303e02f732bc8860e3ba0,>=3.10,"Verified wheel source fails compilation at opentelemetry/instrumentation/django/__init__.py. This is the first concrete blocker; later files were not checked.
Traceback (most recent call last):
  File ""<staging>/wheel/opentelemetry/instrumentation/django/__init__.py"", line 402
    if _excluded_urls is None
SyntaxError: expected ')', got 'if'
error: Python syntax check failed for '<staging>/wheel/opentelemetry/instrumentation/django/__init__.py' (no source was executed)"
579,bracex,3.0.1,incompatible,syntax,True,False,verified_artifact,1,3,2,bracex-3.0.1-py3-none-any.whl,6523ad83aeb5098a4ee597cff0f964442ff74e460bd3fafaffab6a013ff2288c,>=3.10,"Verified wheel source fails compilation at bracex/__init__.py. This is the first concrete blocker; later files were not checked.
Traceback (most recent call last):
  File ""<staging>/wheel/bracex/__init__.py"", line 68
    limit: int = DEFAULT_LIMIT,
SyntaxError: expected a literal, got '@id'
error: Python syntax check failed for '<staging>/wheel/bracex/__init__.py' (no source was executed)"
580,pg8000,1.31.5,incompatible,syntax,True,False,verified_artifact,2,8,6,pg8000-1.31.5-py3-none-any.whl,0af2c1926b153307639868d2ee5cef6cd3a7d07448e12736989b10e1d491e201,>=3.9,"Verified wheel source fails compilation at pg8000/converters.py. This is the first concrete blocker; later files were not checked.
Traceback (most recent call last):
  File ""<staging>/wheel/pg8000/converters.py"", line 778
    if ""\u0000"" in sql:
SyntaxError: invalid escape char
error: Python syntax check failed for '<staging>/wheel/pg8000/converters.py' (no source was executed)"
581,langchain-text-splitters,1.1.2,incompatible,syntax,True,False,verified_artifact,2,13,11,langchain_text_splitters-1.1.2-py3-none-any.whl,a2de0d799ff31886429fd6e2e0032df275b60ec817c19059a7b46181cc1c2f10,"<4.0.0,>=3.10.0","Verified wheel source fails compilation at langchain_text_splitters/base.py. This is the first concrete blocker; later files were not checked.
Traceback (most recent call last):
  File ""<staging>/wheel/langchain_text_splitters/base.py"", line 44
    class TextSplitter(BaseDocumentTransformer, ABC):
SyntaxError: expected ')', got ','
error: Python syntax check failed for '<staging>/wheel/langchain_text_splitters/base.py' (no source was executed)"
582,azure-monitor-opentelemetry-exporter,1.0.0b57,incompatible,syntax,True,False,verified_artifact,2,102,100,azure_monitor_opentelemetry_exporter-1.0.0b57-py2.py3-none-any.whl,7489a8a8b7a9cfcbf8476808e1921f4b646dc18aa143aa24d442d344e4d067ec,>=3.8,"Verified wheel source fails compilation at azure/monitor/opentelemetry/exporter/_configuration/__init__.py. This is the first concrete blocker; later files were not checked.
Traceback (most recent call last):
  File ""<staging>/wheel/azure/monitor/opentelemetry/exporter/_configuration/__init__.py"", line 43
    class _ConfigurationManager(metaclass=Singleton):
SyntaxError: expected ')', got '='
error: Python syntax check failed for '<staging>/wheel/azure/monitor/opentelemetry/exporter/_configuration/__init__.py' (no source was executed)"
583,nh3,0.3.7,incompatible,native_only,False,False,metadata,0,,,nh3-0.3.7-cp314-cp314t-macosx_10_12_x86_64.macosx_11_0_arm64.macosx_10_12_universal2.whl,91a4dab4e94d9fc54b9f67b1adfb23e81fab7ab43f33c3b8c97be9aa38f789ba,>=3.8,The selected release has no generic Python3 pure wheel; its published wheels require a platform/ABI or a different Python implementation tag. Artifact bytes were not downloaded. Older releases and source builds were not evaluated.
584,opentelemetry-instrumentation-wsgi,0.65b0,incompatible,syntax,True,False,verified_artifact,1,3,2,opentelemetry_instrumentation_wsgi-0.65b0-py3-none-any.whl,af23e6686c7cd2abcd7d14ac03fb7e3b438273eb2d54a8f8dc401dc71bc52a9f,>=3.10,"Verified wheel source fails compilation at opentelemetry/instrumentation/wsgi/__init__.py. This is the first concrete blocker; later files were not checked.
Traceback (most recent call last):
  File ""<staging>/wheel/opentelemetry/instrumentation/wsgi/__init__.py"", line 321
    sem_conv_opt_in_mode: _StabilityMode = _StabilityMode.DEFAULT,
SyntaxError: expected a literal, got '@id'
error: Python syntax check failed for '<staging>/wheel/opentelemetry/instrumentation/wsgi/__init__.py' (no source was executed)"
585,ijson,3.5.1,incompatible,native_only,False,False,metadata,0,,,ijson-3.5.1-cp310-cp310-macosx_10_9_universal2.whl,8b4ed62287feee41b90b55ae2800ef56d6bdfd2fbfa02b4fd0634cd4524bc995,>=3.9,The selected release has no generic Python3 pure wheel; its published wheels require a platform/ABI or a different Python implementation tag. Artifact bytes were not downloaded. Older releases and source builds were not evaluated.
586,isoduration,20.11.0,incompatible,syntax,True,False,verified_artifact,4,13,9,isoduration-20.11.0-py3-none-any.whl,b2904c2a4228c3d44f409c8ae8e2370eb21a26f7ac2ec5446df141dde3452042,>=3.7,"Verified wheel source fails compilation at isoduration/formatter/checking.py. This is the first concrete blocker; later files were not checked.
Traceback (most recent call last):
  File ""<staging>/wheel/isoduration/formatter/checking.py"", line 14
    and duration.date.months == 0
SyntaxError: expected ')', got 'and'
error: Python syntax check failed for '<staging>/wheel/isoduration/formatter/checking.py' (no source was executed)"
587,opentelemetry-instrumentation-psycopg2,0.65b0,incompatible,syntax,True,False,verified_artifact,1,3,2,opentelemetry_instrumentation_psycopg2-0.65b0-py3-none-any.whl,91880c7dbcd2b9cc62694894abed7f69fdad4bae472d1d3664a82650294f9836,>=3.10,"Verified wheel source fails compilation at opentelemetry/instrumentation/psycopg2/__init__.py. This is the first concrete blocker; later files were not checked.
Traceback (most recent call last):
  File ""<staging>/wheel/opentelemetry/instrumentation/psycopg2/__init__.py"", line 353
    class TracedCursorFactory(base_factory):
SyntaxError: class definition not allowed here
error: Python syntax check failed for '<staging>/wheel/opentelemetry/instrumentation/psycopg2/__init__.py' (no source was executed)"
588,inflection,0.5.1,incompatible,syntax,True,False,verified_artifact,1,2,1,inflection-0.5.1-py2.py3-none-any.whl,f38b2b640938a4f35ade69ac3d053042959b62a0f1076a5bbaa1b9526605a8a2,>=3.5,"Verified wheel source fails compilation at inflection/__init__.py. This is the first concrete blocker; later files were not checked.
Traceback (most recent call last):
  File ""<staging>/wheel/inflection/__init__.py"", line 100
    return ''.join('[' + char + char.upper() + ']' for char in string)
SyntaxError: expected ')', got 'for'
error: Python syntax check failed for '<staging>/wheel/inflection/__init__.py' (no source was executed)"
589,pywin32,312,incompatible,native_only,False,False,metadata,0,,,pywin32-312-cp310-cp310-win32.whl,772235332b5d1024c696f11cea1ae4be7930f0a8b894bb43db14e3f435f1ff7e,>=3.9,The selected release has no generic Python3 pure wheel; its published wheels require a platform/ABI or a different Python implementation tag. Artifact bytes were not downloaded. Older releases and source builds were not evaluated.
590,jupyterlab,4.6.3,incompatible,syntax,True,False,verified_artifact,3,44,41,jupyterlab-4.6.3-py3-none-any.whl,0a1ebc6567186f1eabd99536e94df7ed9e96d1e7c5ddf3e4406ae16e88abacb7,>=3.10,"Verified wheel source fails compilation at jupyterlab/_version.py. This is the first concrete blocker; later files were not checked.
Traceback (most recent call last):
  File ""<staging>/wheel/jupyterlab/_version.py"", line 19
    if version_info.releaselevel == ""final""
SyntaxError: expected ')', got 'if'
error: Python syntax check failed for '<staging>/wheel/jupyterlab/_version.py' (no source was executed)"
591,outcome,1.3.0.post0,incompatible,syntax,True,False,verified_artifact,2,4,2,outcome-1.3.0.post0-py2.py3-none-any.whl,e771c5ce06d1415e356078d3bdd68523f284b4ce5419828922b6871e65eda82b,>=3.7,"Verified wheel source fails compilation at outcome/_impl.py. This is the first concrete blocker; later files were not checked.
Traceback (most recent call last):
  File ""<staging>/wheel/outcome/_impl.py"", line 74
    async def acapture(
SyntaxError: expected 'def', got '@id'
error: Python syntax check failed for '<staging>/wheel/outcome/_impl.py' (no source was executed)"
592,mypy-boto3-s3,1.43.66,incompatible,syntax,True,False,verified_artifact,6,9,3,mypy_boto3_s3-1.43.66-py3-none-any.whl,f9385e190d423690dbc161260dac02439e3b6c9841e992ba6a92d15c1050b3af,>=3.9,"Verified wheel source fails compilation at mypy_boto3_s3/service_resource.py. This is the first concrete blocker; later files were not checked.
Traceback (most recent call last):
  File ""<staging>/wheel/mypy_boto3_s3/service_resource.py"", line 197
    *,
SyntaxError: expected '@id', got ','
error: Python syntax check failed for '<staging>/wheel/mypy_boto3_s3/service_resource.py' (no source was executed)"
593,flit-core,4.0.2,incompatible,syntax,True,False,verified_artifact,4,13,9,flit_core-4.0.2-py3-none-any.whl,8d80717e28d982b41594ed5b14d4e89fbc5bad55473fde27994a3101db18a94e,>=3.8,"Verified wheel source fails compilation at flit_core/common.py. This is the first concrete blocker; later files were not checked.
Traceback (most recent call last):
  File ""<staging>/wheel/flit_core/common.py"", line 264
    #!{interpreter}
SyntaxError: invalid escape char
error: Python syntax check failed for '<staging>/wheel/flit_core/common.py' (no source was executed)"
594,google-cloud-spanner,3.71.0,incompatible,syntax,True,False,verified_artifact,2,137,135,google_cloud_spanner-3.71.0-py3-none-any.whl,658443c774c3967a3a5773f40f42aebf7b93cf1b63d5a8cb556926ff9fc53f9d,>=3.10,"Verified wheel source fails compilation at google/cloud/aio/_cross_sync/_decorators.py. This is the first concrete blocker; later files were not checked.
Traceback (most recent call last):
  File ""<staging>/wheel/google/cloud/aio/_cross_sync/_decorators.py"", line 135
    if hasattr(node, ""keywords"")
SyntaxError: expected ')', got 'if'
error: Python syntax check failed for '<staging>/wheel/google/cloud/aio/_cross_sync/_decorators.py' (no source was executed)"
595,fakeredis,2.37.1,incompatible,syntax,True,False,verified_artifact,2,62,60,fakeredis-2.37.1-py3-none-any.whl,f15c41be151c1e9206416dece764369a4dedb6b1341df3734c3c2c000e405508,>=3.8,"Verified wheel source fails compilation at fakeredis/_basefakesocket.py. This is the first concrete blocker; later files were not checked.
Traceback (most recent call last):
  File ""<staging>/wheel/fakeredis/_basefakesocket.py"", line 253
    buf += yield
SyntaxError: expected an expression, got yield
error: Python syntax check failed for '<staging>/wheel/fakeredis/_basefakesocket.py' (no source was executed)"
596,wcmatch,11.0.1,incompatible,syntax,True,False,verified_artifact,3,10,7,wcmatch-11.0.1-py3-none-any.whl,fd149ecddb9f0a88ea780017d6dde17c994e494e7f7303d4e3c9d6251f978f4b,>=3.10,"Verified wheel source fails compilation at wcmatch/_wcmatch.py. This is the first concrete blocker; later files were not checked.
Traceback (most recent call last):
  File ""<staging>/wheel/wcmatch/_wcmatch.py"", line 17
    re.compile(br'\\|/|[a-z]:(?:\\|/|$)', re.I)
SyntaxError: expected ')', got '@str'
error: Python syntax check failed for '<staging>/wheel/wcmatch/_wcmatch.py' (no source was executed)"
597,gevent,26.8.0,incompatible,native_only,False,False,metadata,0,,,gevent-26.8.0-cp310-cp310-manylinux_2_28_x86_64.whl,8e22ce9c9b2fbe498c00665cfa4a598ce8d04dec8ea60047c0c4e2e6ce4ee686,>=3.10,The selected release has no generic Python3 pure wheel; its published wheels require a platform/ABI or a different Python implementation tag. Artifact bytes were not downloaded. Older releases and source builds were not evaluated.
598,opentelemetry-instrumentation-flask,0.65b0,incompatible,syntax,True,False,verified_artifact,1,3,2,opentelemetry_instrumentation_flask-0.65b0-py3-none-any.whl,d5337dac3b2af7f658fbc11c879667c9978910e38744b9706508f0b9908f7841,>=3.10,"Verified wheel source fails compilation at opentelemetry/instrumentation/flask/__init__.py. This is the first concrete blocker; later files were not checked.
Traceback (most recent call last):
  File ""<staging>/wheel/opentelemetry/instrumentation/flask/__init__.py"", line 339
    sem_conv_opt_in_mode=_StabilityMode.DEFAULT,
SyntaxError: expected a literal, got '@id'
error: Python syntax check failed for '<staging>/wheel/opentelemetry/instrumentation/flask/__init__.py' (no source was executed)"
599,dateparser,1.4.3,incompatible,syntax,True,False,verified_artifact,1,252,251,dateparser-1.4.3-py3-none-any.whl,cbce86c64e0cea5c54c84c015d34c903d46c51bfad50632bf2f05a6141d10c05,>=3.10,"Verified wheel source fails compilation at dateparser/__init__.py. This is the first concrete blocker; later files were not checked.
Traceback (most recent call last):
  File ""<staging>/wheel/dateparser/__init__.py"", line 66
    or locales
SyntaxError: expected ')', got 'or'
error: Python syntax check failed for '<staging>/wheel/dateparser/__init__.py' (no source was executed)"
600,moto,5.2.3,incompatible,syntax,True,False,verified_artifact,9,1463,1454,moto-5.2.3-py3-none-any.whl,5ec31b3cdbb383a19d46030157bd82aaaa7a9cc5f564200f995663d347bd4728,>=3.10,"Verified wheel source fails compilation at moto/acm/models.py. This is the first concrete blocker; later files were not checked.
Traceback (most recent call last):
  File ""<staging>/wheel/moto/acm/models.py"", line 97
    k + ""="" + str(v or """") for k, v in tags_copy.items()
SyntaxError: expected ')', got 'for'
error: Python syntax check failed for '<staging>/wheel/moto/acm/models.py' (no source was executed)"
601,swebench,5.0.2,incompatible,syntax,True,False,verified_artifact,1,65,64,swebench-5.0.2-py3-none-any.whl,b7f0416a1e686eca22c2f749b5f816685a202835032f6683080e2b53545bbb62,>=3.10,"Verified wheel source fails compilation at swebench/__init__.py. This is the first concrete blocker; later files were not checked.
Traceback (most recent call last):
  File ""<staging>/wheel/swebench/__init__.py"", line 54
    raise AttributeError(f""module {__name__!r} has no attribute {name!r}"") from None
SyntaxError: expected statement end
error: Python syntax check failed for '<staging>/wheel/swebench/__init__.py' (no source was executed)"
602,curl-cffi,0.16.3,incompatible,native_only,False,False,metadata,0,,,curl_cffi-0.16.3-cp310-abi3-macosx_10_9_x86_64.whl,0f1f6878863fba393801e4d59b2f2766d1983b5c9d9dfa11d4becfd6a74cc937,>=3.10,The selected release has no generic Python3 pure wheel; its published wheels require a platform/ABI or a different Python implementation tag. Artifact bytes were not downloaded. Older releases and source builds were not evaluated.
603,boto3-stubs,1.43.89,unverified,unverified,True,True,verified_artifact,0,0,0,boto3_stubs-1.43.89-py3-none-any.whl,be8217bbc3b97cbf9eb8485dff85dbe86f466aa1ea71cd1ae3f18067624e37ac,>=3.9,"The wheel contains no .py source files to compile; it may be a stub, data, or dependency-only distribution. Dependencies, runtime APIs, assets, and behavior were not exercised."
604,opentelemetry-instrumentation-urllib,0.65b0,incompatible,syntax,True,False,verified_artifact,1,3,2,opentelemetry_instrumentation_urllib-0.65b0-py3-none-any.whl,df1b79e50d6d59f4248acc659bbed0ada8ccc8a028ee915d3fdeaf9140672b87,>=3.10,"Verified wheel source fails compilation at opentelemetry/instrumentation/urllib/__init__.py. This is the first concrete blocker; later files were not checked.
Traceback (most recent call last):
  File ""<staging>/wheel/opentelemetry/instrumentation/urllib/__init__.py"", line 297
    if excluded_urls is None
SyntaxError: expected ')', got 'if'
error: Python syntax check failed for '<staging>/wheel/opentelemetry/instrumentation/urllib/__init__.py' (no source was executed)"
605,gspread,6.2.1,incompatible,syntax,True,False,verified_artifact,2,10,8,gspread-6.2.1-py3-none-any.whl,6d4ec9f1c23ae3c704a9219026dac01f2b328ac70b96f1495055d453c4c184db,>=3.8,"Verified wheel source fails compilation at gspread/auth.py. This is the first concrete blocker; later files were not checked.
Traceback (most recent call last):
  File ""<staging>/wheel/gspread/auth.py"", line 42
    config_dir_name: str = ""gspread"", os_is_windows: bool = os.name == ""nt""
SyntaxError: expected a literal, got '@id'
error: Python syntax check failed for '<staging>/wheel/gspread/auth.py' (no source was executed)"
606,mysql-connector-python,26.7.0,incompatible,syntax,True,False,verified_artifact,4,91,87,mysql_connector_python-26.7.0-py2.py3-none-any.whl,43ee453b53556f690e4f4b795d3f17a1c6d4b45f729657bb0d999c8dfc9261d5,>=3.10,"Verified wheel source fails compilation at mysql/ai/genai/embedding.py. This is the first concrete blocker; later files were not checked.
Traceback (most recent call last):
  File ""<staging>/wheel/mysql/ai/genai/embedding.py"", line 134
    atomic_transaction(self._db_connection) as cursor,
SyntaxError: expected ')', got 'as'
error: Python syntax check failed for '<staging>/wheel/mysql/ai/genai/embedding.py' (no source was executed)"
607,limits,5.8.0,incompatible,syntax,True,False,verified_artifact,2,31,29,limits-5.8.0-py3-none-any.whl,ae1b008a43eb43073c3c579398bd4eb4c795de60952532dc24720ab45e1ac6b8,>=3.10,"Verified wheel source fails compilation at limits/_storage_scheme.py. This is the first concrete blocker; later files were not checked.
Traceback (most recent call last):
  File ""<staging>/wheel/limits/_storage_scheme.py"", line 49
    and self.password is None
SyntaxError: expected ')', got 'and'
error: Python syntax check failed for '<staging>/wheel/limits/_storage_scheme.py' (no source was executed)"
608,fqdn,1.5.1,incompatible,syntax,True,False,verified_artifact,1,2,1,fqdn-1.5.1-py3-none-any.whl,3a179af3761e4df6eb2e026ff9e1a3033d3587bf980a0b1b2e1e5d08d7358014,">=2.7, !=3.0, !=3.1, !=3.2, !=3.3, !=3.4, <4","Verified wheel source fails compilation at fqdn/__init__.py. This is the first concrete blocker; later files were not checked.
Traceback (most recent call last):
  File ""<staging>/wheel/fqdn/__init__.py"", line 59
    if not self._allow_underscores
SyntaxError: expected ')', got 'if'
error: Python syntax check failed for '<staging>/wheel/fqdn/__init__.py' (no source was executed)"
609,filetype,1.2.0,incompatible,syntax,True,False,verified_artifact,1,16,15,filetype-1.2.0-py2.py3-none-any.whl,7ce71b6880181241cf7ac8697a2f1eb6a8bd9b429f7ad6d27b8db9ba5f1c2d25,,"Verified wheel source fails compilation at filetype/__init__.py. This is the first concrete blocker; later files were not checked.
Traceback (most recent call last):
  File ""<staging>/wheel/filetype/__init__.py"", line 7
    from .match import *  # noqa
SyntaxError: expected 'import', got 'match'
error: Python syntax check failed for '<staging>/wheel/filetype/__init__.py' (no source was executed)"
610,ddtrace,,unverified,limits,False,False,none,0,,,,,,download exceeds 32 MiB limit
611,async-lru,2.3.0,incompatible,syntax,True,False,verified_artifact,1,1,0,async_lru-2.3.0-py3-none-any.whl,eea27b01841909316f2cc739807acea1c623df2be8c5cfad7583286397bb8315,>=3.10,"Verified wheel source fails compilation at async_lru/__init__.py. This is the first concrete blocker; later files were not checked.
Traceback (most recent call last):
  File ""<staging>/wheel/async_lru/__init__.py"", line 153
    def cache_contains(self, /, *args: Hashable, **kwargs: Any) -> bool:
SyntaxError: expected '@id', got '/'
error: Python syntax check failed for '<staging>/wheel/async_lru/__init__.py' (no source was executed)"
612,uri-template,1.3.0,incompatible,syntax,True,False,verified_artifact,3,5,2,uri_template-1.3.0-py3-none-any.whl,a44a133ea12d44a0c0f06d7d42a52d71282e77e2f937d8abd5655b8d56fc1363,>=3.7,"Verified wheel source fails compilation at uri_template/expansions.py. This is the first concrete blocker; later files were not checked.
Traceback (most recent call last):
  File ""<staging>/wheel/uri_template/expansions.py"", line 57
    and ((index + 2) < len(value))
SyntaxError: expected ')', got 'and'
error: Python syntax check failed for '<staging>/wheel/uri_template/expansions.py' (no source was executed)"
613,langchain-community,0.4.2,incompatible,syntax,True,False,verified_artifact,3,1204,1201,langchain_community-0.4.2-py3-none-any.whl,84dd8c5122532394d5b6849a5fc9995ef28e4f77227daeb09f24b3d942e9e466,"<4.0.0,>=3.10.0","Verified wheel source fails compilation at langchain_community/adapters/openai.py. This is the first concrete blocker; later files were not checked.
Traceback (most recent call last):
  File ""<staging>/wheel/langchain_community/adapters/openai.py"", line 32
    async def aenumerate(
SyntaxError: expected statement end
error: Python syntax check failed for '<staging>/wheel/langchain_community/adapters/openai.py' (no source was executed)"
614,nvidia-nccl-cu13,2.31.2,incompatible,native_only,False,False,metadata,0,,,nvidia_nccl_cu13-2.31.2-py3-none-manylinux_2_18_aarch64.whl,b5563f8e2534f363d93ace022670ba016d3717e190ac4eba564d05fbbe8495b1,>=3,The selected release has no generic Python3 pure wheel; its published wheels require a platform/ABI or a different Python implementation tag. Artifact bytes were not downloaded. Older releases and source builds were not evaluated.
615,apache-airflow-providers-common-sql,2.1.1,incompatible,syntax,True,False,verified_artifact,2,29,27,apache_airflow_providers_common_sql-2.1.1-py3-none-any.whl,44c64f20f72b2719d5173f8de5b06ac450dd3bfff28ddc4552be4feebc0c53f0,>=3.10,"Verified wheel source fails compilation at airflow/providers/common/sql/config.py. This is the first concrete blocker; later files were not checked.
Traceback (most recent call last):
  File ""<staging>/wheel/airflow/providers/common/sql/config.py"", line 33
    class FormatType(str, Enum):
SyntaxError: expected ')', got ','
error: Python syntax check failed for '<staging>/wheel/airflow/providers/common/sql/config.py' (no source was executed)"
616,ty,0.0.78,incompatible,native_only,False,False,metadata,0,,,ty-0.0.78-py3-none-linux_armv6l.whl,122700b98f9d45785c1ce91a9418154562e7f64f4bf34679f6f7b38c5b97453f,>=3.8,The selected release has no generic Python3 pure wheel; its published wheels require a platform/ABI or a different Python implementation tag. Artifact bytes were not downloaded. Older releases and source builds were not evaluated.
617,opentelemetry-instrumentation-logging,0.65b0,incompatible,syntax,True,False,verified_artifact,1,6,5,opentelemetry_instrumentation_logging-0.65b0-py3-none-any.whl,68365b31755c844f1e85f07dcd217839ff92f2d278a214bdf02d4dc806f9d915,>=3.10,"Verified wheel source fails compilation at opentelemetry/instrumentation/logging/__init__.py. This is the first concrete blocker; later files were not checked.
Traceback (most recent call last):
  File ""<staging>/wheel/opentelemetry/instrumentation/logging/__init__.py"", line 154
    == ""true"",
SyntaxError: expected ')', got '=='
error: Python syntax check failed for '<staging>/wheel/opentelemetry/instrumentation/logging/__init__.py' (no source was executed)"
618,db-dtypes,1.7.1,incompatible,syntax,True,False,verified_artifact,1,5,4,db_dtypes-1.7.1-py3-none-any.whl,450b94cd010cfa6d4d13cca2593009eba4fbe15516084c332cde1a47bbce0625,>=3.10,"Verified wheel source fails compilation at db_dtypes/__init__.py. This is the first concrete blocker; later files were not checked.
Traceback (most recent call last):
  File ""<staging>/wheel/db_dtypes/__init__.py"", line 102
    match_fn=re.compile(
SyntaxError: expected a literal, got '@id'
error: Python syntax check failed for '<staging>/wheel/db_dtypes/__init__.py' (no source was executed)"
619,types-awscrt,0.36.2,unverified,unverified,True,True,verified_artifact,0,0,0,types_awscrt-0.36.2-py3-none-any.whl,7d94abfa5f839c1052fc88fdc8e9a085fcda5da739bb1da92c080c19eef1c72a,>=3.10,"The wheel contains no .py source files to compile; it may be a stub, data, or dependency-only distribution. Dependencies, runtime APIs, assets, and behavior were not exercised."
620,python-jose,3.5.0,incompatible,syntax,True,False,verified_artifact,5,15,10,python_jose-3.5.0-py2.py3-none-any.whl,abd1202f23d34dfad2c3d28cb8617b90acf34132c7afd60abd0b0b7d3cb55771,>=3.9,"Verified wheel source fails compilation at jose/backends/cryptography_backend.py. This is the first concrete blocker; later files were not checked.
Traceback (most recent call last):
  File ""<staging>/wheel/jose/backends/cryptography_backend.py"", line 38
    def __init__(self, key, algorithm, cryptography_backend=default_backend):
SyntaxError: expected a literal, got '@id'
error: Python syntax check failed for '<staging>/wheel/jose/backends/cryptography_backend.py' (no source was executed)"
621,google-cloud-firestore,2.30.0,incompatible,syntax,True,False,verified_artifact,6,108,102,google_cloud_firestore-2.30.0-py3-none-any.whl,85098db598fbd8747efd2265836152f2f05abfb2b6e1c001a31cdce0964ba447,>=3.10,"Verified wheel source fails compilation at google/cloud/firestore_admin_v1/_compat.py. This is the first concrete blocker; later files were not checked.
Traceback (most recent call last):
  File ""<staging>/wheel/google/cloud/firestore_admin_v1/_compat.py"", line 179
    default_universe: str,
SyntaxError: expected '=', got ','
error: Python syntax check failed for '<staging>/wheel/google/cloud/firestore_admin_v1/_compat.py' (no source was executed)"
622,mlflow-skinny,3.16.0,incompatible,syntax,True,False,verified_artifact,4,1185,1181,mlflow_skinny-3.16.0-py3-none-any.whl,ff4e676eb469d769efc27036f9cb804e0709c125a2645a3902743d917b3771ae,>=3.10,"Verified wheel source fails compilation at mlflow/ag2/ag2_logger.py. This is the first concrete blocker; later files were not checked.
Traceback (most recent call last):
  File ""<staging>/wheel/mlflow/ag2/ag2_logger.py"", line 114
    def _get_patch_function(self, span_type: str = SpanType.UNKNOWN, root_only: bool = False):
SyntaxError: expected a literal, got '@id'
error: Python syntax check failed for '<staging>/wheel/mlflow/ag2/ag2_logger.py' (no source was executed)"
623,omegaconf,2.3.1,incompatible,syntax,True,False,verified_artifact,2,25,23,omegaconf-2.3.1-py3-none-any.whl,3d701d14e9a8828f1edd28bb70b725908b34277cdd72cf7d6a83f94dadc6b6a0,>=3.6,"Verified wheel source fails compilation at omegaconf/_impl.py. This is the first concrete blocker; later files were not checked.
Traceback (most recent call last):
  File ""<staging>/wheel/omegaconf/_impl.py"", line 17
    else:
SyntaxError: expected an expression, got else
error: Python syntax check failed for '<staging>/wheel/omegaconf/_impl.py' (no source was executed)"
624,fastavro,1.12.2,incompatible,native_only,False,False,metadata,0,,,fastavro-1.12.2-cp310-cp310-macosx_10_9_universal2.whl,c7c6d26c731a0e1e8e7d4ae8f13ae524eb6ec0e90d99c8147a19fdbae14eb807,>=3.9,The selected release has no generic Python3 pure wheel; its published wheels require a platform/ABI or a different Python implementation tag. Artifact bytes were not downloaded. Older releases and source builds were not evaluated.
625,pyotp,2.10.0,incompatible,syntax,True,False,verified_artifact,1,8,7,pyotp-2.10.0-py3-none-any.whl,1df2f6a1bcc3bb0716172a5215ddc2f8c7c7fd26a13df9927d52e1746934836c,>=3.8,"Verified wheel source fails compilation at pyotp/__init__.py. This is the first concrete blocker; later files were not checked.
Traceback (most recent call last):
  File ""<staging>/wheel/pyotp/__init__.py"", line 20
    return """".join(random.choice(chars) for _ in range(length))
SyntaxError: expected ')', got 'for'
error: Python syntax check failed for '<staging>/wheel/pyotp/__init__.py' (no source was executed)"
626,nvidia-nccl-cu12,2.31.2,incompatible,native_only,False,False,metadata,0,,,nvidia_nccl_cu12-2.31.2-py3-none-manylinux_2_18_aarch64.whl,f208de397e431631eab0eca946444404a495d43a007535baa333d7de9e510ca2,>=3,The selected release has no generic Python3 pure wheel; its published wheels require a platform/ABI or a different Python implementation tag. Artifact bytes were not downloaded. Older releases and source builds were not evaluated.
627,rfc3986-validator,0.1.1,unverified,unverified,True,True,verified_artifact,1,1,0,rfc3986_validator-0.1.1-py2.py3-none-any.whl,2f235c432ef459970b4306369336b9d5dbdda31b510ca1e327636e01f528bfa9,">=2.7, !=3.0.*, !=3.1.*, !=3.2.*, !=3.3.*, !=3.4.*","All 1 Python source files compile. Imports, runtime APIs, dependency closure, assets, and behavior were not exercised; this is not a tested compatibility result."
628,imageio,2.37.4,incompatible,syntax,True,False,verified_artifact,2,49,47,imageio-2.37.4-py3-none-any.whl,1ab2e22c8debf700f24c3ac43e8f95f3b3a8110c83b93411e97b4b0b2cd1c7e6,>=3.10,"Verified wheel source fails compilation at imageio/__main__.py. This is the first concrete blocker; later files were not checked.
Traceback (most recent call last):
  File ""<staging>/wheel/imageio/__main__.py"", line 20
    def download_bin(plugin_names=[""all""], package_dir=False):
SyntaxError: expected a literal, got '['
error: Python syntax check failed for '<staging>/wheel/imageio/__main__.py' (no source was executed)"
629,graphql-relay,3.2.0,incompatible,syntax,True,False,verified_artifact,3,13,10,graphql_relay-3.2.0-py3-none-any.whl,c9b22bd28b170ba1fe674c74384a8ff30a76c8e26f88ac3aa1584dd3179953e5,">=3.6,<4","Verified wheel source fails compilation at graphql_relay/connection/array_connection.py. This is the first concrete blocker; later files were not checked.
Traceback (most recent call last):
  File ""<staging>/wheel/graphql_relay/connection/array_connection.py"", line 46
    connection_type: ConnectionConstructor = Connection,
SyntaxError: expected a literal, got '@id'
error: Python syntax check failed for '<staging>/wheel/graphql_relay/connection/array_connection.py' (no source was executed)"
630,h5py,3.16.0,incompatible,native_only,False,False,metadata,0,,,h5py-3.16.0-cp310-cp310-macosx_10_9_x86_64.whl,e06f864bedb2c8e7c1358e6c73af48519e317457c444d6f3d332bb4e8fa6d7d9,>=3.10,The selected release has no generic Python3 pure wheel; its published wheels require a platform/ABI or a different Python implementation tag. Artifact bytes were not downloaded. Older releases and source builds were not evaluated.
631,psycopg-pool,3.3.1,incompatible,syntax,True,False,verified_artifact,2,15,13,psycopg_pool-3.3.1-py3-none-any.whl,2af5b432941c4c9ad5c87b3fa410aec910ec8f7c122855897983a06c45f2e4b5,>=3.10,"Verified wheel source fails compilation at psycopg_pool/_acompat.py. This is the first concrete blocker; later files were not checked.
Traceback (most recent call last):
  File ""<staging>/wheel/psycopg_pool/_acompat.py"", line 67
    async def wait_timeout(self, timeout: float) -> bool:
SyntaxError: expected statement end
error: Python syntax check failed for '<staging>/wheel/psycopg_pool/_acompat.py' (no source was executed)"
632,cuda-toolkit,13.3.1,unverified,unverified,True,True,verified_artifact,0,0,0,cuda_toolkit-13.3.1-py2.py3-none-any.whl,2ceda460a540323d52469bcfde48b48c1861f6482e4b5ea3cb5bdac00a1b11bd,,"The wheel contains no .py source files to compile; it may be a stub, data, or dependency-only distribution. Dependencies, runtime APIs, assets, and behavior were not exercised."
633,stripe,15.6.1,incompatible,syntax,True,False,verified_artifact,2,1210,1208,stripe-15.6.1-py3-none-any.whl,b33e1ea76462d7289e5fe755a1132b82099151bfb31e961021655471e6d216bf,>=3.9,"Verified wheel source fails compilation at stripe/_account.py. This is the first concrete blocker; later files were not checked.
Traceback (most recent call last):
  File ""<staging>/wheel/stripe/_account.py"", line 78
    class Account(
SyntaxError: expected ')', got '@eol'
error: Python syntax check failed for '<staging>/wheel/stripe/_account.py' (no source was executed)"
634,send2trash,2.1.0,incompatible,syntax,True,False,verified_artifact,4,13,9,send2trash-2.1.0-py3-none-any.whl,0da2f112e6d6bb22de6aa6daa7e144831a4febf2a87261451c4ad849fe9a873c,>=3.8,"Verified wheel source fails compilation at send2trash/mac/__init__.py. This is the first concrete blocker; later files were not checked.
Traceback (most recent call last):
  File ""<staging>/wheel/send2trash/mac/__init__.py"", line 11
    macos_ver = tuple(int(part) for part in mac_ver()[0].split("".""))
SyntaxError: expected ')', got 'for'
error: Python syntax check failed for '<staging>/wheel/send2trash/mac/__init__.py' (no source was executed)"
635,statsmodels,0.15.0,incompatible,native_only,False,False,metadata,0,,,statsmodels-0.15.0-cp310-cp310-macosx_10_9_x86_64.whl,7b5561f454d6b629bb45cb505df6fdb498f960d0de111bd81f215fa47b15a72d,>=3.10,The selected release has no generic Python3 pure wheel; its published wheels require a platform/ABI or a different Python implementation tag. Artifact bytes were not downloaded. Older releases and source builds were not evaluated.
636,widgetsnbextension,4.0.16,unverified,unverified,True,True,verified_artifact,2,2,0,widgetsnbextension-4.0.16-py3-none-any.whl,a31a8774885b96fe825462f5d6496166f0c7cae111195b6465c801d230eb5a4e,>=3.7,"All 2 Python source files compile. Imports, runtime APIs, dependency closure, assets, and behavior were not exercised; this is not a tested compatibility result."
637,nvidia-cublas,13.6.1.10,incompatible,native_only,False,False,metadata,0,,,nvidia_cublas-13.6.1.10-py3-none-manylinux_2_27_aarch64.whl,e05a431062a17cb9b02e2f37e67817b637051ce8fad57b388482c594396ddbb4,>=3,The selected release has no generic Python3 pure wheel; its published wheels require a platform/ABI or a different Python implementation tag. Artifact bytes were not downloaded. Older releases and source builds were not evaluated.
638,graphene,3.4.3,incompatible,syntax,True,False,verified_artifact,3,120,117,graphene-3.4.3-py2.py3-none-any.whl,820db6289754c181007a150db1f7fff544b94142b556d12e3ebc777a7bf36c71,,"Verified wheel source fails compilation at graphene/pyutils/version.py. This is the first concrete blocker; later files were not checked.
Traceback (most recent call last):
  File ""<staging>/wheel/graphene/pyutils/version.py"", line 32
    return ""."".join(str(x) for x in version[:parts])
SyntaxError: expected ')', got 'for'
error: Python syntax check failed for '<staging>/wheel/graphene/pyutils/version.py' (no source was executed)"
639,mlflow,3.16.0,incompatible,syntax,True,False,verified_artifact,4,1185,1181,mlflow-3.16.0-py3-none-any.whl,c4ac5e8634aacad1a3d7d5a1a31be9279593ebd48b84272843682db11970cf71,>=3.10,"Verified wheel source fails compilation at mlflow/ag2/ag2_logger.py. This is the first concrete blocker; later files were not checked.
Traceback (most recent call last):
  File ""<staging>/wheel/mlflow/ag2/ag2_logger.py"", line 114
    def _get_patch_function(self, span_type: str = SpanType.UNKNOWN, root_only: bool = False):
SyntaxError: expected a literal, got '@id'
error: Python syntax check failed for '<staging>/wheel/mlflow/ag2/ag2_logger.py' (no source was executed)"
640,zeep,4.3.3,incompatible,syntax,True,False,verified_artifact,3,59,56,zeep-4.3.3-py3-none-any.whl,5adfae35582848819f8bb97b6ea9f1a34a2d4851a539f830e14dbab09961dd18,>=3.10,"Verified wheel source fails compilation at zeep/cache.py. This is the first concrete blocker; later files were not checked.
Traceback (most recent call last):
  File ""<staging>/wheel/zeep/cache.py"", line 88
    else:
SyntaxError: expected an expression, got else
error: Python syntax check failed for '<staging>/wheel/zeep/cache.py' (no source was executed)"
641,pyright,1.1.411,incompatible,syntax,True,False,verified_artifact,3,11,8,pyright-1.1.411-py3-none-any.whl,dc7c72a8e2700c55baa127554040e067041ea53ccfd50bf96308cc4291c7d5d9,>=3.7,"Verified wheel source fails compilation at pyright/_mureq.py. This is the first concrete blocker; later files were not checked.
Traceback (most recent call last):
  File ""<staging>/wheel/pyright/_mureq.py"", line 30
    def request(method, url, *, read_limit=None, **kwargs):
SyntaxError: expected '@id', got ','
error: Python syntax check failed for '<staging>/wheel/pyright/_mureq.py' (no source was executed)"
642,coloredlogs,15.0.1,incompatible,syntax,True,False,verified_artifact,1,7,6,coloredlogs-15.0.1-py2.py3-none-any.whl,612ee75c546f53e92e70049c9dbfcc18c935a2b9a53b66085ce9ef6a6e5c0934,">=2.7, !=3.0.*, !=3.1.*, !=3.2.*, !=3.3.*, !=3.4.*","Verified wheel source fails compilation at coloredlogs/__init__.py. This is the first concrete blocker; later files were not checked.
Traceback (most recent call last):
  File ""<staging>/wheel/coloredlogs/__init__.py"", line 410
    if stream in [sys.stdout, sys.stderr, None]
SyntaxError: expected ')', got 'if'
error: Python syntax check failed for '<staging>/wheel/coloredlogs/__init__.py' (no source was executed)"
643,nvidia-cudnn-cu13,9.25.1.1,incompatible,native_only,False,False,metadata,0,,,nvidia_cudnn_cu13-9.25.1.1-py3-none-manylinux_2_27_aarch64.whl,6ed974d46b1b5fd123c0d9ff031c857142aa94257c6df41c40f6b5fd11a01d50,>=3,The selected release has no generic Python3 pure wheel; its published wheels require a platform/ABI or a different Python implementation tag. Artifact bytes were not downloaded. Older releases and source builds were not evaluated.
644,nvidia-cuda-nvrtc,13.3.33,incompatible,native_only,False,False,metadata,0,,,nvidia_cuda_nvrtc-13.3.33-py3-none-manylinux2010_x86_64.manylinux_2_12_x86_64.whl,82530788b8c6164a54d3fd9ae8bcca8893d397c4aeb998861982a03bbe41e204,>=3,The selected release has no generic Python3 pure wheel; its published wheels require a platform/ABI or a different Python implementation tag. Artifact bytes were not downloaded. Older releases and source builds were not evaluated.
645,jupyterlab-widgets,3.0.17,unverified,unverified,True,True,verified_artifact,2,2,0,jupyterlab_widgets-3.0.17-py3-none-any.whl,40ac1e9955acf116c4d995d9bfa082d86ad9ec6d91c4f134827cf5e0a5eb75e0,>=3.7,"All 2 Python source files compile. Imports, runtime APIs, dependency closure, assets, and behavior were not exercised; this is not a tested compatibility result."
646,bytecode,0.19.0,incompatible,syntax,True,False,verified_artifact,1,8,7,bytecode-0.19.0-py3-none-any.whl,7b32811d4a574f5ebcdc84ae8d37af928d980f31d6aa5aea2cab9f6d364489d1,>=3.11,"Verified wheel source fails compilation at bytecode/__init__.py. This is the first concrete blocker; later files were not checked.
Traceback (most recent call last):
  File ""<staging>/wheel/bytecode/__init__.py"", line 57
    *,
SyntaxError: expected '@id', got ','
error: Python syntax check failed for '<staging>/wheel/bytecode/__init__.py' (no source was executed)"
647,boolean-py,5.0,incompatible,syntax,True,False,verified_artifact,2,3,1,boolean_py-5.0-py3-none-any.whl,ef28a70bd43115208441b53a045d1549e2f0ec6e3d08a9d142cbc41c1938e8d9,,"Verified wheel source fails compilation at boolean/boolean.py. This is the first concrete blocker; later files were not checked.
Traceback (most recent call last):
  File ""<staging>/wheel/boolean/boolean.py"", line 565
    args = (self._recurse_distributive(arg, operation_inst) for arg in expr.args)
SyntaxError: expected ')', got 'for'
error: Python syntax check failed for '<staging>/wheel/boolean/boolean.py' (no source was executed)"
648,license-expression,30.4.4,incompatible,syntax,True,False,verified_artifact,1,2,1,license_expression-30.4.4-py3-none-any.whl,421788fdcadb41f049d2dc934ce666626265aeccefddd25e162a26f23bcbf8a4,>=3.9,"Verified wheel source fails compilation at license_expression/__init__.py. This is the first concrete blocker; later files were not checked.
Traceback (most recent call last):
  File ""<staging>/wheel/license_expression/__init__.py"", line 93
    class ExpressionParseError(ParseError, ExpressionError):
SyntaxError: expected ')', got ','
error: Python syntax check failed for '<staging>/wheel/license_expression/__init__.py' (no source was executed)"
649,msgspec,0.21.1,incompatible,native_only,False,False,metadata,0,,,msgspec-0.21.1-cp310-cp310-macosx_10_9_x86_64.whl,72d9cd03241b8b2edb2e12dcc66c500fa480d8cbd71a8bac105809d468882064,>=3.10,The selected release has no generic Python3 pure wheel; its published wheels require a platform/ABI or a different Python implementation tag. Artifact bytes were not downloaded. Older releases and source builds were not evaluated.
650,ipywidgets,8.1.9,incompatible,syntax,True,False,verified_artifact,4,61,57,ipywidgets-8.1.9-py3-none-any.whl,f2b8cbcaae10252b809fbe4d7470db75c09b769a32cbf816d20e5ca6d3c5a79d,>=3.7,"Verified wheel source fails compilation at ipywidgets/embed.py. This is the first concrete blocker; later files were not checked.
Traceback (most recent call last):
  File ""<staging>/wheel/ipywidgets/embed.py"", line 268
    for view_spec in data['view_specs']
SyntaxError: expected ')', got 'for'
error: Python syntax check failed for '<staging>/wheel/ipywidgets/embed.py' (no source was executed)"
651,nvidia-cusparselt-cu13,0.9.1,incompatible,native_only,False,False,metadata,0,,,nvidia_cusparselt_cu13-0.9.1-py3-none-manylinux2014_aarch64.whl,49e54b7cecb049b039381d4cb8389afd2f18d83cdca285ba8231ee0ff4341dc1,,The selected release has no generic Python3 pure wheel; its published wheels require a platform/ABI or a different Python implementation tag. Artifact bytes were not downloaded. Older releases and source builds were not evaluated.
652,pyodbc,5.3.0,incompatible,native_only,False,False,metadata,0,,,pyodbc-5.3.0-cp310-cp310-macosx_10_9_x86_64.whl,6682cdec78f1302d0c559422c8e00991668e039ed63dece8bf99ef62173376a5,>=3.9,The selected release has no generic Python3 pure wheel; its published wheels require a platform/ABI or a different Python implementation tag. Artifact bytes were not downloaded. Older releases and source builds were not evaluated.
653,nvidia-nvshmem-cu13,3.7.2,incompatible,native_only,False,False,metadata,0,,,nvidia_nvshmem_cu13-3.7.2-py3-none-manylinux2014_aarch64.manylinux_2_17_aarch64.whl,0e748308b9e0a8a8d81859353f3e6c98fbe85a85f652a915a2ba60149a0bd124,>=3,The selected release has no generic Python3 pure wheel; its published wheels require a platform/ABI or a different Python implementation tag. Artifact bytes were not downloaded. Older releases and source builds were not evaluated.
654,nvidia-nvjitlink,13.3.33,incompatible,native_only,False,False,metadata,0,,,nvidia_nvjitlink-13.3.33-py3-none-manylinux2010_x86_64.manylinux_2_12_x86_64.whl,26a6de7fb4c8fdaa7703d3dad720d6d427ddfea5c48a528fd97c11733ad830e5,>=3,The selected release has no generic Python3 pure wheel; its published wheels require a platform/ABI or a different Python implementation tag. Artifact bytes were not downloaded. Older releases and source builds were not evaluated.
655,phonenumbers,9.0.38,incompatible,syntax,True,False,verified_artifact,2,594,592,phonenumbers-9.0.38-py2.py3-none-any.whl,f3cbeb1a42bf226060c60fc6277f5431755d325eddc23fbf2c72ef7e156113c6,>=2.5,"Verified wheel source fails compilation at phonenumbers/asyoutypeformatter.py. This is the first concrete blocker; later files were not checked.
Traceback (most recent call last):
  File ""<staging>/wheel/phonenumbers/asyoutypeformatter.py"", line 69
    _DIGIT_PLACEHOLDER = u(""\u2008"")
SyntaxError: invalid escape char
error: Python syntax check failed for '<staging>/wheel/phonenumbers/asyoutypeformatter.py' (no source was executed)"
656,nvidia-cuda-runtime,13.3.29,incompatible,native_only,False,False,metadata,0,,,nvidia_cuda_runtime-13.3.29-py3-none-manylinux2014_aarch64.manylinux_2_17_aarch64.whl,73291e19c9dd919c140c91bda2f80b0eca487da5ee30a086ef7bc4918ecb90ea,>=3,The selected release has no generic Python3 pure wheel; its published wheels require a platform/ABI or a different Python implementation tag. Artifact bytes were not downloaded. Older releases and source builds were not evaluated.
657,nvidia-cusparse,12.8.2.51,incompatible,native_only,False,False,metadata,0,,,nvidia_cusparse-12.8.2.51-py3-none-manylinux2014_aarch64.manylinux_2_17_aarch64.whl,00469fcf62c4d464a1225abd9b20864ecff35e3fbc9fb992572e83d358927755,>=3,The selected release has no generic Python3 pure wheel; its published wheels require a platform/ABI or a different Python implementation tag. Artifact bytes were not downloaded. Older releases and source builds were not evaluated.
658,pycountry,26.2.16,incompatible,syntax,True,False,verified_artifact,1,3,2,pycountry-26.2.16-py3-none-any.whl,115c4baf7cceaa30f59a4694d79483c9167dbce7a9de4d3d571c5f3ea77c305a,>=3.10,"Verified wheel source fails compilation at pycountry/__init__.py. This is the first concrete blocker; later files were not checked.
Traceback (most recent call last):
  File ""<staging>/wheel/pycountry/__init__.py"", line 215
    def match(self, query):
SyntaxError: expected '@id', got 'match'
error: Python syntax check failed for '<staging>/wheel/pycountry/__init__.py' (no source was executed)"
659,cyclonedx-python-lib,11.12.0,incompatible,syntax,True,False,verified_artifact,10,58,48,cyclonedx_python_lib-11.12.0-py3-none-any.whl,0e807521a921a5c3cb8ce1153f8a61d29eedfe76a46aac2796b7c6b573391a54,">=3.9,<4.0","Verified wheel source fails compilation at cyclonedx/contrib/bom/utils.py. This is the first concrete blocker; later files were not checked.
Traceback (most recent call last):
  File ""<staging>/wheel/cyclonedx/contrib/bom/utils.py"", line 52
    self._bomrefs = tuple((bomref, bomref.value) for bomref in bomrefs)
SyntaxError: expected ')', got 'for'
error: Python syntax check failed for '<staging>/wheel/cyclonedx/contrib/bom/utils.py' (no source was executed)"
660,mistralai,2.9.4,incompatible,syntax,True,False,verified_artifact,7,1194,1187,mistralai-2.9.4-py3-none-any.whl,184f8ba3cffee6ffc379481340a67c1d5f6db145cf690b2ffd06d6a4cec92d2d,>=3.10,"Verified wheel source fails compilation at mistralai/azure/client/basesdk.py. This is the first concrete blocker; later files were not checked.
Traceback (most recent call last):
  File ""<staging>/wheel/mistralai/azure/client/basesdk.py"", line 214
    and serialized_request_body.media_type
SyntaxError: expected ')', got 'and'
error: Python syntax check failed for '<staging>/wheel/mistralai/azure/client/basesdk.py' (no source was executed)"
661,aioboto3,15.5.0,incompatible,syntax,True,False,verified_artifact,4,16,12,aioboto3-15.5.0-py3-none-any.whl,cc880c4d6a8481dd7e05da89f41c384dbd841454fc1998ae25ca9c39201437a6,>=3.9,"Verified wheel source fails compilation at aioboto3/dynamodb/table.py. This is the first concrete blocker; later files were not checked.
Traceback (most recent call last):
  File ""<staging>/wheel/aioboto3/dynamodb/table.py"", line 71
    async def put_item(self, Item):
SyntaxError: expected statement end
error: Python syntax check failed for '<staging>/wheel/aioboto3/dynamodb/table.py' (no source was executed)"
662,google-cloud-bigquery-storage,2.41.0,incompatible,syntax,True,False,verified_artifact,3,85,82,google_cloud_bigquery_storage-2.41.0-py3-none-any.whl,a7511f05aedb533e01f029e30b26ff073ca66d672f701bb736024553697b589c,>=3.10,"Verified wheel source fails compilation at google/cloud/bigquery_storage_v1/__init__.py. This is the first concrete blocker; later files were not checked.
Traceback (most recent call last):
  File ""<staging>/wheel/google/cloud/bigquery_storage_v1/__init__.py"", line 72
    + f""({_py_version_str}).  Google will not post any further ""
SyntaxError: expected ')', got '+'
error: Python syntax check failed for '<staging>/wheel/google/cloud/bigquery_storage_v1/__init__.py' (no source was executed)"
663,terminado,0.18.1,incompatible,syntax,True,False,verified_artifact,3,5,2,terminado-0.18.1-py3-none-any.whl,a4468e1b37bb318f8a86514f65814e1afc977cf29b3992a4500d9dd305dcceb0,>=3.8,"Verified wheel source fails compilation at terminado/management.py. This is the first concrete blocker; later files were not checked.
Traceback (most recent call last):
  File ""<staging>/wheel/terminado/management.py"", line 86
    def kill(self, sig: int = signal.SIGTERM) -> None:
SyntaxError: expected a literal, got '@id'
error: Python syntax check failed for '<staging>/wheel/terminado/management.py' (no source was executed)"
664,aiohttp-retry,2.9.1,incompatible,syntax,True,False,verified_artifact,2,4,2,aiohttp_retry-2.9.1-py3-none-any.whl,66d2759d1921838256a05a3f80ad7e724936f083e35be5abb5e16eed6be6dc54,>=3.7,"Verified wheel source fails compilation at aiohttp_retry/client.py. This is the first concrete blocker; later files were not checked.
Traceback (most recent call last):
  File ""<staging>/wheel/aiohttp_retry/client.py"", line 88
    async def _is_skip_retry(self, current_attempt: int, response: ClientResponse) -> bool:
SyntaxError: expected statement end
error: Python syntax check failed for '<staging>/wheel/aiohttp_retry/client.py' (no source was executed)"
665,nvidia-cufft,12.3.0.29,incompatible,native_only,False,False,metadata,0,,,nvidia_cufft-12.3.0.29-py3-none-manylinux2014_aarch64.manylinux_2_17_aarch64.whl,3c268ec73fdbfd22e42913dcef6e49e0c305ab09cd9848268a841cbe9f33f748,>=3,The selected release has no generic Python3 pure wheel; its published wheels require a platform/ABI or a different Python implementation tag. Artifact bytes were not downloaded. Older releases and source builds were not evaluated.
666,nvidia-cusolver,12.2.6.9,incompatible,native_only,False,False,metadata,0,,,nvidia_cusolver-12.2.6.9-py3-none-manylinux_2_27_aarch64.whl,658ce9e6ed8a321033419fe6e55faf0f245a15aa23669eda03d7f2dcce436d73,>=3,The selected release has no generic Python3 pure wheel; its published wheels require a platform/ABI or a different Python implementation tag. Artifact bytes were not downloaded. Older releases and source builds were not evaluated.
667,pyphen,0.18.1,incompatible,syntax,True,False,verified_artifact,1,1,0,pyphen-0.18.1-py3-none-any.whl,0aa9051e15928cecadd4c632cea0258ba57215b2a197a39baa46abcdb0f47e84,>=3.10,"Verified wheel source fails compilation at pyphen/__init__.py. This is the first concrete blocker; later files were not checked.
Traceback (most recent call last):
  File ""<staging>/wheel/pyphen/__init__.py"", line 129
    lambda match: chr(int(match.group(1), 16)), pattern)
SyntaxError: expected '@id', got 'match'
error: Python syntax check failed for '<staging>/wheel/pyphen/__init__.py' (no source was executed)"
668,lazy-object-proxy,1.12.0,incompatible,native_only,False,False,metadata,0,,,lazy_object_proxy-1.12.0-cp310-cp310-macosx_11_0_arm64.whl,61d5e3310a4aa5792c2b599a7a78ccf8687292c8eb09cf187cca8f09cf6a7519,>=3.9,The selected release has no generic Python3 pure wheel; its published wheels require a platform/ABI or a different Python implementation tag. Artifact bytes were not downloaded. Older releases and source builds were not evaluated.
669,weasyprint,69.0,incompatible,syntax,True,False,verified_artifact,1,68,67,weasyprint-69.0-py3-none-any.whl,475951cfd917014de6d4d005caff48c6aa867e7e42b80cd5b16a0484a1609ee6,>=3.10,"Verified wheel source fails compilation at weasyprint/__init__.py. This is the first concrete blocker; later files were not checked.
Traceback (most recent call last):
  File ""<staging>/wheel/weasyprint/__init__.py"", line 163
    guess or filename or url or
SyntaxError: expected an expression, got @eol
error: Python syntax check failed for '<staging>/wheel/weasyprint/__init__.py' (no source was executed)"
670,nvidia-cuda-cupti,13.3.75,incompatible,native_only,False,False,metadata,0,,,nvidia_cuda_cupti-13.3.75-py3-none-manylinux_2_25_aarch64.whl,79f5a8c55378a998427d6974b1d85ec91ef684035d016b3fb3b85006914f94f0,>=3,The selected release has no generic Python3 pure wheel; its published wheels require a platform/ABI or a different Python implementation tag. Artifact bytes were not downloaded. Older releases and source builds were not evaluated.
671,jupyterlab-server,2.28.0,incompatible,syntax,True,False,verified_artifact,3,22,19,jupyterlab_server-2.28.0-py3-none-any.whl,e4355b148fdcf34d312bbbc80f22467d6d20460e8b8736bf235577dd18506968,>=3.8,"Verified wheel source fails compilation at jupyterlab_server/_version.py. This is the first concrete blocker; later files were not checked.
Traceback (most recent call last):
  File ""<staging>/wheel/jupyterlab_server/_version.py"", line 14
    match = re.match(pattern, __version__)
SyntaxError: expected an expression, got =
error: Python syntax check failed for '<staging>/wheel/jupyterlab_server/_version.py' (no source was executed)"
672,json-repair,0.63.4,incompatible,syntax,True,False,verified_artifact,3,22,19,json_repair-0.63.4-py3-none-any.whl,0f374f3eee21454aef0a5d72c06b8689b660a1788f80ab392639e3f7d5c5d458,>=3.10,"Verified wheel source fails compilation at json_repair/json_parser.py. This is the first concrete blocker; later files were not checked.
Traceback (most recent call last):
  File ""<staging>/wheel/json_repair/json_parser.py"", line 135
    else:
SyntaxError: expected an expression, got else
error: Python syntax check failed for '<staging>/wheel/json_repair/json_parser.py' (no source was executed)"
673,nvidia-curand,10.4.3.29,incompatible,native_only,False,False,metadata,0,,,nvidia_curand-10.4.3.29-py3-none-manylinux_2_27_aarch64.whl,63899de834d1b84b32ad60d34cb4d246bea998ddadbc85f8e1dd937dd3718d61,>=3,The selected release has no generic Python3 pure wheel; its published wheels require a platform/ABI or a different Python implementation tag. Artifact bytes were not downloaded. Older releases and source builds were not evaluated.
674,pyroaring,1.1.0,incompatible,native_only,False,False,metadata,0,,,pyroaring-1.1.0-cp310-cp310-macosx_14_0_arm64.whl,19c9bb8b32f17fe63e54e78f88a7a67fe2dca352bf79d7d3b43f0a901db5ea3b,,The selected release has no generic Python3 pure wheel; its published wheels require a platform/ABI or a different Python implementation tag. Artifact bytes were not downloaded. Older releases and source builds were not evaluated.
675,overrides,7.7.0,incompatible,syntax,True,False,verified_artifact,2,6,4,overrides-7.7.0-py3-none-any.whl,c7ed9d062f78b8e4c1a7b70bd8796b35ead4d9f510227ef9c5dc7626c60d7e49,>=3.6,"Verified wheel source fails compilation at overrides/enforce.py. This is the first concrete blocker; later files were not checked.
Traceback (most recent call last):
  File ""<staging>/wheel/overrides/enforce.py"", line 28
    or not callable(base_class_method)
SyntaxError: expected ')', got 'or'
error: Python syntax check failed for '<staging>/wheel/overrides/enforce.py' (no source was executed)"
676,gcloud-aio-auth,5.5.0,incompatible,syntax,True,False,verified_artifact,1,6,5,gcloud_aio_auth-5.5.0-py3-none-any.whl,1e2dc69356f0106356d3dd5437bd5b81d7e3ac90ee57c97b098bcbd901bcc88d,">=3.10,<4.0","Verified wheel source fails compilation at gcloud/aio/auth/__init__.py. This is the first concrete blocker; later files were not checked.
Traceback (most recent call last):
  File ""<staging>/wheel/gcloud/aio/auth/__init__.py"", line 247
    -H ""Authorization: Bearer $(python3 -c 'from gcloud.rest.auth import Token; print(Token().get())')"" \
SyntaxError: invalid escape char
error: Python syntax check failed for '<staging>/wheel/gcloud/aio/auth/__init__.py' (no source was executed)"
677,jupyter-events,0.12.1,incompatible,syntax,True,False,verified_artifact,2,11,9,jupyter_events-0.12.1-py3-none-any.whl,c366585253f537a627da52fa7ca7410c5b5301fe893f511e7b077c2d93ec8bcf,>=3.9,"Verified wheel source fails compilation at jupyter_events/_version.py. This is the first concrete blocker; later files were not checked.
Traceback (most recent call last):
  File ""<staging>/wheel/jupyter_events/_version.py"", line 13
    match = re.match(pattern, __version__)
SyntaxError: expected an expression, got =
error: Python syntax check failed for '<staging>/wheel/jupyter_events/_version.py' (no source was executed)"
678,strands-agents,1.54.0,incompatible,syntax,True,False,verified_artifact,2,272,270,strands_agents-1.54.0-py3-none-any.whl,ca37b9001531596a634e9249f97fb03ce70997e216f6a71d4e8f8182818cbf5c,>=3.10,"Verified wheel source fails compilation at strands/_async.py. This is the first concrete blocker; later files were not checked.
Traceback (most recent call last):
  File ""<staging>/wheel/strands/_async.py"", line 25
    async def execute_async() -> T:
SyntaxError: expected statement end
error: Python syntax check failed for '<staging>/wheel/strands/_async.py' (no source was executed)"
679,tldextract,5.3.2,incompatible,syntax,True,False,verified_artifact,4,8,4,tldextract-5.3.2-py3-none-any.whl,6c90d2a259f5c89f4fcf01f97af15708416a59ffedddff006d67222ab30d0fb0,>=3.10,"Verified wheel source fails compilation at tldextract/cache.py. This is the first concrete blocker; later files were not checked.
Traceback (most recent call last):
  File ""<staging>/wheel/tldextract/cache.py"", line 104
    raise KeyError(""namespace: "" + namespace + "" key: "" + repr(key)) from exc
SyntaxError: expected statement end
error: Python syntax check failed for '<staging>/wheel/tldextract/cache.py' (no source was executed)"
680,nvidia-cufile,1.18.1.6,incompatible,native_only,False,False,metadata,0,,,nvidia_cufile-1.18.1.6-py3-none-manylinux_2_27_aarch64.whl,c4bc76857335b4615c3906453ff375632466cc48e823b56ec146de4d58f2781c,>=3,The selected release has no generic Python3 pure wheel; its published wheels require a platform/ABI or a different Python implementation tag. Artifact bytes were not downloaded. Older releases and source builds were not evaluated.
681,envier,0.6.1,incompatible,syntax,True,False,verified_artifact,3,5,2,envier-0.6.1-py3-none-any.whl,73609040a76be48bbcb97074d9969666484aa0de706183a6e9ef773156a8a6a9,>=3.7,"Verified wheel source fails compilation at envier/env.py. This is the first concrete blocker; later files were not checked.
Traceback (most recent call last):
  File ""<staging>/wheel/envier/env.py"", line 44
    default: t.Union[T, NoDefaultType] = NoDefault,
SyntaxError: expected a literal, got '@id'
error: Python syntax check failed for '<staging>/wheel/envier/env.py' (no source was executed)"
682,adal,1.2.7,incompatible,syntax,True,False,verified_artifact,5,20,15,adal-1.2.7-py2.py3-none-any.whl,2a7451ed7441ddbc57703042204a3e30ef747478eea022c70f789fc7f084bc3d,,"Verified wheel source fails compilation at adal/authentication_parameters.py. This is the first concrete blocker; later files were not checked.
Traceback (most recent call last):
  File ""<staging>/wheel/adal/authentication_parameters.py"", line 92
    """"""^\s*Bearer\s+([^,\s=""]+?)=""([^""]*?)""\s*(,\s*([^,\s=""]+?)=""([^""]*?)""\s*)*$"""""")
SyntaxError: invalid escape char
error: Python syntax check failed for '<staging>/wheel/adal/authentication_parameters.py' (no source was executed)"
683,nvidia-nvtx,13.3.29,incompatible,native_only,False,False,metadata,0,,,nvidia_nvtx-13.3.29-py3-none-manylinux1_x86_64.manylinux_2_5_x86_64.whl,c54976009b1e86846ee66ab129daae522a25d698971cb074b66e5e7e133a58f0,>=3,The selected release has no generic Python3 pure wheel; its published wheels require a platform/ABI or a different Python implementation tag. Artifact bytes were not downloaded. Older releases and source builds were not evaluated.
684,stevedore,5.9.1,incompatible,syntax,True,False,verified_artifact,3,35,32,stevedore-5.9.1-py3-none-any.whl,5c8ff3a9f336cc1a06ac0f597bc79d11a2f950bfd32e290ca56b5a301fafafbf,>=3.11,"Verified wheel source fails compilation at stevedore/dispatch.py. This is the first concrete blocker; later files were not checked.
Traceback (most recent call last):
  File ""<staging>/wheel/stevedore/dispatch.py"", line 234
    else:
SyntaxError: expected an expression, got else
error: Python syntax check failed for '<staging>/wheel/stevedore/dispatch.py' (no source was executed)"
685,google-cloud-translate,3.27.0,incompatible,syntax,True,False,verified_artifact,4,38,34,google_cloud_translate-3.27.0-py3-none-any.whl,173b1ece3db69b1057e331a1616817912c2d41fee832cc6e1eab7df349fe374c,>=3.10,"Verified wheel source fails compilation at google/cloud/translate_v2/_http.py. This is the first concrete blocker; later files were not checked.
Traceback (most recent call last):
  File ""<staging>/wheel/google/cloud/translate_v2/_http.py"", line 33
    def __init__(self, client, client_info=None, api_endpoint=DEFAULT_API_ENDPOINT):
SyntaxError: expected a literal, got '@id'
error: Python syntax check failed for '<staging>/wheel/google/cloud/translate_v2/_http.py' (no source was executed)"
686,ply,3.11,incompatible,syntax,True,False,verified_artifact,2,6,4,ply-3.11-py2.py3-none-any.whl,096f9b8350b65ebd2fd1346b12452efe5b9607f7482813ffca50c22722a807ce,,"Verified wheel source fails compilation at ply/cpp.py. This is the first concrete blocker; later files were not checked.
Traceback (most recent call last):
  File ""<staging>/wheel/ply/cpp.py"", line 62
    r'(L)?\'([^\\\n]|(\\(.|\n)))*?\''
SyntaxError: expected newline after line continuation character
error: Python syntax check failed for '<staging>/wheel/ply/cpp.py' (no source was executed)"
687,zopfli,0.4.3,incompatible,native_only,False,False,metadata,0,,,zopfli-0.4.3-cp310-abi3-macosx_10_9_universal2.whl,88f4fbe429aad72bc206275d81fab11a097e0f951a5848d1f51083c37ea73073,>=3.10,The selected release has no generic Python3 pure wheel; its published wheels require a platform/ABI or a different Python implementation tag. Artifact bytes were not downloaded. Older releases and source builds were not evaluated.
688,rfc3986,2.0.0,incompatible,syntax,True,False,verified_artifact,2,13,11,rfc3986-2.0.0-py2.py3-none-any.whl,50b1502b60e289cb37883f3dfd34532b8873c7de9f49bb546641ce9cbd256ebd,>=3.7,"Verified wheel source fails compilation at rfc3986/_mixin.py. This is the first concrete blocker; later files were not checked.
Traceback (most recent call last):
  File ""<staging>/wheel/rfc3986/_mixin.py"", line 31
    match = self._match_subauthority()
SyntaxError: expected an expression, got =
error: Python syntax check failed for '<staging>/wheel/rfc3986/_mixin.py' (no source was executed)"
689,packageurl-python,0.17.6,incompatible,syntax,True,False,verified_artifact,1,12,11,packageurl_python-0.17.6-py3-none-any.whl,31a85c2717bc41dd818f3c62908685ff9eebcb68588213745b14a6ee9e7df7c9,>=3.8,"Verified wheel source fails compilation at packageurl/__init__.py. This is the first concrete blocker; later files were not checked.
Traceback (most recent call last):
  File ""<staging>/wheel/packageurl/__init__.py"", line 64
    class ValidationSeverity(str, Enum):
SyntaxError: expected ')', got ','
error: Python syntax check failed for '<staging>/wheel/packageurl/__init__.py' (no source was executed)"
690,delta-spark,4.4.0,incompatible,syntax,True,False,verified_artifact,5,17,12,delta_spark-4.4.0-py3-none-any.whl,f15cedc2c59855b1660a692f9aca1deac0c4dfcec46531b203025281b102e9c8,>=3.10,"Verified wheel source fails compilation at delta/connect/exceptions.py. This is the first concrete blocker; later files were not checked.
Traceback (most recent call last):
  File ""<staging>/wheel/delta/connect/exceptions.py"", line 32
    class DeltaConcurrentModificationException(
SyntaxError: expected ')', got '@eol'
error: Python syntax check failed for '<staging>/wheel/delta/connect/exceptions.py' (no source was executed)"
691,sentencepiece,0.2.2,incompatible,native_only,False,False,metadata,0,,,sentencepiece-0.2.2-cp310-cp310-macosx_10_9_universal2.whl,bc7b0b1da20f856bfac5f84b2673fe534b167e41980b27442ca8f78c2b7eb77e,>=3.9,The selected release has no generic Python3 pure wheel; its published wheels require a platform/ABI or a different Python implementation tag. Artifact bytes were not downloaded. Older releases and source builds were not evaluated.
692,jupyter-server-terminals,0.5.4,incompatible,syntax,True,False,verified_artifact,1,7,6,jupyter_server_terminals-0.5.4-py3-none-any.whl,55be353fc74a80bc7f3b20e6be50a55a61cd525626f578dcb66a5708e2007d14,>=3.8,"Verified wheel source fails compilation at jupyter_server_terminals/__init__.py. This is the first concrete blocker; later files were not checked.
Traceback (most recent call last):
  File ""<staging>/wheel/jupyter_server_terminals/__init__.py"", line 9
    raise ModuleNotFoundError(msg) from None
SyntaxError: expected statement end
error: Python syntax check failed for '<staging>/wheel/jupyter_server_terminals/__init__.py' (no source was executed)"
693,google-cloud-container,2.66.0,incompatible,syntax,True,False,verified_artifact,4,32,28,google_cloud_container-2.66.0-py3-none-any.whl,ba2f0a2f77156e4b12c07958104597a1553debf03a16033ea376488f994c920e,>=3.10,"Verified wheel source fails compilation at google/cloud/container_v1/_compat.py. This is the first concrete blocker; later files were not checked.
Traceback (most recent call last):
  File ""<staging>/wheel/google/cloud/container_v1/_compat.py"", line 179
    default_universe: str,
SyntaxError: expected '=', got ','
error: Python syntax check failed for '<staging>/wheel/google/cloud/container_v1/_compat.py' (no source was executed)"
694,ml-dtypes,0.6.0,incompatible,native_only,False,False,metadata,0,,,ml_dtypes-0.6.0-cp310-cp310-macosx_10_9_universal2.whl,bad8d1dd5bed060a29332b99d63d0e5c2969081e1c6ea54adfbccfdfa783be44,>=3.10,The selected release has no generic Python3 pure wheel; its published wheels require a platform/ABI or a different Python implementation tag. Artifact bytes were not downloaded. Older releases and source builds were not evaluated.
695,trio-websocket,0.12.2,incompatible,syntax,True,False,verified_artifact,2,3,1,trio_websocket-0.12.2-py3-none-any.whl,df605665f1db533f4a386c94525870851096a223adcb97f72a07e8b4beba45b6,>=3.8,"Verified wheel source fails compilation at trio_websocket/_impl.py. This is the first concrete blocker; later files were not checked.
Traceback (most recent call last):
  File ""<staging>/wheel/trio_websocket/_impl.py"", line 110
    async def open_websocket(
SyntaxError: expected 'def', got '@id'
error: Python syntax check failed for '<staging>/wheel/trio_websocket/_impl.py' (no source was executed)"
696,aenum,3.1.17,incompatible,syntax,True,False,verified_artifact,2,11,9,aenum-3.1.17-py3-none-any.whl,8b883a37a04e74cc838ac442bdd28c266eae5bbf13e1342c7ef123ed25230139,,"Verified wheel source fails compilation at aenum/_common.py. This is the first concrete blocker; later files were not checked.
Traceback (most recent call last):
  File ""<staging>/wheel/aenum/_common.py"", line 122
    hasattr(obj, '__get__') or
SyntaxError: expected an expression, got @eol
error: Python syntax check failed for '<staging>/wheel/aenum/_common.py' (no source was executed)"
697,pgvector,0.5.0,incompatible,syntax,True,False,verified_artifact,2,40,38,pgvector-0.5.0-py3-none-any.whl,fedc9800894e6da2be51358d7b7c574bf34f247ca741a5a09513622135f5964f,>=3.10,"Verified wheel source fails compilation at pgvector/_utils.py. This is the first concrete blocker; later files were not checked.
Traceback (most recent call last):
  File ""<staging>/wheel/pgvector/_utils.py"", line 14
    def is_ndarray(value: object, /) -> bool:
SyntaxError: expected '@id', got '/'
error: Python syntax check failed for '<staging>/wheel/pgvector/_utils.py' (no source was executed)"
698,openapi-spec-validator,0.9.0,incompatible,syntax,True,False,verified_artifact,2,28,26,openapi_spec_validator-0.9.0-py3-none-any.whl,222fecffc7714f6d0a6ad62c0e4b66cc2b7dbfafb7b93acfc6c308abbdb51af8,">=3.10,<4.0","Verified wheel source fails compilation at openapi_spec_validator/__main__.py. This is the first concrete blocker; later files were not checked.
Traceback (most recent call last):
  File ""<staging>/wheel/openapi_spec_validator/__main__.py"", line 62
    print(""\n\n\n"".join(""## "" + str(e) for e in exc.context))
SyntaxError: expected ')', got 'for'
error: Python syntax check failed for '<staging>/wheel/openapi_spec_validator/__main__.py' (no source was executed)"
699,html5lib,1.1,incompatible,syntax,True,False,verified_artifact,2,33,31,html5lib-1.1-py2.py3-none-any.whl,0d78f8fde1c230e99fe37986a60526d7049ed4bf8a9fadbad5f00e22e58e041d,">=2.7, !=3.0.*, !=3.1.*, !=3.2.*, !=3.3.*, !=3.4.*","Verified wheel source fails compilation at html5lib/_ihatexml.py. This is the first concrete blocker; later files were not checked.
Traceback (most recent call last):
  File ""<staging>/wheel/html5lib/_ihatexml.py"", line 179
    nonXmlNameBMPRegexp = re.compile('[\x00-,/:-@\\[-\\^`\\{-\xb6\xb8-\xbf\xd7\xf7\u0132-\u0133\u013f-\u0140\u0149\u017f\u01c4-\u01cc\u01f1-\u01f3\u01f6-\u01f9\u0218-\u024f\u02a9-\u02ba\u02c2-\u02cf\u02d2-\u02ff\u0346-\u035f\u0362-\u0385\u038b\u038d\u03a2\u03cf\u03d7-\u03d9\u03db\u03dd\u03df\u03e1\u03f4
SyntaxError: invalid escape char
error: Python syntax check failed for '<staging>/wheel/html5lib/_ihatexml.py' (no source was executed)"
700,py-serializable,2.1.0,incompatible,syntax,True,False,verified_artifact,1,5,4,py_serializable-2.1.0-py3-none-any.whl,b56d5d686b5a03ba4f4db5e769dc32336e142fc3bd4d68a8c25579ebb0a67304,">=3.8,<4.0","Verified wheel source fails compilation at py_serializable/__init__.py. This is the first concrete blocker; later files were not checked.
Traceback (most recent call last):
  File ""<staging>/wheel/py_serializable/__init__.py"", line 265
    v = float(f'{v:{prop_info.string_format}}')
SyntaxError: f-string: single '}' is not allowed
error: Python syntax check failed for '<staging>/wheel/py_serializable/__init__.py' (no source was executed)"
701,entrypoints,0.4,unverified,unverified,True,True,verified_artifact,1,1,0,entrypoints-0.4-py3-none-any.whl,f174b5ff827504fd3cd97cc3f8649f3693f51538c7e4bdf3ef002c8429d42f9f,>=3.6,"All 1 Python source files compile. Imports, runtime APIs, dependency closure, assets, and behavior were not exercised; this is not a tested compatibility result."
702,gcloud-aio-storage,9.6.4,incompatible,syntax,True,False,verified_artifact,2,5,3,gcloud_aio_storage-9.6.4-py3-none-any.whl,a3b8af75e98485325cee80443a6f3e74f8efa7ed6ed10697db163682390cc1e4,">=3.10,<4.0","Verified wheel source fails compilation at gcloud/aio/storage/blob.py. This is the first concrete blocker; later files were not checked.
Traceback (most recent call last):
  File ""<staging>/wheel/gcloud/aio/storage/blob.py"", line 99
    async def download(
SyntaxError: expected statement end
error: Python syntax check failed for '<staging>/wheel/gcloud/aio/storage/blob.py' (no source was executed)"
703,openai-agents,0.22.0,incompatible,syntax,True,False,verified_artifact,1,306,305,openai_agents-0.22.0-py3-none-any.whl,985a74a8024123980c2d4dc329d19b2332a0f86919fa7b3f6b9c2abaae022680,>=3.10,"Verified wheel source fails compilation at agents/__init__.py. This is the first concrete blocker; later files were not checked.
Traceback (most recent call last):
  File ""<staging>/wheel/agents/__init__.py"", line 358
    finally:
SyntaxError: finally clause is not supported yet
error: Python syntax check failed for '<staging>/wheel/agents/__init__.py' (no source was executed)"
704,pyiceberg,0.12.0,incompatible,native_only,False,False,metadata,0,,,pyiceberg-0.12.0-cp310-cp310-macosx_10_9_x86_64.whl,21f7462f4777bcda2af0a7c270a51525542a79ff37cf1334a82e0dd80717aa92,"<4.0.0,>=3.10.0",The selected release has no generic Python3 pure wheel; its published wheels require a platform/ABI or a different Python implementation tag. Artifact bytes were not downloaded. Older releases and source builds were not evaluated.
705,seaborn,0.13.2,incompatible,syntax,True,False,verified_artifact,2,54,52,seaborn-0.13.2-py3-none-any.whl,636f8336facf092165e27924f223d3c62ca560b1f2bb5dff7ab7fad265361987,>=3.8,"Verified wheel source fails compilation at seaborn/_base.py. This is the first concrete blocker; later files were not checked.
Traceback (most recent call last):
  File ""<staging>/wheel/seaborn/_base.py"", line 195
    else:
SyntaxError: expected an expression, got else
error: Python syntax check failed for '<staging>/wheel/seaborn/_base.py' (no source was executed)"
706,cramjam,2.12.1,incompatible,native_only,False,False,metadata,0,,,cramjam-2.12.1-cp311-cp311-macosx_10_12_x86_64.macosx_11_0_arm64.macosx_10_12_universal2.whl,5756ecb9bd8e96a0d0163f17a1282038228485da55c6010917db23cb199335c3,>=3.11,The selected release has no generic Python3 pure wheel; its published wheels require a platform/ABI or a different Python implementation tag. Artifact bytes were not downloaded. Older releases and source builds were not evaluated.
707,strenum,0.4.15,incompatible,syntax,True,False,verified_artifact,1,4,3,StrEnum-0.4.15-py3-none-any.whl,a30cda4af7cc6b5bf52c8055bc4bf4b2b6b14a93b574626da33df53cf7740659,,"Verified wheel source fails compilation at strenum/__init__.py. This is the first concrete blocker; later files were not checked.
Traceback (most recent call last):
  File ""<staging>/wheel/strenum/__init__.py"", line 6
    __version_info__ = tuple(int(n) for n in __version__.partition(""+"")[0].split("".""))
SyntaxError: expected ')', got 'for'
error: Python syntax check failed for '<staging>/wheel/strenum/__init__.py' (no source was executed)"
708,realtime,2.31.0,incompatible,syntax,True,False,verified_artifact,3,17,14,realtime-2.31.0-py3-none-any.whl,f6e494b53d6a6e80b6efcee6711c8dd40413a52e766271de1bce8ced6c36cc1d,>=3.9,"Verified wheel source fails compilation at realtime/_async/channel.py. This is the first concrete blocker; later files were not checked.
Traceback (most recent call last):
  File ""<staging>/wheel/realtime/_async/channel.py"", line 84
    if params
SyntaxError: expected ')', got 'if'
error: Python syntax check failed for '<staging>/wheel/realtime/_async/channel.py' (no source was executed)"
709,ordered-set,4.1.0,incompatible,syntax,True,False,verified_artifact,1,1,0,ordered_set-4.1.0-py3-none-any.whl,046e1132c71fcf3330438a539928932caf51ddbc582496833e23de611de14562,>=3.7,"Verified wheel source fails compilation at ordered_set/__init__.py. This is the first concrete blocker; later files were not checked.
Traceback (most recent call last):
  File ""<staging>/wheel/ordered_set/__init__.py"", line 55
    class OrderedSet(MutableSet[T], Sequence[T]):
SyntaxError: expected ')', got ','
error: Python syntax check failed for '<staging>/wheel/ordered_set/__init__.py' (no source was executed)"
710,google-cloud-datacatalog,3.31.0,incompatible,syntax,True,False,verified_artifact,3,83,80,google_cloud_datacatalog-3.31.0-py3-none-any.whl,43d7f76088a19189fdf49d088a4cabb3af6fcdc9207852ee1d870212cf51f54c,>=3.10,"Verified wheel source fails compilation at google/cloud/datacatalog_v1/__init__.py. This is the first concrete blocker; later files were not checked.
Traceback (most recent call last):
  File ""<staging>/wheel/google/cloud/datacatalog_v1/__init__.py"", line 178
    + f""({_py_version_str}).  Google will not post any further ""
SyntaxError: expected ')', got '+'
error: Python syntax check failed for '<staging>/wheel/google/cloud/datacatalog_v1/__init__.py' (no source was executed)"
711,temporalio,1.32.0,incompatible,native_only,False,False,metadata,0,,,temporalio-1.32.0-cp310-abi3-macosx_10_12_x86_64.whl,47c128732e5d49235c9daeeb084d55093cee5ebc200ccc3afaeb4468f08d809e,>=3.10,The selected release has no generic Python3 pure wheel; its published wheels require a platform/ABI or a different Python implementation tag. Artifact bytes were not downloaded. Older releases and source builds were not evaluated.
712,python-magic,0.4.27,incompatible,syntax,True,False,verified_artifact,1,3,2,python_magic-0.4.27-py2.py3-none-any.whl,c212960ad306f700aa0d01e5d7a325d20548ff97eb9920dcd29513174f0294d3,">=2.7, !=3.0.*, !=3.1.*, !=3.2.*, !=3.3.*, !=3.4.*","Verified wheel source fails compilation at magic/__init__.py. This is the first concrete blocker; later files were not checked.
Traceback (most recent call last):
  File ""<staging>/wheel/magic/__init__.py"", line 264
    is_unicode = (sys.version_info[0] <= 2 and
SyntaxError: expected an expression, got @eol
error: Python syntax check failed for '<staging>/wheel/magic/__init__.py' (no source was executed)"
713,pyrsistent,0.20.0,incompatible,syntax,True,False,verified_artifact,3,17,14,pyrsistent-0.20.0-py3-none-any.whl,c55acc4733aad6560a7f5f818466631f07efc001fd023f34a6c203f8b6df0f0b,>=3.8,"Verified wheel source fails compilation at pyrsistent/_checked_types.py. This is the first concrete blocker; later files were not checked.
Traceback (most recent call last):
  File ""<staging>/wheel/pyrsistent/_checked_types.py"", line 46
    def __init__(self, error_codes=(), missing_fields=(), *args, **kwargs):
SyntaxError: *args should be placed before **kwargs
error: Python syntax check failed for '<staging>/wheel/pyrsistent/_checked_types.py' (no source was executed)"
714,patsy,1.0.3,incompatible,syntax,True,False,verified_artifact,2,30,28,patsy-1.0.3-py2.py3-none-any.whl,d3dbebe8fd5f46e29912d030b63c6268647b59bf788a99e2af28a30234cf357c,>=3.6,"Verified wheel source fails compilation at patsy/build.py. This is the first concrete blocker; later files were not checked.
Traceback (most recent call last):
  File ""<staging>/wheel/patsy/build.py"", line 77
    % (factor.name(), factor_info.num_columns, result.shape[1]),
SyntaxError: expected ')', got ''
error: Python syntax check failed for '<staging>/wheel/patsy/build.py' (no source was executed)"
715,pybreaker,1.4.1,incompatible,syntax,True,False,verified_artifact,1,1,0,pybreaker-1.4.1-py3-none-any.whl,b4dab4a05195b7f2a64a6c1a6c4ba7a96534ef56ea7210e6bcb59f28897160e0,>=3.9,"Verified wheel source fails compilation at pybreaker/__init__.py. This is the first concrete blocker; later files were not checked.
Traceback (most recent call last):
  File ""<staging>/wheel/pybreaker/__init__.py"", line 176
    raise ValueError(msg.format(new_state, "", "".join(state_map))) from e
SyntaxError: expected statement end
error: Python syntax check failed for '<staging>/wheel/pybreaker/__init__.py' (no source was executed)"
716,notebook-shim,0.2.4,incompatible,syntax,True,False,verified_artifact,4,11,7,notebook_shim-0.2.4-py3-none-any.whl,411a5be4e9dc882a074ccbcae671eda64cceb068767e9a3419096986560e1cef,>=3.7,"Verified wheel source fails compilation at notebook_shim/shim.py. This is the first concrete blocker; later files were not checked.
Traceback (most recent call last):
  File ""<staging>/wheel/notebook_shim/shim.py"", line 203
    self.__class__.class_trait_names() +
SyntaxError: expected an expression, got @eol
error: Python syntax check failed for '<staging>/wheel/notebook_shim/shim.py' (no source was executed)"
717,mashumaro,3.22,incompatible,syntax,True,False,verified_artifact,3,41,38,mashumaro-3.22-py3-none-any.whl,17dc4d7294c33ef380a8b929dda0608577aa2141988c00a0c4932310108fe71d,>=3.10,"Verified wheel source fails compilation at mashumaro/codecs/_builder.py. This is the first concrete blocker; later files were not checked.
Traceback (most recent call last):
  File ""<staging>/wheel/mashumaro/codecs/_builder.py"", line 38
    or is_type_var_any(self.get_real_type("""", shape_type))
SyntaxError: expected ')', got 'or'
error: Python syntax check failed for '<staging>/wheel/mashumaro/codecs/_builder.py' (no source was executed)"
718,rfc3987-syntax,1.1.0,unverified,unverified,True,True,verified_artifact,3,3,0,rfc3987_syntax-1.1.0-py3-none-any.whl,6c3d97604e4c5ce9f714898e05401a0445a641cfa276432b0a648c80856f6a3f,>=3.9,"All 3 Python source files compile. Imports, runtime APIs, dependency closure, assets, and behavior were not exercised; this is not a tested compatibility result."
719,rich-click,1.9.8,incompatible,syntax,True,False,verified_artifact,4,21,17,rich_click-1.9.8-py3-none-any.whl,12873865396e6927835d4eabb1cc3996edcd65b7ac9b2391a29eca4f335a2f93,>=3.8,"Verified wheel source fails compilation at rich_click/_compat_click.py. This is the first concrete blocker; later files were not checked.
Traceback (most recent call last):
  File ""<staging>/wheel/rich_click/_compat_click.py"", line 18
    else:
SyntaxError: expected an expression, got else
error: Python syntax check failed for '<staging>/wheel/rich_click/_compat_click.py' (no source was executed)"
720,retry,0.9.2,incompatible,syntax,True,False,verified_artifact,2,5,3,retry-0.9.2-py2.py3-none-any.whl,ccddf89761fa2c726ab29391837d4327f819ea14d244c232a1d24c67a2f98606,,"Verified wheel source fails compilation at retry/api.py. This is the first concrete blocker; later files were not checked.
Traceback (most recent call last):
  File ""<staging>/wheel/retry/api.py"", line 13
    def __retry_internal(f, exceptions=Exception, tries=-1, delay=0, max_delay=None, backoff=1, jitter=0,
SyntaxError: expected a literal, got '@id'
error: Python syntax check failed for '<staging>/wheel/retry/api.py' (no source was executed)"
721,python-telegram-bot,22.8,incompatible,syntax,True,False,verified_artifact,3,233,230,python_telegram_bot-22.8-py3-none-any.whl,42373918097f1b837cc4e717d588c19ea79651497ec712bb5b0c76e5e63c50e1,>=3.10,"Verified wheel source fails compilation at telegram/_birthdate.py. This is the first concrete blocker; later files were not checked.
Traceback (most recent call last):
  File ""<staging>/wheel/telegram/_birthdate.py"", line 55
    *,
SyntaxError: *args should be placed before **kwargs
error: Python syntax check failed for '<staging>/wheel/telegram/_birthdate.py' (no source was executed)"
722,oauth2client,4.1.3,incompatible,syntax,True,False,verified_artifact,2,33,31,oauth2client-4.1.3-py2.py3-none-any.whl,b8a81cc5d60e2d364f0b1b98f958dbd472887acaf1a5b05e21c28c31a2d6d3ac,,"Verified wheel source fails compilation at oauth2client/_helpers.py. This is the first concrete blocker; later files were not checked.
Traceback (most recent call last):
  File ""<staging>/wheel/oauth2client/_helpers.py"", line 303
    if isinstance(value, six.text_type) else value)
SyntaxError: expected ')', got 'if'
error: Python syntax check failed for '<staging>/wheel/oauth2client/_helpers.py' (no source was executed)"
723,nest-asyncio2,1.7.2,incompatible,syntax,True,False,verified_artifact,1,1,0,nest_asyncio2-1.7.2-py3-none-any.whl,f5dfa702f3f81f6a03857e9a19e2ba578c0946a4ad417b4c50a24d7ba641fe01,>=3.5,"Verified wheel source fails compilation at nest_asyncio2.py. This is the first concrete blocker; later files were not checked.
Traceback (most recent call last):
  File ""<staging>/wheel/nest_asyncio2.py"", line 22
    *,
SyntaxError: *args should be placed before **kwargs
error: Python syntax check failed for '<staging>/wheel/nest_asyncio2.py' (no source was executed)"
724,tableauserverclient,0.41,incompatible,syntax,True,False,verified_artifact,7,107,100,tableauserverclient-0.41-py3-none-any.whl,c1d5bed75d22899847f44c7ee0fdf9b12cf8f4a855c49d6100f2f6c6ea4fe2a3,>=3.10,"Verified wheel source fails compilation at tableauserverclient/exponential_backoff.py. This is the first concrete blocker; later files were not checked.
Traceback (most recent call last):
  File ""<staging>/wheel/tableauserverclient/exponential_backoff.py"", line 10
    def __init__(self, *, timeout=None):
SyntaxError: expected '@id', got ','
error: Python syntax check failed for '<staging>/wheel/tableauserverclient/exponential_backoff.py' (no source was executed)"
725,azure-mgmt-core,1.6.0,incompatible,syntax,True,False,verified_artifact,7,14,7,azure_mgmt_core-1.6.0-py3-none-any.whl,0460d11e85c408b71c727ee1981f74432bc641bb25dfcf1bb4e90a49e776dbc4,>=3.9,"Verified wheel source fails compilation at azure/mgmt/core/policies/_authentication.py. This is the first concrete blocker; later files were not checked.
Traceback (most recent call last):
  File ""<staging>/wheel/azure/mgmt/core/policies/_authentication.py"", line 92
    ""Bearer {}"".format(token.token) for token in self._aux_tokens
SyntaxError: expected ')', got 'for'
error: Python syntax check failed for '<staging>/wheel/azure/mgmt/core/policies/_authentication.py' (no source was executed)"
726,jupyter-lsp,2.3.1,incompatible,syntax,True,False,verified_artifact,4,49,45,jupyter_lsp-2.3.1-py3-none-any.whl,71b954d834e85ff3096400554f2eefaf7fe37053036f9a782b0f7c5e42dadb81,>=3.8,"Verified wheel source fails compilation at jupyter_lsp/handlers.py. This is the first concrete blocker; later files were not checked.
Traceback (most recent call last):
  File ""<staging>/wheel/jupyter_lsp/handlers.py"", line 47
    class LanguageServerWebSocketHandler(  # type: ignore
SyntaxError: expected ')', got '@eol'
error: Python syntax check failed for '<staging>/wheel/jupyter_lsp/handlers.py' (no source was executed)"
727,yamllint,1.38.0,incompatible,syntax,True,False,verified_artifact,3,32,29,yamllint-1.38.0-py3-none-any.whl,fc394a5b3be980a4062607b8fdddc0843f4fa394152b6da21722f5d59013c220,>=3.10,"Verified wheel source fails compilation at yamllint/cli.py. This is the first concrete blocker; later files were not checked.
Traceback (most recent call last):
  File ""<staging>/wheel/yamllint/cli.py"", line 33
    if (conf.is_yaml_file(filepath) and
SyntaxError: expected an expression, got @eol
error: Python syntax check failed for '<staging>/wheel/yamllint/cli.py' (no source was executed)"
728,pydyf,0.12.1,incompatible,syntax,True,False,verified_artifact,1,1,0,pydyf-0.12.1-py3-none-any.whl,ea25b4e1fe7911195cb57067560daaa266639184e8335365cc3ee5214e7eaadc,>=3.10,"Verified wheel source fails compilation at pydyf/__init__.py. This is the first concrete blocker; later files were not checked.
Traceback (most recent call last):
  File ""<staging>/wheel/pydyf/__init__.py"", line 429
    escaped = re.sub(rb'([\\\(\)])', rb'\\\1', _to_bytes(self.string))
SyntaxError: invalid escape char
error: Python syntax check failed for '<staging>/wheel/pydyf/__init__.py' (no source was executed)"
729,pip-requirements-parser,32.0.1,incompatible,syntax,True,False,verified_artifact,2,2,0,pip_requirements_parser-32.0.1-py3-none-any.whl,4659bc2a667783e7a15d190f6fccf8b2486685b6dba4c19c3876314769c57526,>=3.6.0,"Verified wheel source fails compilation at pip_requirements_parser.py. This is the first concrete blocker; later files were not checked.
Traceback (most recent call last):
  File ""<staging>/wheel/pip_requirements_parser.py"", line 674
    ENCODING_RE = re.compile(rb""coding[:=]\s*([-\w.]+)"")
SyntaxError: invalid escape char
error: Python syntax check failed for '<staging>/wheel/pip_requirements_parser.py' (no source was executed)"
730,types-pytz,2026.3.1.20260727,unverified,unverified,True,True,verified_artifact,0,0,0,types_pytz-2026.3.1.20260727-py3-none-any.whl,42ac44e83645bfceb46597342c8fb8ec028a1407e2feae9c5c539986eab6b57a,>=3.10,"The wheel contains no .py source files to compile; it may be a stub, data, or dependency-only distribution. Dependencies, runtime APIs, assets, and behavior were not exercised."
731,pytest-metadata,3.1.1,unverified,unverified,True,True,verified_artifact,13,13,0,pytest_metadata-3.1.1-py3-none-any.whl,c8e0844db684ee1c798cfa38908d20d67d0463ecb6137c72e91f418558dd5f4b,>=3.8,"All 13 Python source files compile. Imports, runtime APIs, dependency closure, assets, and behavior were not exercised; this is not a tested compatibility result."
732,elastic-transport,9.4.2,incompatible,syntax,True,False,verified_artifact,2,21,19,elastic_transport-9.4.2-py3-none-any.whl,33dc89bb1855faa8b98ae8b036405a39c562778dbcdbe4a00a2eaf753148556c,>=3.10,"Verified wheel source fails compilation at elastic_transport/_async_transport.py. This is the first concrete blocker; later files were not checked.
Traceback (most recent call last):
  File ""<staging>/wheel/elastic_transport/_async_transport.py"", line 72
    node_class: Union[str, Type[BaseAsyncNode]] = AiohttpHttpNode,
SyntaxError: expected a literal, got '@id'
error: Python syntax check failed for '<staging>/wheel/elastic_transport/_async_transport.py' (no source was executed)"
733,google-cloud-storage-transfer,1.21.0,incompatible,syntax,True,False,verified_artifact,3,18,15,google_cloud_storage_transfer-1.21.0-py3-none-any.whl,a88e9d43a98ea86a0f87cd8f7b353c2bb429e3532b0363c10fb08673c290ffc9,>=3.10,"Verified wheel source fails compilation at google/cloud/storage_transfer_v1/__init__.py. This is the first concrete blocker; later files were not checked.
Traceback (most recent call last):
  File ""<staging>/wheel/google/cloud/storage_transfer_v1/__init__.py"", line 94
    + f""({_py_version_str}).  Google will not post any further ""
SyntaxError: expected ')', got '+'
error: Python syntax check failed for '<staging>/wheel/google/cloud/storage_transfer_v1/__init__.py' (no source was executed)"
734,appdirs,1.4.4,incompatible,syntax,True,False,verified_artifact,1,1,0,appdirs-1.4.4-py2.py3-none-any.whl,a841dacd6b99318a741b166adb07e19ee71a274450e68237b4650ca1055ab128,,"Verified wheel source fails compilation at appdirs.py. This is the first concrete blocker; later files were not checked.
Traceback (most recent call last):
  File ""<staging>/wheel/appdirs.py"", line 17
    __version_info__ = tuple(int(segment) for segment in __version__.split("".""))
SyntaxError: expected ')', got 'for'
error: Python syntax check failed for '<staging>/wheel/appdirs.py' (no source was executed)"
735,langchain-google-vertexai,3.2.4,incompatible,syntax,True,False,verified_artifact,2,37,35,langchain_google_vertexai-3.2.4-py3-none-any.whl,65b5615e596fdabc2e149f0160fded88bebef2bbc1ea70095ff81714f7570183,"<4.0.0,>=3.10.0","Verified wheel source fails compilation at langchain_google_vertexai/_anthropic_parsers.py. This is the first concrete blocker; later files were not checked.
Traceback (most recent call last):
  File ""<staging>/wheel/langchain_google_vertexai/_anthropic_parsers.py"", line 19
    def parse_result(self, result: list[Generation], *, partial: bool = False) -> Any:
SyntaxError: expected '@id', got ','
error: Python syntax check failed for '<staging>/wheel/langchain_google_vertexai/_anthropic_parsers.py' (no source was executed)"
736,readme-renderer,46.0,incompatible,syntax,True,False,verified_artifact,2,6,4,readme_renderer-46.0-py3-none-any.whl,d0dae1f74bb273b534770cb4cccb6bb78735540afdb03c2146f4e19dcd412560,>=3.10,"Verified wheel source fails compilation at readme_renderer/__main__.py. This is the first concrete blocker; later files were not checked.
Traceback (most recent call last):
  File ""<staging>/wheel/readme_renderer/__main__.py"", line 40
    ""`long_description`"")
SyntaxError: expected ')', got '@str'
error: Python syntax check failed for '<staging>/wheel/readme_renderer/__main__.py' (no source was executed)"
737,soundfile,0.14.0,incompatible,syntax,True,False,verified_artifact,2,2,0,soundfile-0.14.0-py2.py3-none-any.whl,8ba81ae3a89fd5ab3bef8a8eb481fbbe794e806309675a89b4df48b8d31908a8,>=3.10,"Verified wheel source fails compilation at soundfile.py. This is the first concrete blocker; later files were not checked.
Traceback (most recent call last):
  File ""<staging>/wheel/soundfile.py"", line 742
    lambda self: _format_info(self._info.format &
SyntaxError: expected an expression, got @eol
error: Python syntax check failed for '<staging>/wheel/soundfile.py' (no source was executed)"
738,snowballstemmer,3.1.1,incompatible,syntax,True,False,verified_artifact,3,39,36,snowballstemmer-3.1.1-py3-none-any.whl,7e207fa178741da09cdee59d3ecec3827ad5f92b1fc5c9ff3755b639f71f5752,>=3.3,"Verified wheel source fails compilation at snowballstemmer/arabic_stemmer.py. This is the first concrete blocker; later files were not checked.
Traceback (most recent call last):
  File ""<staging>/wheel/snowballstemmer/arabic_stemmer.py"", line 56
    self.slice_from(""\u0621"")
SyntaxError: invalid escape char
error: Python syntax check failed for '<staging>/wheel/snowballstemmer/arabic_stemmer.py' (no source was executed)"
739,fastspec,0.2.4,incompatible,syntax,True,False,verified_artifact,3,5,2,fastspec-0.2.4-py3-none-any.whl,c0811499a3ad7beb5a337c3d1bed4209c65cfeacd1f99ecb1e7c693f6fdff3c6,>=3.10,"Verified wheel source fails compilation at fastspec/gql.py. This is the first concrete blocker; later files were not checked.
Traceback (most recent call last):
  File ""<staging>/wheel/fastspec/gql.py"", line 166
    return '{' + ', '.join(f'{k}: {_fmt_val(o, flds.get(k, {}).get(""type"", """"), types)}' for k, o in v.items()) + '}'
SyntaxError: f-string: single '}' is not allowed
error: Python syntax check failed for '<staging>/wheel/fastspec/gql.py' (no source was executed)"
740,torchvision,0.29.0,incompatible,native_only,False,False,metadata,0,,,torchvision-0.29.0-cp310-cp310-macosx_14_0_arm64.whl,ce3b58631f0b7c8828e8675301bff5cb0623aaed704e3ac91079e89607753205,"!=3.14.1,>=3.10",The selected release has no generic Python3 pure wheel; its published wheels require a platform/ABI or a different Python implementation tag. Artifact bytes were not downloaded. Older releases and source builds were not evaluated.
741,crc32c,2.9,incompatible,native_only,False,False,metadata,0,,,crc32c-2.9-cp310-cp310-macosx_10_9_universal2.whl,92759b28ddbd0df1ea340058bb1bd17d48f6dbf043e2d89b6de157115898490a,>=3.8,The selected release has no generic Python3 pure wheel; its published wheels require a platform/ABI or a different Python implementation tag. Artifact bytes were not downloaded. Older releases and source builds were not evaluated.
742,retrying,1.4.2,incompatible,syntax,True,False,verified_artifact,1,1,0,retrying-1.4.2-py3-none-any.whl,bbc004aeb542a74f3569aeddf42a2516efefcdaff90df0eb38fbfbf19f179f59,>=3.6,"Verified wheel source fails compilation at retrying.py. This is the first concrete blocker; later files were not checked.
Traceback (most recent call last):
  File ""<staging>/wheel/retrying.py"", line 150
    f(attempts, delay) for f in stop_funcs
SyntaxError: expected ')', got 'for'
error: Python syntax check failed for '<staging>/wheel/retrying.py' (no source was executed)"
743,testcontainers,4.15.0,incompatible,syntax,True,False,verified_artifact,10,130,120,testcontainers-4.15.0-py3-none-any.whl,8796c14e76604031ad39cf0ed3b8e9806283a1fbf5270965c2b1c594caa31b74,>=3.10,"Verified wheel source fails compilation at testcontainers/community/arangodb/__init__.py. This is the first concrete blocker; later files were not checked.
Traceback (most recent call last):
  File ""<staging>/wheel/testcontainers/community/arangodb/__init__.py"", line 76
    if arango_random_root_password is None
SyntaxError: expected ')', got 'if'
error: Python syntax check failed for '<staging>/wheel/testcontainers/community/arangodb/__init__.py' (no source was executed)"
744,sentence-transformers,6.0.1,incompatible,syntax,True,False,verified_artifact,5,211,206,sentence_transformers-6.0.1-py3-none-any.whl,b8888d72c707ba33c63aa30845850702dd5acadf1dd0d051436380bcebe4fd0f,>=3.10,"Verified wheel source fails compilation at sentence_transformers/backend/quantize.py. This is the first concrete blocker; later files were not checked.
Traceback (most recent call last):
  File ""<staging>/wheel/sentence_transformers/backend/quantize.py"", line 187
    if any(param is not None for param in [dataset_name, dataset_config_name, dataset_split, column_name]) and not all(
SyntaxError: expected ')', got 'for'
error: Python syntax check failed for '<staging>/wheel/sentence_transformers/backend/quantize.py' (no source was executed)"
745,av,18.1.0,incompatible,native_only,False,False,metadata,0,,,av-18.1.0-cp311-abi3-macosx_11_0_x86_64.whl,ae75d8bb6467895ed1f8572ededf7ffa49eac07f6e483222f5d7d62a41d12f04,>=3.11,The selected release has no generic Python3 pure wheel; its published wheels require a platform/ABI or a different Python implementation tag. Artifact bytes were not downloaded. Older releases and source builds were not evaluated.
746,diskcache,5.6.3,incompatible,syntax,True,False,verified_artifact,3,7,4,diskcache-5.6.3-py3-none-any.whl,5e31b2d5fbad117cc363ebaf6b689474db18a1f6438bc82358b024abd4c2ca19,>=3,"Verified wheel source fails compilation at diskcache/core.py. This is the first concrete blocker; later files were not checked.
Traceback (most recent call last):
  File ""<staging>/wheel/diskcache/core.py"", line 153
    or (
SyntaxError: expected ')', got 'or'
error: Python syntax check failed for '<staging>/wheel/diskcache/core.py' (no source was executed)"
747,agate,1.14.2,incompatible,syntax,True,False,verified_artifact,3,100,97,agate-1.14.2-py3-none-any.whl,e11018371d344dda5aca16a68830b6f8e86c84c531a7bb8f81456bf5014937d4,,"Verified wheel source fails compilation at agate/aggregations/all.py. This is the first concrete blocker; later files were not checked.
Traceback (most recent call last):
  File ""<staging>/wheel/agate/aggregations/all.py"", line 38
    return all(self._test(d) for d in data)
SyntaxError: expected ')', got 'for'
error: Python syntax check failed for '<staging>/wheel/agate/aggregations/all.py' (no source was executed)"
748,qrcode,8.2,incompatible,syntax,True,False,verified_artifact,2,34,32,qrcode-8.2-py3-none-any.whl,16e64e0716c14960108e85d853062c9e8bba5ca8252c0b4d0231b9df4060ff4f,">=3.9,<4.0","Verified wheel source fails compilation at qrcode/__init__.py. This is the first concrete blocker; later files were not checked.
Traceback (most recent call last):
  File ""<staging>/wheel/qrcode/__init__.py"", line 13
    def run_example(data=""http://www.lincolnloop.com"", *args, **kwargs):
SyntaxError: *args should be placed before **kwargs
error: Python syntax check failed for '<staging>/wheel/qrcode/__init__.py' (no source was executed)"
749,agent-client-protocol,0.12.1,incompatible,syntax,True,False,verified_artifact,2,38,36,agent_client_protocol-0.12.1-py3-none-any.whl,aaf3cc301ed87d9e2c4ccb91adfe1cd58784355f6ce7e513f50e7ca2391862ef,"<3.15,>=3.10","Verified wheel source fails compilation at acp/_cookies.py. This is the first concrete blocker; later files were not checked.
Traceback (most recent call last):
  File ""<staging>/wheel/acp/_cookies.py"", line 46
    return ""; "".join(f""{name}={value}"" for name, value in self._cookies.items())
SyntaxError: expected ')', got 'for'
error: Python syntax check failed for '<staging>/wheel/acp/_cookies.py' (no source was executed)"
750,hiredis,3.4.1,incompatible,native_only,False,False,metadata,0,,,hiredis-3.4.1-cp310-cp310-macosx_10_15_universal2.whl,82358041521c4da1a635b5d4819c7d22cfdfa44d73a61e4fa6696057b7c9f0b9,>=3.8,The selected release has no generic Python3 pure wheel; its published wheels require a platform/ABI or a different Python implementation tag. Artifact bytes were not downloaded. Older releases and source builds were not evaluated.
751,nexus-rpc,1.4.0,incompatible,syntax,True,False,verified_artifact,2,12,10,nexus_rpc-1.4.0-py3-none-any.whl,14c953d3519113f8ccec533a9efdb6b10c28afef75d11cdd6d422640c40b3a49,>=3.10,"Verified wheel source fails compilation at nexusrpc/_common.py. This is the first concrete blocker; later files were not checked.
Traceback (most recent call last):
  File ""<staging>/wheel/nexusrpc/_common.py"", line 69
    *,
SyntaxError: expected '@id', got ','
error: Python syntax check failed for '<staging>/wheel/nexusrpc/_common.py' (no source was executed)"
752,supabase,2.31.0,incompatible,syntax,True,False,verified_artifact,3,12,9,supabase-2.31.0-py3-none-any.whl,25f2a99207a75f2d9377e2332783b4389cf56b02cbebdaf0c1743112dcbb704e,>=3.9,"Verified wheel source fails compilation at supabase/_async/auth_client.py. This is the first concrete blocker; later files were not checked.
Traceback (most recent call last):
  File ""<staging>/wheel/supabase/_async/auth_client.py"", line 16
    *,
SyntaxError: expected '@id', got ','
error: Python syntax check failed for '<staging>/wheel/supabase/_async/auth_client.py' (no source was executed)"
753,ujson,6.0.0,incompatible,native_only,False,False,metadata,0,,,ujson-6.0.0-cp310-cp310-macosx_10_9_x86_64.whl,cca83e86a300db6c72847bc7acc259bf86481063aea408b07c8a96d649797b7f,>=3.10,The selected release has no generic Python3 pure wheel; its published wheels require a platform/ABI or a different Python implementation tag. Artifact bytes were not downloaded. Older releases and source builds were not evaluated.
754,azure-storage-file-datalake,12.25.0,incompatible,syntax,True,False,verified_artifact,2,69,67,azure_storage_file_datalake-12.25.0-py3-none-any.whl,11fbb18250961711afc40c8442207d71bac81961e4b7b80f17fbd550f95e6fc6,>=3.9,"Verified wheel source fails compilation at azure/storage/filedatalake/_data_lake_directory_client.py. This is the first concrete blocker; later files were not checked.
Traceback (most recent call last):
  File ""<staging>/wheel/azure/storage/filedatalake/_data_lake_directory_client.py"", line 664
    self, *,
SyntaxError: expected '@id', got ','
error: Python syntax check failed for '<staging>/wheel/azure/storage/filedatalake/_data_lake_directory_client.py' (no source was executed)"
755,pybind11,3.1.0,incompatible,syntax,True,False,verified_artifact,2,7,5,pybind11-3.1.0-py3-none-any.whl,b8488090f8acffbcb6b5d6a85571a6827a0a2981ffb75e5a0b27b87c4a6b7dd0,>=3.9,"Verified wheel source fails compilation at pybind11/__main__.py. This is the first concrete blocker; later files were not checked.
Traceback (most recent call last):
  File ""<staging>/wheel/pybind11/__main__.py"", line 24
    print("" "".join(quote(f""-I{d}"") for d in get_include_dirs()))
SyntaxError: expected ')', got 'for'
error: Python syntax check failed for '<staging>/wheel/pybind11/__main__.py' (no source was executed)"
756,claude-agent-sdk,0.2.152,incompatible,native_only,False,False,metadata,0,,,claude_agent_sdk-0.2.152-py3-none-macosx_11_0_arm64.whl,6cc1e949743c7634274ae526bfd1c0a216ff9d71c6b36d94cab80f32b0d32b4c,>=3.10,The selected release has no generic Python3 pure wheel; its published wheels require a platform/ABI or a different Python implementation tag. Artifact bytes were not downloaded. Older releases and source builds were not evaluated.
757,google-ads,31.4.0,incompatible,syntax,True,False,verified_artifact,2,8497,8495,google_ads-31.4.0-py3-none-any.whl,210a7f6a7b5d40ef544090216dceeb90c9d2e7fba51c72329a690c9e5bb94474,"<3.15,>=3.9","Verified wheel source fails compilation at examples/account_management/create_customer.py. This is the first concrete blocker; later files were not checked.
Traceback (most recent call last):
  File ""<staging>/wheel/examples/account_management/create_customer.py"", line 70
    f'under manager account with ID ""{manager_customer_id}"".'
SyntaxError: expected ')', got '@fstr-begin'
error: Python syntax check failed for '<staging>/wheel/examples/account_management/create_customer.py' (no source was executed)"
758,clickhouse-connect,1.8.0,incompatible,native_only,False,False,metadata,0,,,clickhouse_connect-1.8.0-cp310-cp310-macosx_10_9_x86_64.whl,4ea6a6d9b59a0e8bf5d611467c170519f7b1271030e99cd39cf3d3552cc00b07,"<3.15,>=3.10",The selected release has no generic Python3 pure wheel; its published wheels require a platform/ABI or a different Python implementation tag. Artifact bytes were not downloaded. Older releases and source builds were not evaluated.
759,azure-storage-queue,12.17.0,incompatible,syntax,True,False,verified_artifact,2,56,54,azure_storage_queue-12.17.0-py3-none-any.whl,aaef08ee2613f84a3a85e60a059d29567361e5a2af455298bb0e529f0b47d5a1,>=3.9,"Verified wheel source fails compilation at azure/storage/queue/_deserialize.py. This is the first concrete blocker; later files were not checked.
Traceback (most recent call last):
  File ""<staging>/wheel/azure/storage/queue/_deserialize.py"", line 32
    f""RequestId:{headers['x-ms-request-id']}\n""
SyntaxError: expected ')', got '@fstr-begin'
error: Python syntax check failed for '<staging>/wheel/azure/storage/queue/_deserialize.py' (no source was executed)"
760,griffe,2.3.0,unverified,unverified,True,True,verified_artifact,0,0,0,griffe-2.3.0-py3-none-any.whl,92a41ff72eb1eb316cdcb7248a608f1313f9fbc6e35d5cffa5cf7c813b7db70b,>=3.10,"The wheel contains no .py source files to compile; it may be a stub, data, or dependency-only distribution. Dependencies, runtime APIs, assets, and behavior were not exercised."
761,tinyhtml5,2.1.0,incompatible,syntax,True,False,verified_artifact,2,6,4,tinyhtml5-2.1.0-py3-none-any.whl,6e11cfff38515834268daf89d5f85bbde0b6dd02e8d9e212d1385c2289b89f0a,>=3.10,"Verified wheel source fails compilation at tinyhtml5/constants.py. This is the first concrete blocker; later files were not checked.
Traceback (most recent call last):
  File ""<staging>/wheel/tinyhtml5/constants.py"", line 218
    ""\u000C"",
SyntaxError: invalid escape char
error: Python syntax check failed for '<staging>/wheel/tinyhtml5/constants.py' (no source was executed)"
762,lazy-loader,0.5,incompatible,syntax,True,False,verified_artifact,1,1,0,lazy_loader-0.5-py3-none-any.whl,ab0ea149e9c554d4ffeeb21105ac60bed7f3b4fd69b1d2360a4add51b170b005,>=3.9,"Verified wheel source fails compilation at lazy_loader/__init__.py. This is the first concrete blocker; later files were not checked.
Traceback (most recent call last):
  File ""<staging>/wheel/lazy_loader/__init__.py"", line 68
    attr: mod for mod, attrs in submod_attrs.items() for attr in attrs
SyntaxError: expected '}', got 'for'
error: Python syntax check failed for '<staging>/wheel/lazy_loader/__init__.py' (no source was executed)"
763,mergedeep,1.3.4,incompatible,syntax,True,False,verified_artifact,2,3,1,mergedeep-1.3.4-py3-none-any.whl,70775750742b25c0d8f36c55aed03d24c3384d17c951b3175d898bd778ef0307,>=3.6,"Verified wheel source fails compilation at mergedeep/mergedeep.py. This is the first concrete blocker; later files were not checked.
Traceback (most recent call last):
  File ""<staging>/wheel/mergedeep/mergedeep.py"", line 74
    def _deepmerge(dst, src, strategy=Strategy.REPLACE):
SyntaxError: expected a literal, got '@id'
error: Python syntax check failed for '<staging>/wheel/mergedeep/mergedeep.py' (no source was executed)"
764,pytimeparse,1.1.8,incompatible,syntax,True,False,verified_artifact,4,4,0,pytimeparse-1.1.8-py2.py3-none-any.whl,04b7be6cc8bd9f5647a6325444926c3ac34ee6bc7e69da4367ba282f076036bd,,"Verified wheel source fails compilation at pytimeparse/timeparse.py. This is the first concrete blocker; later files were not checked.
Traceback (most recent call last):
  File ""<staging>/wheel/pytimeparse/timeparse.py"", line 105
    and '.' not in sval
SyntaxError: expected ')', got 'and'
error: Python syntax check failed for '<staging>/wheel/pytimeparse/timeparse.py' (no source was executed)"
765,crewai-tools,1.15.20,incompatible,syntax,True,False,verified_artifact,3,259,256,crewai_tools-1.15.20-py3-none-any.whl,e7f20746747bdc4007fac590f13e5f0dee965754cc5fc02d29e757536f220a5a,"<3.14,>=3.10","Verified wheel source fails compilation at crewai_tools/adapters/crewai_rag_adapter.py. This is the first concrete blocker; later files were not checked.
Traceback (most recent call last):
  File ""<staging>/wheel/crewai_tools/adapters/crewai_rag_adapter.py"", line 91
    if similarity_threshold is not None
SyntaxError: expected ')', got 'if'
error: Python syntax check failed for '<staging>/wheel/crewai_tools/adapters/crewai_rag_adapter.py' (no source was executed)"
766,eval-type-backport,0.4.0,incompatible,syntax,True,False,verified_artifact,2,3,1,eval_type_backport-0.4.0-py3-none-any.whl,ad5e2a8db71b6696a56eafb938b0f5a337d3217f256b8e158b469422b4772b20,>=3.7,"Verified wheel source fails compilation at eval_type_backport/eval_type_backport.py. This is the first concrete blocker; later files were not checked.
Traceback (most recent call last):
  File ""<staging>/wheel/eval_type_backport/eval_type_backport.py"", line 73
    **{k: getattr(typing, k.__name__) for k in _generic_type_origins},
SyntaxError: expected ':', got ','
error: Python syntax check failed for '<staging>/wheel/eval_type_backport/eval_type_backport.py' (no source was executed)"
767,unidecode,1.4.0,incompatible,syntax,True,False,verified_artifact,1,193,192,Unidecode-1.4.0-py3-none-any.whl,c3c7606c27503ad8d501270406e345ddb480a7b5f38827eafe4fa82a137f0021,>=3.7,"Verified wheel source fails compilation at unidecode/__init__.py. This is the first concrete blocker; later files were not checked.
Traceback (most recent call last):
  File ""<staging>/wheel/unidecode/__init__.py"", line 8
    >>> unidecode(""\u5317\u4EB0"")
SyntaxError: invalid escape char
error: Python syntax check failed for '<staging>/wheel/unidecode/__init__.py' (no source was executed)"
768,lmnr,0.7.62,incompatible,syntax,True,False,verified_artifact,2,158,156,lmnr-0.7.62-py3-none-any.whl,01ff5aa9ffcf144006fe2796ce700790517fc92571fc3dc1baff0e7fe1135306,">=3.10, <4","Verified wheel source fails compilation at lmnr/cli/__init__.py. This is the first concrete blocker; later files were not checked.
Traceback (most recent call last):
  File ""<staging>/wheel/lmnr/cli/__init__.py"", line 28
    + ""If no file name is provided, all evaluation files in the `evals` directory are run as long ""
SyntaxError: expected ')', got '+'
error: Python syntax check failed for '<staging>/wheel/lmnr/cli/__init__.py' (no source was executed)"
769,events,0.5,incompatible,syntax,True,False,verified_artifact,2,4,2,Events-0.5-py3-none-any.whl,a7286af378ba3e46640ac9825156c93bdba7502174dd696090fdfcd4d80a1abd,,"Verified wheel source fails compilation at events/events.py. This is the first concrete blocker; later files were not checked.
Traceback (most recent call last):
  File ""<staging>/wheel/events/events.py"", line 72
    def __init__(self, events=None, event_slot_cls=_EventSlot):
SyntaxError: expected a literal, got '@id'
error: Python syntax check failed for '<staging>/wheel/events/events.py' (no source was executed)"
770,storage3,2.31.0,incompatible,syntax,True,False,verified_artifact,1,20,19,storage3-2.31.0-py3-none-any.whl,4bf46e8bea320743179a6beafdc7531c5242495e00e0cc22af7c7a9d69d4ed84,>=3.9,"Verified wheel source fails compilation at storage3/__init__.py. This is the first concrete blocker; later files were not checked.
Traceback (most recent call last):
  File ""<staging>/wheel/storage3/__init__.py"", line 28
    url: str, headers: dict[str, str], *, is_async: Literal[True]
SyntaxError: expected '@id', got ','
error: Python syntax check failed for '<staging>/wheel/storage3/__init__.py' (no source was executed)"
771,postgrest,2.31.0,incompatible,syntax,True,False,verified_artifact,3,14,11,postgrest-2.31.0-py3-none-any.whl,c2fd47c94e13ee8335111c4f03c9a24ea9766ce9d35fc3cd7330057c9e7ea0c3,>=3.9,"Verified wheel source fails compilation at postgrest/_async/client.py. This is the first concrete blocker; later files were not checked.
Traceback (most recent call last):
  File ""<staging>/wheel/postgrest/_async/client.py"", line 32
    *,
SyntaxError: expected '@id', got ','
error: Python syntax check failed for '<staging>/wheel/postgrest/_async/client.py' (no source was executed)"
772,semgrep,1.176.1,incompatible,native_only,False,False,metadata,0,,,semgrep-1.176.1-cp310.cp311.cp312.cp313.cp314.py310.py311.py312.py313.py314-none-macosx_10_14_x86_64.whl,e1f78275f13c11bd9b6af1143befd79d333d948bd4af96768be3494ab342d8f3,>=3.10,The selected release has no generic Python3 pure wheel; its published wheels require a platform/ABI or a different Python implementation tag. Artifact bytes were not downloaded. Older releases and source builds were not evaluated.
773,pip-audit,2.10.1,incompatible,syntax,True,False,verified_artifact,3,27,24,pip_audit-2.10.1-py3-none-any.whl,99ef3f600a317c1945f1e89e227ef26e1c2d618429b8bd3fa6f4f7c440c4611a,>=3.10,"Verified wheel source fails compilation at pip_audit/_audit.py. This is the first concrete blocker; later files were not checked.
Traceback (most recent call last):
  File ""<staging>/wheel/pip_audit/_audit.py"", line 37
    options: AuditOptions = AuditOptions(),
SyntaxError: expected a literal, got '@id'
error: Python syntax check failed for '<staging>/wheel/pip_audit/_audit.py' (no source was executed)"
774,holidays,0.103,incompatible,syntax,True,False,verified_artifact,4,328,324,holidays-0.103-py3-none-any.whl,d507f7f64379ed5a782b8a4a83fb99705f8c538c7cf4c70079ceb0a3e0447cc9,>=3.10,"Verified wheel source fails compilation at holidays/calendars/buddhist.py. This is the first concrete blocker; later files were not checked.
Traceback (most recent call last):
  File ""<staging>/wheel/holidays/calendars/buddhist.py"", line 442
    class _CustomBuddhistHolidays(_CustomCalendar, _BuddhistLunisolar):
SyntaxError: expected ')', got ','
error: Python syntax check failed for '<staging>/wheel/holidays/calendars/buddhist.py' (no source was executed)"
775,bidict,0.24.1,incompatible,syntax,True,False,verified_artifact,2,11,9,bidict-0.24.1-py3-none-any.whl,fd3eaa737917d8a14f4baa391670c433c4e3f6f5fd2cd99d4bf436437f432364,>=3.11,"Verified wheel source fails compilation at bidict/_abc.py. This is the first concrete blocker; later files were not checked.
Traceback (most recent call last):
  File ""<staging>/wheel/bidict/_abc.py"", line 72
    class MutableBidirectionalMapping(BidirectionalMapping[KT, VT], MutableMapping[KT, VT]):
SyntaxError: expected ')', got ','
error: Python syntax check failed for '<staging>/wheel/bidict/_abc.py' (no source was executed)"
776,opentelemetry-instrumentation-sqlalchemy,0.65b0,incompatible,syntax,True,False,verified_artifact,2,4,2,opentelemetry_instrumentation_sqlalchemy-0.65b0-py3-none-any.whl,4d8a2e5afc7b505a48d05cb1fb6db5f8b31681814c1d7767bd6d4b5bdd3a3047,>=3.10,"Verified wheel source fails compilation at opentelemetry/instrumentation/sqlalchemy/engine.py. This is the first concrete blocker; later files were not checked.
Traceback (most recent call last):
  File ""<staging>/wheel/opentelemetry/instrumentation/sqlalchemy/engine.py"", line 78
    if isinstance(raw_db_name, bytes)
SyntaxError: expected ')', got 'if'
error: Python syntax check failed for '<staging>/wheel/opentelemetry/instrumentation/sqlalchemy/engine.py' (no source was executed)"
777,click-option-group,0.5.9,incompatible,syntax,True,False,verified_artifact,2,5,3,click_option_group-0.5.9-py3-none-any.whl,ad2599248bd373e2e19bec5407967c3eec1d0d4fc4a5e77b08a0481e75991080,>=3.7,"Verified wheel source fails compilation at click_option_group/_core.py. This is the first concrete blocker; later files were not checked.
Traceback (most recent call last):
  File ""<staging>/wheel/click_option_group/_core.py"", line 43
    *,
SyntaxError: *args should be placed before **kwargs
error: Python syntax check failed for '<staging>/wheel/click_option_group/_core.py' (no source was executed)"
778,pip-api,0.0.34,incompatible,syntax,True,False,verified_artifact,4,25,21,pip_api-0.0.34-py3-none-any.whl,8b2d7d7c37f2447373aa2cf8b1f60a2f2b27a84e1e9e0294a3f6ef10eb3ba6bb,>=3.8,"Verified wheel source fails compilation at pip_api/_installed_distributions.py. This is the first concrete blocker; later files were not checked.
Traceback (most recent call last):
  File ""<staging>/wheel/pip_api/_installed_distributions.py"", line 40
    if self.editable_project_location
SyntaxError: expected ')', got 'if'
error: Python syntax check failed for '<staging>/wheel/pip_api/_installed_distributions.py' (no source was executed)"
779,tblib,3.2.2,incompatible,syntax,True,False,verified_artifact,1,3,2,tblib-3.2.2-py3-none-any.whl,26bdccf339bcce6a88b2b5432c988b266ebbe63a4e593f6b578b1d2e723d2b76,>=3.9,"Verified wheel source fails compilation at tblib/__init__.py. This is the first concrete blocker; later files were not checked.
Traceback (most recent call last):
  File ""<staging>/wheel/tblib/__init__.py"", line 17
    raise AttributeError(name) from None
SyntaxError: expected statement end
error: Python syntax check failed for '<staging>/wheel/tblib/__init__.py' (no source was executed)"
780,llama-index-indices-managed-llama-cloud,0.12.0,unverified,unverified,True,True,verified_artifact,1,1,0,llama_index_indices_managed_llama_cloud-0.12.0-py3-none-any.whl,d2e83a143e7f140f68893517ada12a34ce4be95584c5434dccf6e7bcce289a5a,"<4.0,>=3.10","All 1 Python source files compile. Imports, runtime APIs, dependency closure, assets, and behavior were not exercised; this is not a tested compatibility result."
781,pandas-gbq,0.35.2,incompatible,syntax,True,False,verified_artifact,1,26,25,pandas_gbq-0.35.2-py3-none-any.whl,b74187ec91b25ca4818b14343f7a765a7ee8f7b3ed7e8d1e428e9e8a2094b0e8,>=3.10,"Verified wheel source fails compilation at pandas_gbq/__init__.py. This is the first concrete blocker; later files were not checked.
Traceback (most recent call last):
  File ""<staging>/wheel/pandas_gbq/__init__.py"", line 19
    f""Your Python version is {sys.version_info.major}.{sys.version_info.minor}.{sys.version_info.micro}. ""
SyntaxError: expected ')', got '@fstr-begin'
error: Python syntax check failed for '<staging>/wheel/pandas_gbq/__init__.py' (no source was executed)"
782,parsedatetime,2.6,incompatible,syntax,True,False,verified_artifact,1,15,14,parsedatetime-2.6-py3-none-any.whl,cb96edd7016872f58479e35879294258c71437195760746faffedb692aef000b,,"Verified wheel source fails compilation at parsedatetime/__init__.py. This is the first concrete blocker; later files were not checked.
Traceback (most recent call last):
  File ""<staging>/wheel/parsedatetime/__init__.py"", line 1815
    datetimeString = re.sub(r'(\w)[\'""](\s|$)', r'\1 \2', datetimeString)
SyntaxError: invalid escape char
error: Python syntax check failed for '<staging>/wheel/parsedatetime/__init__.py' (no source was executed)"
783,universal-pathlib,0.3.10,incompatible,syntax,True,False,verified_artifact,2,30,28,universal_pathlib-0.3.10-py3-none-any.whl,dfaf2fb35683d2eb1287a3ed7b215e4d6016aa6eaf339c607023d22f90821c66,>=3.9,"Verified wheel source fails compilation at upath/_chain.py. This is the first concrete blocker; later files were not checked.
Traceback (most recent call last):
  File ""<staging>/wheel/upath/_chain.py"", line 91
    *,
SyntaxError: expected '@id', got ','
error: Python syntax check failed for '<staging>/wheel/upath/_chain.py' (no source was executed)"
784,twine,7.0.0,incompatible,syntax,True,False,verified_artifact,1,16,15,twine-7.0.0-py3-none-any.whl,b854164df26db268af05f49aa5c0344b10e27a494343ff05b1e0bad3b135f5a7,>=3.10,"Verified wheel source fails compilation at twine/__init__.py. This is the first concrete blocker; later files were not checked.
Traceback (most recent call last):
  File ""<staging>/wheel/twine/__init__.py"", line 44
    for entry in metadata.get_all(""Project-URL"", ())
SyntaxError: expected ')', got 'for'
error: Python syntax check failed for '<staging>/wheel/twine/__init__.py' (no source was executed)"
785,mock,5.2.0,incompatible,syntax,True,False,verified_artifact,1,3,2,mock-5.2.0-py3-none-any.whl,7ba87f72ca0e915175596069dbbcc7c75af7b5e9b9bc107ad6349ede0819982f,>=3.6,"Verified wheel source fails compilation at mock/__init__.py. This is the first concrete blocker; later files were not checked.
Traceback (most recent call last):
  File ""<staging>/wheel/mock/__init__.py"", line 11
    version_info = tuple(int(p) for p in
SyntaxError: expected ')', got 'for'
error: Python syntax check failed for '<staging>/wheel/mock/__init__.py' (no source was executed)"
786,inflect,7.5.0,incompatible,syntax,True,False,verified_artifact,1,3,2,inflect-7.5.0-py3-none-any.whl,2aea70e5e70c35d8350b8097396ec155ffd68def678c7ff97f51aa69c1d92344,>=3.9,"Verified wheel source fails compilation at inflect/__init__.py. This is the first concrete blocker; later files were not checked.
Traceback (most recent call last):
  File ""<staging>/wheel/inflect/__init__.py"", line 1603
    pl_sb_prep_dual_compound = rf""(.*?)((?:-|\s+)(?:{pl_prep})(?:-|\s+))a(?:-|\s+)(.*)""
SyntaxError: invalid escape char
error: Python syntax check failed for '<staging>/wheel/inflect/__init__.py' (no source was executed)"
787,zope-event,6.2,unverified,unverified,True,True,verified_artifact,3,3,0,zope_event-6.2-py3-none-any.whl,5e755153ac4faf64c10a4b6dd3307680166a3edf65b38df22df592610f8fa874,>=3.10,"All 3 Python source files compile. Imports, runtime APIs, dependency closure, assets, and behavior were not exercised; this is not a tested compatibility result."
788,simple-salesforce,1.12.10,incompatible,syntax,True,False,verified_artifact,3,11,8,simple_salesforce-1.12.10-py3-none-any.whl,33eb4aedc5eb64d5d7067d4803f99ea1cdecdf660a8a8bd064e9488f219c7b92,>=3.9,"Verified wheel source fails compilation at simple_salesforce/api.py. This is the first concrete blocker; later files were not checked.
Traceback (most recent call last):
  File ""<staging>/wheel/simple_salesforce/api.py"", line 50
    version: Optional[str] = DEFAULT_API_VERSION,
SyntaxError: expected a literal, got '@id'
error: Python syntax check failed for '<staging>/wheel/simple_salesforce/api.py' (no source was executed)"
789,types-setuptools,84.0.0.20260812,unverified,unverified,True,True,verified_artifact,0,0,0,types_setuptools-84.0.0.20260812-py3-none-any.whl,799c08e4bc6a288e8a0b538afb5f5ff320a08927ba8dbedb30c74ee3ba5d867b,>=3.10,"The wheel contains no .py source files to compile; it may be a stub, data, or dependency-only distribution. Dependencies, runtime APIs, assets, and behavior were not exercised."
790,cohere,7.1.1,incompatible,syntax,True,False,verified_artifact,1,358,357,cohere-7.1.1-py3-none-any.whl,5b5dd9034f8eb5a32c988edad7d0aea120bc3076dffbec9e84858d7b0f0361a0,">=3.10,<4.0","Verified wheel source fails compilation at cohere/__init__.py. This is the first concrete blocker; later files were not checked.
Traceback (most recent call last):
  File ""<staging>/wheel/cohere/__init__.py"", line 692
    raise ImportError(f""Failed to import {attr_name} from {module_name}: {e}"") from e
SyntaxError: expected statement end
error: Python syntax check failed for '<staging>/wheel/cohere/__init__.py' (no source was executed)"
791,ninja,1.13.2,incompatible,native_only,False,False,metadata,0,,,ninja-1.13.2-py3-none-macosx_10_9_universal2.whl,fd82e26c0706ad4ab88e5fdd26f3fab0a987a90f810160f6c322e752c6af298b,>=3.8,The selected release has no generic Python3 pure wheel; its published wheels require a platform/ABI or a different Python implementation tag. Artifact bytes were not downloaded. Older releases and source builds were not evaluated.
792,socksio,1.0.0,incompatible,syntax,True,False,verified_artifact,5,7,2,socksio-1.0.0-py3-none-any.whl,95dc1f15f9b34e8d7b16f06d74b8ccf48f609af32ab33c608d08761c5dcbb1f3,>=3.6,"Verified wheel source fails compilation at socksio/socks4.py. This is the first concrete blocker; later files were not checked.
Traceback (most recent call last):
  File ""<staging>/wheel/socksio/socks4.py"", line 14
    class SOCKS4ReplyCode(bytes, enum.Enum):
SyntaxError: expected ')', got ','
error: Python syntax check failed for '<staging>/wheel/socksio/socks4.py' (no source was executed)"
793,tree-sitter-languages,1.10.2,incompatible,native_only,False,False,metadata,0,,,tree_sitter_languages-1.10.2-cp310-cp310-macosx_10_9_x86_64.whl,5580348f0b20233b1d5431fa178ccd3d07423ca4a3275df02a44608fd72344b9,,The selected release has no generic Python3 pure wheel; its published wheels require a platform/ABI or a different Python implementation tag. Artifact bytes were not downloaded. Older releases and source builds were not evaluated.
794,streamlit,1.63.0,incompatible,syntax,True,False,verified_artifact,1,376,375,streamlit-1.63.0-py3-none-any.whl,c24fd38170543ffb749321c801627aaa09068219539d7b81ef77633ea2408b36,>=3.10,"Verified wheel source fails compilation at streamlit/.agents/meta-skill/developing-with-streamlit/scripts/discover.py. This is the first concrete blocker; later files were not checked.
Traceback (most recent call last):
  File ""<staging>/wheel/streamlit/.agents/meta-skill/developing-with-streamlit/scripts/discover.py"", line 161
    ""    (better: create a project venv first with ""
SyntaxError: expected ')', got '@str'
error: Python syntax check failed for '<staging>/wheel/streamlit/.agents/meta-skill/developing-with-streamlit/scripts/discover.py' (no source was executed)"
795,dunamai,1.26.2,incompatible,syntax,True,False,verified_artifact,1,2,1,dunamai-1.26.2-py3-none-any.whl,4234be3a90c3ec13ecf75d94a2248068e5a3018e8112892fcd9f3a1f287c9c32,>=3.5,"Verified wheel source fails compilation at dunamai/__init__.py. This is the first concrete blocker; later files were not checked.
Traceback (most recent call last):
  File ""<staging>/wheel/dunamai/__init__.py"", line 276
    match = re.search(pattern, source)
SyntaxError: expected an expression, got =
error: Python syntax check failed for '<staging>/wheel/dunamai/__init__.py' (no source was executed)"
796,python-engineio,4.14.0,incompatible,syntax,True,False,verified_artifact,2,26,24,python_engineio-4.14.0-py3-none-any.whl,9f0fe275fb7d67bfc1a632421adf22949fd4843bd9c458c004b0a89cede302a2,>=3.8,"Verified wheel source fails compilation at engineio/async_client.py. This is the first concrete blocker; later files were not checked.
Traceback (most recent call last):
  File ""<staging>/wheel/engineio/async_client.py"", line 31
    async def _handler():  # pragma: no cover
SyntaxError: expected statement end
error: Python syntax check failed for '<staging>/wheel/engineio/async_client.py' (no source was executed)"
797,bandit,1.9.4,incompatible,syntax,True,False,verified_artifact,8,69,61,bandit-1.9.4-py3-none-any.whl,f89ffa663767f5a0585ea075f01020207e966a9c0f2b9ef56a57c7963a3f6f8e,>=3.10,"Verified wheel source fails compilation at bandit/cli/baseline.py. This is the first concrete blocker; later files were not checked.
Traceback (most recent call last):
  File ""<staging>/wheel/bandit/cli/baseline.py"", line 77
    if output_format == default_output_format
SyntaxError: expected ')', got 'if'
error: Python syntax check failed for '<staging>/wheel/bandit/cli/baseline.py' (no source was executed)"
798,crewai,1.15.20,incompatible,syntax,True,False,verified_artifact,1,512,511,crewai-1.15.20-py3-none-any.whl,8bf272a687ad3320b681f23a183a6ac445f2fa7fc78b52943b835acc2eb158d6,"<3.14,>=3.10","Verified wheel source fails compilation at crewai/__init__.py. This is the first concrete blocker; later files were not checked.
Traceback (most recent call last):
  File ""<staging>/wheel/crewai/__init__.py"", line 40
    and hasattr(category, ""__module__"")
SyntaxError: expected ')', got 'and'
error: Python syntax check failed for '<staging>/wheel/crewai/__init__.py' (no source was executed)"
799,python-socketio,5.16.4,incompatible,syntax,True,False,verified_artifact,2,31,29,python_socketio-5.16.4-py3-none-any.whl,0eb9c7687e7fbf59e60d714fd62afba77dfaf8ef8a06a0bff05a86c351accc2f,>=3.8,"Verified wheel source fails compilation at socketio/admin.py. This is the first concrete blocker; later files were not checked.
Traceback (most recent call last):
  File ""<staging>/wheel/socketio/admin.py"", line 48
    self.sio.manager.host_id if hasattr(self.sio.manager, 'host_id')
SyntaxError: expected 'else', got '@eol'
error: Python syntax check failed for '<staging>/wheel/socketio/admin.py' (no source was executed)"
800,simple-websocket,1.1.0,incompatible,syntax,True,False,verified_artifact,2,5,3,simple_websocket-1.1.0-py3-none-any.whl,4af6069630a38ed6c561010f0e11a5bc0d4ca569b36306eb257cd9a192497c8c,>=3.6,"Verified wheel source fails compilation at simple_websocket/aiows.py. This is the first concrete blocker; later files were not checked.
Traceback (most recent call last):
  File ""<staging>/wheel/simple_websocket/aiows.py"", line 49
    async def connect(self):
SyntaxError: expected statement end
error: Python syntax check failed for '<staging>/wheel/simple_websocket/aiows.py' (no source was executed)"
801,llama-index-llms-openai,0.8.1,incompatible,syntax,True,False,verified_artifact,2,4,2,llama_index_llms_openai-0.8.1-py3-none-any.whl,b896d3b0123761f327df0d172bebee8eabad85e035364aa74fe306893b296b86,"<4.0,>=3.10","Verified wheel source fails compilation at llama_index/llms/openai/base.py. This is the first concrete blocker; later files were not checked.
Traceback (most recent call last):
  File ""<staging>/wheel/llama_index/llms/openai/base.py"", line 263
    model: str = DEFAULT_OPENAI_MODEL,
SyntaxError: expected a literal, got '@id'
error: Python syntax check failed for '<staging>/wheel/llama_index/llms/openai/base.py' (no source was executed)"
802,google-cloud-dataplex,2.20.0,incompatible,syntax,True,False,verified_artifact,3,117,114,google_cloud_dataplex-2.20.0-py3-none-any.whl,920bbc466eea3ce0168f9fefc4a16fd33e6ddb70537588666ce8e6609f1e1553,>=3.10,"Verified wheel source fails compilation at google/cloud/dataplex_v1/__init__.py. This is the first concrete blocker; later files were not checked.
Traceback (most recent call last):
  File ""<staging>/wheel/google/cloud/dataplex_v1/__init__.py"", line 307
    + f""({_py_version_str}).  Google will not post any further ""
SyntaxError: expected ')', got '+'
error: Python syntax check failed for '<staging>/wheel/google/cloud/dataplex_v1/__init__.py' (no source was executed)"
803,pinotdb,9.1.2,incompatible,syntax,True,False,verified_artifact,2,5,3,pinotdb-9.1.2-py3-none-any.whl,49a28f60d2a916bde3ce4caadc635744e20d51c42ae06bff35a657537c283bcf,">=3.10,<4","Verified wheel source fails compilation at pinotdb/db.py. This is the first concrete blocker; later files were not checked.
Traceback (most recent call last):
  File ""<staging>/wheel/pinotdb/db.py"", line 113
    and not isinstance(value, (dict, list))
SyntaxError: expected '}', got 'and'
error: Python syntax check failed for '<staging>/wheel/pinotdb/db.py' (no source was executed)"
804,astor,0.8.1,incompatible,syntax,True,False,verified_artifact,1,10,9,astor-0.8.1-py2.py3-none-any.whl,070a54e890cefb5b3739d19f30f5a5ec840ffc9c50ffa7d23cc9fc1a38ebbfc5,"!=3.0.*,!=3.1.*,!=3.2.*,!=3.3.*,>=2.7","Verified wheel source fails compilation at astor/__init__.py. This is the first concrete blocker; later files were not checked.
Traceback (most recent call last):
  File ""<staging>/wheel/astor/__init__.py"", line 60
    class ModProxy:
SyntaxError: class definition not allowed here
error: Python syntax check failed for '<staging>/wheel/astor/__init__.py' (no source was executed)"
805,id,1.6.1,incompatible,syntax,True,False,verified_artifact,1,4,3,id-1.6.1-py3-none-any.whl,f5ec41ed2629a508f5d0988eda142e190c9c6da971100612c4de9ad9f9b237ca,>=3.9,"Verified wheel source fails compilation at id/__init__.py. This is the first concrete blocker; later files were not checked.
Traceback (most recent call last):
  File ""<staging>/wheel/id/__init__.py"", line 63
    raise AmbientCredentialError(""Malformed token"") from e
SyntaxError: expected statement end
error: Python syntax check failed for '<staging>/wheel/id/__init__.py' (no source was executed)"
806,imagesize,2.0.1,incompatible,syntax,True,False,verified_artifact,2,2,0,imagesize-2.0.1-py3-none-any.whl,ea0c9a0384df69ed86a943a15cde37d0360b82491b3910dc2215e202e62b5b02,>=3.10,"Verified wheel source fails compilation at imagesize/imagesize.py. This is the first concrete blocker; later files were not checked.
Traceback (most recent call last):
  File ""<staging>/wheel/imagesize/imagesize.py"", line 740
    if len(head) >= 8 and head.startswith(b'\211PNG\r\n\032\n'):
SyntaxError: invalid escape char
error: Python syntax check failed for '<staging>/wheel/imagesize/imagesize.py' (no source was executed)"
807,dask,2026.8.0,incompatible,syntax,True,False,verified_artifact,4,361,357,dask-2026.8.0-py3-none-any.whl,ccc0c83a189b0398602435189771d28dad7b5773b6089bb8dce14ae732dd782c,>=3.10,"Verified wheel source fails compilation at dask/_compatibility.py. This is the first concrete blocker; later files were not checked.
Traceback (most recent call last):
  File ""<staging>/wheel/dask/_compatibility.py"", line 46
    raise ImportError(f""Can't determine version for {module.__name__}"") from e
SyntaxError: expected statement end
error: Python syntax check failed for '<staging>/wheel/dask/_compatibility.py' (no source was executed)"
808,amazon-ion,0.14.6,incompatible,native_only,False,False,metadata,0,,,amazon_ion-0.14.6-cp310-cp310-macosx_10_9_x86_64.whl,ac78bc6a5cc82f41146c2e7ad3636a26dd6b1488a4c6b8b436aa4dbe76ff440c,>=3.9,The selected release has no generic Python3 pure wheel; its published wheels require a platform/ABI or a different Python implementation tag. Artifact bytes were not downloaded. Older releases and source builds were not evaluated.
809,tox,4.61.2,incompatible,syntax,True,False,verified_artifact,5,127,122,tox-4.61.2-py3-none-any.whl,262efa52b735004dcef04ae4c934614ec4e5c61319a14d1e762c18db7fdb82c3,>=3.10,"Verified wheel source fails compilation at tox/config/cli/env_var.py. This is the first concrete blocker; later files were not checked.
Traceback (most recent call last):
  File ""<staging>/wheel/tox/config/cli/env_var.py"", line 45
    else:
SyntaxError: expected an expression, got else
error: Python syntax check failed for '<staging>/wheel/tox/config/cli/env_var.py' (no source was executed)"
810,tifffile,2026.8.23,incompatible,python_requirement,False,False,metadata,0,,,tifffile-2026.8.23-py3-none-any.whl,a03045afce67d97cb4ef56a1cd47eae6ab8115c7e84cfedeb5cadbfbb6d14fbe,>=3.12,The selected release declares Requires-Python >=3.12; Kipferl advertises 3.11.0. Older releases were not evaluated.
811,djangorestframework,3.18.0,incompatible,syntax,True,False,verified_artifact,15,72,57,djangorestframework-3.18.0-py3-none-any.whl,381fc44d3249c9565c5f723850855b734e99030eb30957a49f506d3fe11d7dcb,>=3.10,"Verified wheel source fails compilation at rest_framework/authtoken/models.py. This is the first concrete blocker; later files were not checked.
Traceback (most recent call last):
  File ""<staging>/wheel/rest_framework/authtoken/models.py"", line 19
    class Meta:
SyntaxError: nested class is not allowed
error: Python syntax check failed for '<staging>/wheel/rest_framework/authtoken/models.py' (no source was executed)"
812,dbt-protos,1.0.565,incompatible,syntax,True,False,verified_artifact,2,81,79,dbt_protos-1.0.565-py3-none-any.whl,130a8333fcd644ba1f00c8377e8f8013b28cca696a6af56037feb55a011f964c,>=3.6,"Verified wheel source fails compilation at dbtlabs/proto/public/v1/common/vortex_options_pb2_grpc.py. This is the first concrete blocker; later files were not checked.
Traceback (most recent call last):
  File ""<staging>/wheel/dbtlabs/proto/public/v1/common/vortex_options_pb2_grpc.py"", line 22
    + f' but the generated code in dbtlabs/proto/public/v1/common/vortex_options_pb2_grpc.py depends on'
SyntaxError: expected ')', got '+'
error: Python syntax check failed for '<staging>/wheel/dbtlabs/proto/public/v1/common/vortex_options_pb2_grpc.py' (no source was executed)"
813,supabase-auth,2.31.0,incompatible,syntax,True,False,verified_artifact,3,23,20,supabase_auth-2.31.0-py3-none-any.whl,5e9c8b4ecdee6af04dbcb06455ce78cb15674806fcb6b425170455307d70b0ee,>=3.9,"Verified wheel source fails compilation at supabase_auth/_async/gotrue_admin_api.py. This is the first concrete blocker; later files were not checked.
Traceback (most recent call last):
  File ""<staging>/wheel/supabase_auth/_async/gotrue_admin_api.py"", line 42
    *,
SyntaxError: expected '@id', got ','
error: Python syntax check failed for '<staging>/wheel/supabase_auth/_async/gotrue_admin_api.py' (no source was executed)"
814,supabase-functions,2.31.0,incompatible,syntax,True,False,verified_artifact,1,8,7,supabase_functions-2.31.0-py3-none-any.whl,3fdc4c4766152bfda63bdd0e286fc8a06f50e1280711fae4a1dfc9b7e9ebabc6,>=3.9,"Verified wheel source fails compilation at supabase_functions/__init__.py. This is the first concrete blocker; later files were not checked.
Traceback (most recent call last):
  File ""<staging>/wheel/supabase_functions/__init__.py"", line 19
    url: str, headers: dict[str, str], *, is_async: Literal[True], verify: bool
SyntaxError: expected '@id', got ','
error: Python syntax check failed for '<staging>/wheel/supabase_functions/__init__.py' (no source was executed)"
815,einops,0.8.2,incompatible,syntax,True,False,verified_artifact,2,26,24,einops-0.8.2-py3-none-any.whl,54058201ac7087911181bfec4af6091bb59380360f069276601256a76af08193,>=3.9,"Verified wheel source fails compilation at einops/_backends.py. This is the first concrete blocker; later files were not checked.
Traceback (most recent call last):
  File ""<staging>/wheel/einops/_backends.py"", line 375
    return tuple(UnknownSize() if d is None else int(d) for d in x.shape)
SyntaxError: expected ')', got 'for'
error: Python syntax check failed for '<staging>/wheel/einops/_backends.py' (no source was executed)"
816,olefile,0.47,incompatible,syntax,True,False,verified_artifact,3,4,1,olefile-0.47-py2.py3-none-any.whl,543c7da2a7adadf21214938bb79c83ea12b473a4b6ee4ad4bf854e7715e13d1f,">=2.7, !=3.0.*, !=3.1.*, !=3.2.*, !=3.3.*, !=3.4.*","Verified wheel source fails compilation at olefile/olefile.py. This is the first concrete blocker; later files were not checked.
Traceback (most recent call last):
  File ""<staging>/wheel/olefile/olefile.py"", line 164
    def get_logger(name, level=logging.CRITICAL+1):
SyntaxError: expected a literal, got '@id'
error: Python syntax check failed for '<staging>/wheel/olefile/olefile.py' (no source was executed)"
817,sshtunnel,0.4.0,incompatible,syntax,True,False,verified_artifact,1,1,0,sshtunnel-0.4.0-py2.py3-none-any.whl,98e54c26f726ab8bd42b47a3a21fca5c3e60f58956f0f70de2fb8ab0046d0606,,"Verified wheel source fails compilation at sshtunnel.py. This is the first concrete blocker; later files were not checked.
Traceback (most recent call last):
  File ""<staging>/wheel/sshtunnel.py"", line 114
    if not (os.path.exists(address) or
SyntaxError: expected an expression, got @eol
error: Python syntax check failed for '<staging>/wheel/sshtunnel.py' (no source was executed)"
818,hvac,2.4.0,incompatible,syntax,True,False,verified_artifact,2,68,66,hvac-2.4.0-py3-none-any.whl,008db5efd8c2f77bd37d2368ea5f713edceae1c65f11fd608393179478649e0f,">=3.8,<4.0","Verified wheel source fails compilation at hvac/adapters.py. This is the first concrete blocker; later files were not checked.
Traceback (most recent call last):
  File ""<staging>/wheel/hvac/adapters.py"", line 14
    class Adapter(metaclass=ABCMeta):
SyntaxError: expected ')', got '='
error: Python syntax check failed for '<staging>/wheel/hvac/adapters.py' (no source was executed)"
819,validators,0.35.0,incompatible,syntax,True,False,verified_artifact,3,32,29,validators-0.35.0-py3-none-any.whl,e8c947097eae7892cb3d26868d637f79f47b4a0554bc6b80065dfe5aac3705dd,>=3.9,"Verified wheel source fails compilation at validators/between.py. This is the first concrete blocker; later files were not checked.
Traceback (most recent call last):
  File ""<staging>/wheel/validators/between.py"", line 17
    /,
SyntaxError: expected '@id', got '/'
error: Python syntax check failed for '<staging>/wheel/validators/between.py' (no source was executed)"
820,hyperlink,21.0.0,incompatible,syntax,True,False,verified_artifact,2,13,11,hyperlink-21.0.0-py2.py3-none-any.whl,e6b14c37ecb73e89c77d78cdb4c2cc8f3fb59a885c5b3f819ff4ed80f25af1b4,">=2.6, !=3.0.*, !=3.1.*, !=3.2.*, !=3.3.*","Verified wheel source fails compilation at hyperlink/_socket.py. This is the first concrete blocker; later files were not checked.
Traceback (most recent call last):
  File ""<staging>/wheel/hyperlink/_socket.py"", line 49
    != 0
SyntaxError: expected ')', got '!='
error: Python syntax check failed for '<staging>/wheel/hyperlink/_socket.py' (no source was executed)"
821,strictyaml,1.7.3,incompatible,syntax,True,False,verified_artifact,3,41,38,strictyaml-1.7.3-py3-none-any.whl,fb5c8a4edb43bebb765959e420f9b3978d7f1af88c80606c03fb420888f5d1c7,>=3.7.0,"Verified wheel source fails compilation at strictyaml/compound.py. This is the first concrete blocker; later files were not checked.
Traceback (most recent call last):
  File ""<staging>/wheel/strictyaml/compound.py"", line 132
    and (key.default is not None or not key.drop_if_none)
SyntaxError: expected '}', got 'and'
error: Python syntax check failed for '<staging>/wheel/strictyaml/compound.py' (no source was executed)"
822,py-spy,0.4.2,incompatible,native_only,False,False,metadata,0,,,py_spy-0.4.2-py2.py3-none-macosx_10_12_x86_64.macosx_11_0_arm64.macosx_10_12_universal2.whl,1ccf688393105111684435f035bc14ec3f22117dd2b85b2414612cf27a22755a,,The selected release has no generic Python3 pure wheel; its published wheels require a platform/ABI or a different Python implementation tag. Artifact bytes were not downloaded. Older releases and source builds were not evaluated.
823,pfzy,0.3.4,incompatible,syntax,True,False,verified_artifact,1,4,3,pfzy-0.3.4-py3-none-any.whl,5f50d5b2b3207fa72e7ec0ef08372ef652685470974a107d0d4999fc5a903a96,">=3.7,<4.0","Verified wheel source fails compilation at pfzy/__init__.py. This is the first concrete blocker; later files were not checked.
Traceback (most recent call last):
  File ""<staging>/wheel/pfzy/__init__.py"", line 1
    from pfzy.match import fuzzy_match
SyntaxError: expected '@id', got 'match'
error: Python syntax check failed for '<staging>/wheel/pfzy/__init__.py' (no source was executed)"
824,tree-sitter-c-sharp,0.23.5,incompatible,native_only,False,False,metadata,0,,,tree_sitter_c_sharp-0.23.5-cp310-abi3-macosx_10_9_x86_64.whl,61e1981cf21b09ee547b9c4c68e64fb4394325f8fc8d5f6d50d41471eba923ea,>=3.9,The selected release has no generic Python3 pure wheel; its published wheels require a platform/ABI or a different Python implementation tag. Artifact bytes were not downloaded. Older releases and source builds were not evaluated.
825,scikit-image,0.26.0,incompatible,native_only,False,False,metadata,0,,,scikit_image-0.26.0-cp311-cp311-macosx_10_9_x86_64.whl,b1ede33a0fb3731457eaf53af6361e73dd510f449dac437ab54573b26788baf0,>=3.11,The selected release has no generic Python3 pure wheel; its published wheels require a platform/ABI or a different Python implementation tag. Artifact bytes were not downloaded. Older releases and source builds were not evaluated.
826,cloudpathlib,0.25.0,incompatible,syntax,True,False,verified_artifact,2,29,27,cloudpathlib-0.25.0-py3-none-any.whl,8faef3ed3a0dd71d134e8617b4fdc5ce56a12a6b485c080cfe80106e5f1d1f5d,>=3.9,"Verified wheel source fails compilation at cloudpathlib/anypath.py. This is the first concrete blocker; later files were not checked.
Traceback (most recent call last):
  File ""<staging>/wheel/cloudpathlib/anypath.py"", line 36
    f""CloudPath exception: {repr(cloudpath_exception)} ""
SyntaxError: expected ')', got '@fstr-begin'
error: Python syntax check failed for '<staging>/wheel/cloudpathlib/anypath.py' (no source was executed)"
827,lupa,2.8,incompatible,native_only,False,False,metadata,0,,,lupa-2.8-cp310-abi3-win32.whl,c2a5fd15dc62374e1661a55f01744c9ec1c56f291ba4a0749d3af2174556e78f,>=3.8,The selected release has no generic Python3 pure wheel; its published wheels require a platform/ABI or a different Python implementation tag. Artifact bytes were not downloaded. Older releases and source builds were not evaluated.
828,inquirerpy,0.3.4,incompatible,syntax,True,False,verified_artifact,3,29,26,InquirerPy-0.3.4-py3-none-any.whl,c65fdfbac1fa00e3ee4fb10679f4d3ed7a012abf4833910e63c295827fe2a7d4,">=3.7,<4.0","Verified wheel source fails compilation at InquirerPy/base/complex.py. This is the first concrete blocker; later files were not checked.
Traceback (most recent call last):
  File ""<staging>/wheel/InquirerPy/base/complex.py"", line 210
    async def _run_async(self) -> None:
SyntaxError: expected statement end
error: Python syntax check failed for '<staging>/wheel/InquirerPy/base/complex.py' (no source was executed)"
829,spacy,3.8.16,incompatible,native_only,False,False,metadata,0,,,spacy-3.8.16-cp310-cp310-macosx_10_9_x86_64.whl,32fe82bfbe6711a4687e427c8eec44af7cd5e09322a252b35bc8166aa84b9025,"<3.15,>=3.9",The selected release has no generic Python3 pure wheel; its published wheels require a platform/ABI or a different Python implementation tag. Artifact bytes were not downloaded. Older releases and source builds were not evaluated.
830,instructor,1.16.0,incompatible,syntax,True,False,verified_artifact,1,195,194,instructor-1.16.0-py3-none-any.whl,313ac2ef4f13a4828889a24d65ad3ed63d794506759bd3412c4b71eda197db33,"<4.0,>=3.9","Verified wheel source fails compilation at instructor/__init__.py. This is the first concrete blocker; later files were not checked.
Traceback (most recent call last):
  File ""<staging>/wheel/instructor/__init__.py"", line 176
    if all(importlib.util.find_spec(package) is not None for package in packages):
SyntaxError: expected ')', got 'for'
error: Python syntax check failed for '<staging>/wheel/instructor/__init__.py' (no source was executed)"
831,leather,0.4.1,incompatible,syntax,True,False,verified_artifact,3,28,25,leather-0.4.1-py3-none-any.whl,ec61cba1ca3ccb96ed90e38b116fc58757d97d352171006b3288c47ce3fbd183,,"Verified wheel source fails compilation at leather/chart.py. This is the first concrete blocker; later files were not checked.
Traceback (most recent call last):
  File ""<staging>/wheel/leather/chart.py"", line 35
    return (color for color in self._series_colors)
SyntaxError: expected ')', got 'for'
error: Python syntax check failed for '<staging>/wheel/leather/chart.py' (no source was executed)"
832,pytest-runner,6.0.1,incompatible,syntax,True,False,verified_artifact,1,1,0,pytest_runner-6.0.1-py3-none-any.whl,ea326ed6f6613992746062362efab70212089a4209c08d67177b3df1c52cd9f2,>=3.7,"Verified wheel source fails compilation at ptr/__init__.py. This is the first concrete blocker; later files were not checked.
Traceback (most recent call last):
  File ""<staging>/wheel/ptr/__init__.py"", line 25
    finally:
SyntaxError: finally clause is not supported yet
error: Python syntax check failed for '<staging>/wheel/ptr/__init__.py' (no source was executed)"
833,google-pasta,0.2.0,incompatible,syntax,True,False,verified_artifact,4,24,20,google_pasta-0.2.0-py3-none-any.whl,b32482794a366b5366a32c92a9a9201b107821889935a02b3e51f6b432ea84ed,,"Verified wheel source fails compilation at pasta/augment/import_utils.py. This is the first concrete blocker; later files were not checked.
Traceback (most recent call last):
  File ""<staging>/wheel/pasta/augment/import_utils.py"", line 57
    existing_ref = next((ref for ref in sc.external_references[name_to_import]
SyntaxError: expected ')', got 'for'
error: Python syntax check failed for '<staging>/wheel/pasta/augment/import_utils.py' (no source was executed)"
834,yfinance,1.7.0,incompatible,syntax,True,False,verified_artifact,1,34,33,yfinance-1.7.0-py3-none-any.whl,91281ecd1f71069a37155ff8653aff2d3085f3492bd8721f18b70955da62911a,,"Verified wheel source fails compilation at yfinance/__init__.py. This is the first concrete blocker; later files were not checked.
Traceback (most recent call last):
  File ""<staging>/wheel/yfinance/__init__.py"", line 54
    def set_config(proxy=_NOTSET, retries=_NOTSET):
SyntaxError: expected a literal, got '@id'
error: Python syntax check failed for '<staging>/wheel/yfinance/__init__.py' (no source was executed)"
835,diff-cover,10.5.1,incompatible,syntax,True,False,verified_artifact,2,18,16,diff_cover-10.5.1-py3-none-any.whl,67ce07494e605b5d7d7b04aeec2cf524950ed0c12f026dd176883cf33c74fba0,>=3.10,"Verified wheel source fails compilation at diff_cover/command_runner.py. This is the first concrete blocker; later files were not checked.
Traceback (most recent call last):
  File ""<staging>/wheel/diff_cover/command_runner.py"", line 42
    raise ExecutableNotFoundError(_executable_not_found_message(command)) from exc
SyntaxError: expected statement end
error: Python syntax check failed for '<staging>/wheel/diff_cover/command_runner.py' (no source was executed)"
836,schema,0.7.8,incompatible,syntax,True,False,verified_artifact,1,1,0,schema-0.7.8-py2.py3-none-any.whl,00bd977fadc7d9521bf289850cd8a8aa5f4948f575476b8daaa5c1b57af2dce1,,"Verified wheel source fails compilation at schema/__init__.py. This is the first concrete blocker; later files were not checked.
Traceback (most recent call last):
  File ""<staging>/wheel/schema/__init__.py"", line 145
    return f""{self.__class__.__name__}({', '.join(repr(a) for a in self._args)})""
SyntaxError: expected ')', got 'for'
error: Python syntax check failed for '<staging>/wheel/schema/__init__.py' (no source was executed)"
837,alabaster,1.0.0,unverified,unverified,True,True,verified_artifact,2,2,0,alabaster-1.0.0-py3-none-any.whl,fc6786402dc3fcb2de3cabd5fe455a2db534b371124f1f21de8731783dec828b,>=3.10,"All 2 Python source files compile. Imports, runtime APIs, dependency closure, assets, and behavior were not exercised; this is not a tested compatibility result."
838,sphinxcontrib-serializinghtml,2.0.0,unverified,unverified,True,True,verified_artifact,2,2,0,sphinxcontrib_serializinghtml-2.0.0-py3-none-any.whl,6e2cb0eef194e10c27ec0023bfeb25badbbb5868244cf5bc5bdc04e4464bf331,>=3.9,"All 2 Python source files compile. Imports, runtime APIs, dependency closure, assets, and behavior were not exercised; this is not a tested compatibility result."
839,vcrpy,8.3.0,incompatible,syntax,True,False,verified_artifact,2,29,27,vcrpy-8.3.0-py3-none-any.whl,bd66e6143746778157f00e2a922527a8d96b2fdc350be8988a45a29c843815b9,>=3.10,"Verified wheel source fails compilation at vcr/_handle_coroutine.py. This is the first concrete blocker; later files were not checked.
Traceback (most recent call last):
  File ""<staging>/wheel/vcr/_handle_coroutine.py"", line 1
    async def handle_coroutine(vcr, fn):
SyntaxError: expected statement end
error: Python syntax check failed for '<staging>/wheel/vcr/_handle_coroutine.py' (no source was executed)"
840,langfuse,4.15.1,incompatible,syntax,True,False,verified_artifact,2,671,669,langfuse-4.15.1-py3-none-any.whl,795760693a62895157b6f5d6c80f1ad524fd12380995f06f82fc3a627b88c8d4,">=3.10, <4.0","Verified wheel source fails compilation at langfuse/_client/attributes.py. This is the first concrete blocker; later files were not checked.
Traceback (most recent call last):
  File ""<staging>/wheel/langfuse/_client/attributes.py"", line 77
    *,
SyntaxError: expected '@id', got ','
error: Python syntax check failed for '<staging>/wheel/langfuse/_client/attributes.py' (no source was executed)"
841,catalogue,2.0.10,incompatible,syntax,True,False,verified_artifact,1,5,4,catalogue-2.0.10-py3-none-any.whl,58c2de0020aa90f4a2da7dfad161bf7b3b054c86a5f09fcedc0b2b740c109a9f,>=3.6,"Verified wheel source fails compilation at catalogue/__init__.py. This is the first concrete blocker; later files were not checked.
Traceback (most recent call last):
  File ""<staging>/wheel/catalogue/__init__.py"", line 65
    self, name: str, *, func: Optional[Any] = None
SyntaxError: expected '@id', got ','
error: Python syntax check failed for '<staging>/wheel/catalogue/__init__.py' (no source was executed)"
842,grpc-interceptor,0.15.4,incompatible,syntax,True,False,verified_artifact,2,10,8,grpc_interceptor-0.15.4-py3-none-any.whl,0035f33228693ed3767ee49d937bac424318db173fef4d2d0170b3215f254d9d,">=3.7,<4.0","Verified wheel source fails compilation at grpc_interceptor/client.py. This is the first concrete blocker; later files were not checked.
Traceback (most recent call last):
  File ""<staging>/wheel/grpc_interceptor/client.py"", line 18
    class ClientCallDetails(_ClientCallDetailsFields, grpc.ClientCallDetails):
SyntaxError: expected ')', got ','
error: Python syntax check failed for '<staging>/wheel/grpc_interceptor/client.py' (no source was executed)"
843,boltons,26.1.0,incompatible,syntax,True,False,verified_artifact,2,30,28,boltons-26.1.0-py3-none-any.whl,1d966b165805b83600b31af9f0db672e3b3313d9de438e22708a94ac5f4c93de,>=3.7,"Verified wheel source fails compilation at boltons/cacheutils.py. This is the first concrete blocker; later files were not checked.
Traceback (most recent call last):
  File ""<staging>/wheel/boltons/cacheutils.py"", line 116
    def __init__(self, max_size=DEFAULT_MAX_SIZE, values=None,
SyntaxError: expected a literal, got '@id'
error: Python syntax check failed for '<staging>/wheel/boltons/cacheutils.py' (no source was executed)"
844,python-http-client,3.3.7,unverified,unverified,True,True,verified_artifact,3,3,0,python_http_client-3.3.7-py3-none-any.whl,ad371d2bbedc6ea15c26179c6222a78bc9308d272435ddf1d5c84f068f249a36,">=2.7, !=3.0.*, !=3.1.*, !=3.2.*, !=3.3.*","All 3 Python source files compile. Imports, runtime APIs, dependency closure, assets, and behavior were not exercised; this is not a tested compatibility result."
845,dbt-extractor,0.6.0,incompatible,native_only,False,False,metadata,0,,,dbt_extractor-0.6.0-cp39-abi3-macosx_10_12_x86_64.macosx_11_0_arm64.macosx_10_12_universal2.whl,4b6b1e70dde78cb904ca7a8958c2c803e77779b6ce108f4ea7ac479f5700db89,>=3.9,The selected release has no generic Python3 pure wheel; its published wheels require a platform/ABI or a different Python implementation tag. Artifact bytes were not downloaded. Older releases and source builds were not evaluated.
846,opentelemetry-instrumentation-aiohttp-client,0.65b0,incompatible,syntax,True,False,verified_artifact,1,3,2,opentelemetry_instrumentation_aiohttp_client-0.65b0-py3-none-any.whl,3a060efa53fa44d02ba7372a7ed2b42cdfa6be6df81b089845067ad840e25729,>=3.10,"Verified wheel source fails compilation at opentelemetry/instrumentation/aiohttp_client/__init__.py. This is the first concrete blocker; later files were not checked.
Traceback (most recent call last):
  File ""<staging>/wheel/opentelemetry/instrumentation/aiohttp_client/__init__.py"", line 277
    class ClientSessionInitKwargs(TypedDict, total=False):
SyntaxError: expected ')', got ','
error: Python syntax check failed for '<staging>/wheel/opentelemetry/instrumentation/aiohttp_client/__init__.py' (no source was executed)"
847,feedparser,6.0.14,incompatible,syntax,True,False,verified_artifact,2,32,30,feedparser-6.0.14-py3-none-any.whl,e35e3f760151b0c3b22cac9684155cae186a233e16c49bcbc6c49e91e3131137,>=3.10,"Verified wheel source fails compilation at feedparser/api.py. This is the first concrete blocker; later files were not checked.
Traceback (most recent call last):
  File ""<staging>/wheel/feedparser/api.py"", line 130
    else:
SyntaxError: expected an expression, got else
error: Python syntax check failed for '<staging>/wheel/feedparser/api.py' (no source was executed)"
848,service-identity,26.1.0,incompatible,syntax,True,False,verified_artifact,2,5,3,service_identity-26.1.0-py3-none-any.whl,68c32dadbb69135fb951077677e07cd7f6031020f3a8c8f47a28cda8a0742118,>=3.8,"Verified wheel source fails compilation at service_identity/cryptography.py. This is the first concrete blocker; later files were not checked.
Traceback (most recent call last):
  File ""<staging>/wheel/service_identity/cryptography.py"", line 138
    else:
SyntaxError: expected an expression, got else
error: Python syntax check failed for '<staging>/wheel/service_identity/cryptography.py' (no source was executed)"
849,pydata-google-auth,1.9.1,incompatible,syntax,True,False,verified_artifact,4,7,3,pydata_google_auth-1.9.1-py2.py3-none-any.whl,75ffce5d106e34b717b31844c1639ea505b7d9550dc23b96fb6c20d086b53fa3,>=3.9,"Verified wheel source fails compilation at pydata_google_auth/_webserver.py. This is the first concrete blocker; later files were not checked.
Traceback (most recent call last):
  File ""<staging>/wheel/pydata_google_auth/_webserver.py"", line 34
    else:
SyntaxError: expected an expression, got else
error: Python syntax check failed for '<staging>/wheel/pydata_google_auth/_webserver.py' (no source was executed)"
850,py-cpuinfo,9.0.0,incompatible,syntax,True,False,verified_artifact,3,3,0,py_cpuinfo-9.0.0-py3-none-any.whl,859625bc251f64e21f077d099d4162689c762b5d6a4c3c97553d56241c9674d5,,"Verified wheel source fails compilation at cpuinfo/cpuinfo.py. This is the first concrete blocker; later files were not checked.
Traceback (most recent call last):
  File ""<staging>/wheel/cpuinfo/cpuinfo.py"", line 462
    ticks = """".join(n for n in ticks if n.isdigit() or n=='.').strip()
SyntaxError: expected ')', got 'for'
error: Python syntax check failed for '<staging>/wheel/cpuinfo/cpuinfo.py' (no source was executed)"
851,tree-sitter-javascript,0.25.0,incompatible,native_only,False,False,metadata,0,,,tree_sitter_javascript-0.25.0-cp310-abi3-macosx_10_9_x86_64.whl,b70f887fb269d6e58c349d683f59fa647140c410cfe2bee44a883b20ec92e3dc,>=3.10,The selected release has no generic Python3 pure wheel; its published wheels require a platform/ABI or a different Python implementation tag. Artifact bytes were not downloaded. Older releases and source builds were not evaluated.
852,great-expectations,1.22.0,incompatible,syntax,True,False,verified_artifact,2,494,492,great_expectations-1.22.0-py3-none-any.whl,57aabb4df2fd65f85ff1cbacc3fb2d105b81a0a928f650233b31a905dcc3b2f1,">=3.10,<3.14","Verified wheel source fails compilation at great_expectations/__main__.py. This is the first concrete blocker; later files were not checked.
Traceback (most recent call last):
  File ""<staging>/wheel/great_expectations/__main__.py"", line 92
    ""directory. Pass the path of the project you want the skills reported for.""
SyntaxError: expected ')', got '@str'
error: Python syntax check failed for '<staging>/wheel/great_expectations/__main__.py' (no source was executed)"
853,databricks-sqlalchemy,2.0.10,incompatible,syntax,True,False,verified_artifact,3,7,4,databricks_sqlalchemy-2.0.10-py3-none-any.whl,47ad32cc8660bf11fbe1ad8065f976264f7d2399e517144518e77fd6f5ba90b4,">=3.8.0,<4.0.0","Verified wheel source fails compilation at databricks/sqlalchemy/_ddl.py. This is the first concrete blocker; later files were not checked.
Traceback (most recent call last):
  File ""<staging>/wheel/databricks/sqlalchemy/_ddl.py"", line 159
    and not kw.get(""escaped_from"")
SyntaxError: expected ')', got 'and'
error: Python syntax check failed for '<staging>/wheel/databricks/sqlalchemy/_ddl.py' (no source was executed)"
854,aws-requests-auth,0.4.3,incompatible,syntax,True,False,verified_artifact,2,3,1,aws_requests_auth-0.4.3-py2.py3-none-any.whl,646bc37d62140ea1c709d20148f5d43197e6bd2d63909eb36fa4bb2345759977,,"Verified wheel source fails compilation at aws_requests_auth/aws_auth.py. This is the first concrete blocker; later files were not checked.
Traceback (most recent call last):
  File ""<staging>/wheel/aws_requests_auth/aws_auth.py"", line 118
    canonical_headers = ('host:' + self.aws_host + '\n' +
SyntaxError: expected an expression, got @eol
error: Python syntax check failed for '<staging>/wheel/aws_requests_auth/aws_auth.py' (no source was executed)"
855,thinc,9.1.1,incompatible,native_only,False,False,metadata,0,,,thinc-9.1.1-cp310-cp310-macosx_10_9_x86_64.whl,9c4a19eab36f246f49c3fd662a4442e07839a3f93a34b48867c9857587f9c518,>=3.9,The selected release has no generic Python3 pure wheel; its published wheels require a platform/ABI or a different Python implementation tag. Artifact bytes were not downloaded. Older releases and source builds were not evaluated.
856,requests-mock,1.12.1,incompatible,syntax,True,False,verified_artifact,2,9,7,requests_mock-1.12.1-py2.py3-none-any.whl,b1e37054004cdd5e56c84454cc7df12b25f90f382159087f4b6915aaeef39563,>=3.5,"Verified wheel source fails compilation at requests_mock/adapter.py. This is the first concrete blocker; later files were not checked.
Traceback (most recent call last):
  File ""<staging>/wheel/requests_mock/adapter.py"", line 208
    return (self._match_method(request) and
SyntaxError: expected an expression, got @eol
error: Python syntax check failed for '<staging>/wheel/requests_mock/adapter.py' (no source was executed)"
857,lockfile,0.12.2,incompatible,syntax,True,False,verified_artifact,1,6,5,lockfile-0.12.2-py2.py3-none-any.whl,6c3cb24f344923d30b2785d5ad75182c8ea7ac1b6171b08657258ec7429d50fa,,"Verified wheel source fails compilation at lockfile/__init__.py. This is the first concrete blocker; later files were not checked.
Traceback (most recent call last):
  File ""<staging>/wheel/lockfile/__init__.py"", line 334
    finally:
SyntaxError: finally clause is not supported yet
error: Python syntax check failed for '<staging>/wheel/lockfile/__init__.py' (no source was executed)"
858,sendgrid,6.12.5,incompatible,syntax,True,False,verified_artifact,49,98,49,sendgrid-6.12.5-py3-none-any.whl,96f92cc91634bf552fdb766b904bbb53968018da7ae41fdac4d1090dc0311ca8,">=2.7, !=3.0.*, !=3.1.*, !=3.2.*, !=3.3.*, !=3.4.*","Verified wheel source fails compilation at sendgrid/helpers/mail/mail.py. This is the first concrete blocker; later files were not checked.
Traceback (most recent call last):
  File ""<staging>/wheel/sendgrid/helpers/mail/mail.py"", line 125
    return {k: v for d in list_of_dicts for k, v in d.items()}
SyntaxError: expected '}', got 'for'
error: Python syntax check failed for '<staging>/wheel/sendgrid/helpers/mail/mail.py' (no source was executed)"
859,ldap3,2.9.1,incompatible,syntax,True,False,verified_artifact,3,111,108,ldap3-2.9.1-py2.py3-none-any.whl,5869596fc4948797020d3f03b7939da938778a0f9e2009f7a072ccf92b8e8d70,,"Verified wheel source fails compilation at ldap3/abstract/attrDef.py. This is the first concrete blocker; later files were not checked.
Traceback (most recent call last):
  File ""<staging>/wheel/ldap3/abstract/attrDef.py"", line 57
    def __init__(self, name, key=None, validate=None, pre_query=None, post_query=None, default=NotImplemented, dereference_dn=None, description=None, mandatory=False, single_value=None, alias=None):
SyntaxError: expected a literal, got '@id'
error: Python syntax check failed for '<staging>/wheel/ldap3/abstract/attrDef.py' (no source was executed)"
860,pydeck,0.9.3,incompatible,syntax,True,False,verified_artifact,5,33,28,pydeck-0.9.3-py2.py3-none-any.whl,d8a47c11c81fb12d51b1feb42427ff4f0e13cb599e48931021b2cba98b6849a6,>=3.8,"Verified wheel source fails compilation at pydeck/bindings/deck.py. This is the first concrete blocker; later files were not checked.
Traceback (most recent call last):
  File ""<staging>/wheel/pydeck/bindings/deck.py"", line 34
    views=[View(type=""MapView"", controller=True)],
SyntaxError: expected a literal, got '['
error: Python syntax check failed for '<staging>/wheel/pydeck/bindings/deck.py' (no source was executed)"
861,oracledb,4.0.2,incompatible,native_only,False,False,metadata,0,,,oracledb-4.0.2-cp310-cp310-macosx_10_9_universal2.whl,04fd67692b3cdea2ac7135e6f87c82ce9035f3caa0891a26710a4c654f1e375e,>=3.9,The selected release has no generic Python3 pure wheel; its published wheels require a platform/ABI or a different Python implementation tag. Artifact bytes were not downloaded. Older releases and source builds were not evaluated.
862,pymdown-extensions,11.0.2,incompatible,syntax,True,False,verified_artifact,3,43,40,pymdown_extensions-11.0.2-py3-none-any.whl,259910762019732caa1dfd76f3faa62c59f191d46573e80bcb1d13c0f675bbe5,>=3.10,"Verified wheel source fails compilation at pymdownx/_bypassnorm.py. This is the first concrete blocker; later files were not checked.
Traceback (most recent call last):
  File ""<staging>/wheel/pymdownx/_bypassnorm.py"", line 20
    SOH = '\u0001'  # start
SyntaxError: invalid escape char
error: Python syntax check failed for '<staging>/wheel/pymdownx/_bypassnorm.py' (no source was executed)"
863,lightgbm,4.7.0,incompatible,native_only,False,False,metadata,0,,,lightgbm-4.7.0-py3-none-macosx_10_15_x86_64.whl,dfc1cfe8e760387be1e7ba7a214688be21fdff96e4ed9749188f83e1877c2477,>=3.10,The selected release has no generic Python3 pure wheel; its published wheels require a platform/ABI or a different Python implementation tag. Artifact bytes were not downloaded. Older releases and source builds were not evaluated.
864,youtube-transcript-api,1.2.4,incompatible,syntax,True,False,verified_artifact,3,15,12,youtube_transcript_api-1.2.4-py3-none-any.whl,03878759356da5caf5edac77431780b91448fb3d8c21d4496015bdc8a7bc43ff,">=3.8,<3.15","Verified wheel source fails compilation at youtube_transcript_api/_api.py. This is the first concrete blocker; later files were not checked.
Traceback (most recent call last):
  File ""<staging>/wheel/youtube_transcript_api/_api.py"", line 72
    .find_transcript(languages)
SyntaxError: expected ')', got '.'
error: Python syntax check failed for '<staging>/wheel/youtube_transcript_api/_api.py' (no source was executed)"
865,questionary,2.1.1,incompatible,syntax,True,False,verified_artifact,3,19,16,questionary-2.1.1-py3-none-any.whl,a51af13f345f1cdea62347589fbb6df3b290306ab8930713bfae4d475a7d4a59,>=3.9,"Verified wheel source fails compilation at questionary/form.py. This is the first concrete blocker; later files were not checked.
Traceback (most recent call last):
  File ""<staging>/wheel/questionary/form.py"", line 32
    return Form(*(FormField(k, q) for k, q in kwargs.items()))
SyntaxError: expected ')', got 'for'
error: Python syntax check failed for '<staging>/wheel/questionary/form.py' (no source was executed)"
866,weasel,1.0.0,incompatible,syntax,True,False,verified_artifact,5,38,33,weasel-1.0.0-py3-none-any.whl,89518acee027f49d743126c3502d35e6dd14f5768be5c37c9af47c171b6005cc,>=3.7,"Verified wheel source fails compilation at weasel/cli/assets.py. This is the first concrete blocker; later files were not checked.
Traceback (most recent call last):
  File ""<staging>/wheel/weasel/cli/assets.py"", line 27
    project_dir: Path = Arg(Path.cwd(), help=""Path to cloned project. Defaults to current working directory."", exists=True, file_okay=False),
SyntaxError: expected a literal, got '@id'
error: Python syntax check failed for '<staging>/wheel/weasel/cli/assets.py' (no source was executed)"
867,wandb,0.29.0,incompatible,native_only,False,False,metadata,0,,,wandb-0.29.0-py3-none-macosx_13_0_arm64.whl,c9efa966c3bf7b7a80bf461e4856546f0592cbb6a47e6f292db4d8e7270dab73,>=3.10,The selected release has no generic Python3 pure wheel; its published wheels require a platform/ABI or a different Python implementation tag. Artifact bytes were not downloaded. Older releases and source builds were not evaluated.
868,mlflow-tracing,3.16.0,incompatible,syntax,True,False,verified_artifact,3,605,602,mlflow_tracing-3.16.0-py3-none-any.whl,383b920d5421f8f596a73bbc698f065ac62c4277146d2bdb2352096ec528bcb2,>=3.10,"Verified wheel source fails compilation at mlflow/agno/__init__.py. This is the first concrete blocker; later files were not checked.
Traceback (most recent call last):
  File ""<staging>/wheel/mlflow/agno/__init__.py"", line 13
    def autolog(*, log_traces: bool = True, disable: bool = False, silent: bool = False) -> None:
SyntaxError: expected '@id', got ','
error: Python syntax check failed for '<staging>/wheel/mlflow/agno/__init__.py' (no source was executed)"
869,opentelemetry-distro,0.65b0,unverified,unverified,True,True,verified_artifact,2,2,0,opentelemetry_distro-0.65b0-py3-none-any.whl,0e15bb1a54c638e6c361bc66bc43e9de9ead442e1ae06f8099a2c1d27b6ef845,>=3.10,"All 2 Python source files compile. Imports, runtime APIs, dependency closure, assets, and behavior were not exercised; this is not a tested compatibility result."
870,flask-sqlalchemy,3.1.1,incompatible,syntax,True,False,verified_artifact,3,10,7,flask_sqlalchemy-3.1.1-py3-none-any.whl,4ba4be7f419dc72f4efd8802d69974803c37259dd42f3913b0dcf75c9447e0a0,>=3.8,"Verified wheel source fails compilation at flask_sqlalchemy/extension.py. This is the first concrete blocker; later files were not checked.
Traceback (most recent call last):
  File ""<staging>/wheel/flask_sqlalchemy/extension.py"", line 167
    *,
SyntaxError: *args should be placed before **kwargs
error: Python syntax check failed for '<staging>/wheel/flask_sqlalchemy/extension.py' (no source was executed)"
871,msrestazure,0.6.4.post1,incompatible,syntax,True,False,verified_artifact,4,11,7,msrestazure-0.6.4.post1-py2.py3-none-any.whl,2264493b086c2a0a82ddf5fd87b35b3fffc443819127fed992ac5028354c151e,,"Verified wheel source fails compilation at msrestazure/azure_configuration.py. This is the first concrete blocker; later files were not checked.
Traceback (most recent call last):
  File ""<staging>/wheel/msrestazure/azure_configuration.py"", line 95
    finally:
SyntaxError: finally clause is not supported yet
error: Python syntax check failed for '<staging>/wheel/msrestazure/azure_configuration.py' (no source was executed)"
872,accelerate,1.14.0,incompatible,syntax,True,False,verified_artifact,2,84,82,accelerate-1.14.0-py3-none-any.whl,e94390c2863b873be18f623f9df48a0d8fe5eff13ea7f1a00092b0a7904888c6,>=3.10.0,"Verified wheel source fails compilation at accelerate/accelerator.py. This is the first concrete blocker; later files were not checked.
Traceback (most recent call last):
  File ""<staging>/wheel/accelerate/accelerator.py"", line 282
    split_batches: bool = _split_batches,
SyntaxError: expected a literal, got '@id'
error: Python syntax check failed for '<staging>/wheel/accelerate/accelerator.py' (no source was executed)"
873,aliyun-trace,1.0.3,incompatible,syntax,True,False,verified_artifact,1,4,3,aliyun_trace-1.0.3-py3-none-any.whl,25ba8735d3360766a46eb856e8dc039ef243c4eadc22581c371b0b0726518a6c,>=3.7,"Verified wheel source fails compilation at aliyun/trace/aliyun_llm_trace.py. This is the first concrete blocker; later files were not checked.
Traceback (most recent call last):
  File ""<staging>/wheel/aliyun/trace/aliyun_llm_trace.py"", line 32
    kind: otel_trace.SpanKind = otel_trace.SpanKind.INTERNAL,
SyntaxError: expected a literal, got '@id'
error: Python syntax check failed for '<staging>/wheel/aliyun/trace/aliyun_llm_trace.py' (no source was executed)"
874,aliyun-semantic-conventions,1.2.0,incompatible,syntax,True,False,verified_artifact,2,5,3,aliyun_semantic_conventions-1.2.0-py3-none-any.whl,dac64512fbe962f54b2690fb3c72dd295e88266372e1cdc06f142dd4ccde0014,>=3.7,"Verified wheel source fails compilation at aliyun/semconv/logger/__init__.py. This is the first concrete blocker; later files were not checked.
Traceback (most recent call last):
  File ""<staging>/wheel/aliyun/semconv/logger/__init__.py"", line 13
    def getLogger(logger_name: str, level=logging.INFO):
SyntaxError: expected a literal, got '@id'
error: Python syntax check failed for '<staging>/wheel/aliyun/semconv/logger/__init__.py' (no source was executed)"
875,groq,1.7.0,incompatible,syntax,True,False,verified_artifact,2,94,92,groq-1.7.0-py3-none-any.whl,cb1518f823423d4e52445859eb7d2918a927794cec12f8d5e50d9161e3690fc8,>=3.10,"Verified wheel source fails compilation at groq/_base_client.py. This is the first concrete blocker; later files were not checked.
Traceback (most recent call last):
  File ""<staging>/wheel/groq/_base_client.py"", line 131
    *,
SyntaxError: expected '@id', got ','
error: Python syntax check failed for '<staging>/wheel/groq/_base_client.py' (no source was executed)"
876,pyproj,3.7.2,incompatible,native_only,False,False,metadata,0,,,pyproj-3.7.2-cp311-cp311-macosx_13_0_x86_64.whl,2514d61f24c4e0bb9913e2c51487ecdaeca5f8748d8313c933693416ca41d4d5,>=3.11,The selected release has no generic Python3 pure wheel; its published wheels require a platform/ABI or a different Python implementation tag. Artifact bytes were not downloaded. Older releases and source builds were not evaluated.
877,cached-property,2.0.1,incompatible,syntax,True,False,verified_artifact,1,1,0,cached_property-2.0.1-py3-none-any.whl,f617d70ab1100b7bcf6e42228f9ddcb78c676ffa167278d9f730d1c2fba69ccb,>=3.8,"Verified wheel source fails compilation at cached_property.py. This is the first concrete blocker; later files were not checked.
Traceback (most recent call last):
  File ""<staging>/wheel/cached_property.py"", line 101
    else:
SyntaxError: expected an expression, got else
error: Python syntax check failed for '<staging>/wheel/cached_property.py' (no source was executed)"
878,flask-login,0.6.3,incompatible,syntax,True,False,verified_artifact,4,8,4,Flask_Login-0.6.3-py3-none-any.whl,849b25b82a436bf830a054e74214074af59097171562ab10bfa999e6b78aae5d,>=3.7,"Verified wheel source fails compilation at flask_login/login_manager.py. This is the first concrete blocker; later files were not checked.
Traceback (most recent call last):
  File ""<staging>/wheel/flask_login/login_manager.py"", line 492
    f"" instead got: {duration}""
SyntaxError: expected ')', got '@fstr-begin'
error: Python syntax check failed for '<staging>/wheel/flask_login/login_manager.py' (no source was executed)"
879,pbr,7.0.3,incompatible,syntax,True,False,verified_artifact,4,58,54,pbr-7.0.3-py2.py3-none-any.whl,ff223894eb1cd271a98076b13d3badff3bb36c424074d26334cd25aebeecea6b,>=2.6,"Verified wheel source fails compilation at pbr/_compat/commands.py. This is the first concrete blocker; later files were not checked.
Traceback (most recent call last):
  File ""<staging>/wheel/pbr/_compat/commands.py"", line 50
    for (
SyntaxError: expected '@id', got '('
error: Python syntax check failed for '<staging>/wheel/pbr/_compat/commands.py' (no source was executed)"
880,murmurhash,1.0.15,incompatible,native_only,False,False,metadata,0,,,murmurhash-1.0.15-cp310-cp310-macosx_10_9_x86_64.whl,f4989c16053a9a83b02c520dd00a31f0877d5fd2ab8a9b6b75ed9eba0e25c489,"<3.15,>=3.6",The selected release has no generic Python3 pure wheel; its published wheels require a platform/ABI or a different Python implementation tag. Artifact bytes were not downloaded. Older releases and source builds were not evaluated.
881,azure-keyvault-keys,4.11.2,incompatible,syntax,True,False,verified_artifact,2,73,71,azure_keyvault_keys-4.11.2-py3-none-any.whl,aa5eecd5a5f868d619542c5528bc8edbc9bc71d7ce46721c366a9d3c7cac6759,>=3.9,"Verified wheel source fails compilation at azure/keyvault/keys/_client.py. This is the first concrete blocker; later files were not checked.
Traceback (most recent call last):
  File ""<staging>/wheel/azure/keyvault/keys/_client.py"", line 84
    *,
SyntaxError: expected '@id', got ','
error: Python syntax check failed for '<staging>/wheel/azure/keyvault/keys/_client.py' (no source was executed)"
882,tensorboard,2.21.0,incompatible,syntax,True,False,verified_artifact,3,261,258,tensorboard-2.21.0-py3-none-any.whl,7279316dcb6bd5bc391d623dea841531299cde1887310e8133bc34a996d32255,>=3.9,"Verified wheel source fails compilation at tensorboard/_vendor/bleach/__init__.py. This is the first concrete blocker; later files were not checked.
Traceback (most recent call last):
  File ""<staging>/wheel/tensorboard/_vendor/bleach/__init__.py"", line 24
    tags=ALLOWED_TAGS,
SyntaxError: expected a literal, got '@id'
error: Python syntax check failed for '<staging>/wheel/tensorboard/_vendor/bleach/__init__.py' (no source was executed)"
883,types-urllib3,1.26.25.14,unverified,unverified,True,True,verified_artifact,0,0,0,types_urllib3-1.26.25.14-py3-none-any.whl,9683bbb7fb72e32bfe9d2be6e04875fbe1b3eeec3cbb4ea231435aa7fd6b4f0e,,"The wheel contains no .py source files to compile; it may be a stub, data, or dependency-only distribution. Dependencies, runtime APIs, assets, and behavior were not exercised."
884,sphinxcontrib-htmlhelp,2.1.0,incompatible,syntax,True,False,verified_artifact,1,1,0,sphinxcontrib_htmlhelp-2.1.0-py3-none-any.whl,166759820b47002d22914d64a075ce08f4c46818e17cfc9470a9786b759b19f8,>=3.9,"Verified wheel source fails compilation at sphinxcontrib/htmlhelp/__init__.py. This is the first concrete blocker; later files were not checked.
Traceback (most recent call last):
  File ""<staging>/wheel/sphinxcontrib/htmlhelp/__init__.py"", line 192
    def _escape(match: re.Match[str]) -> str:
SyntaxError: expected '@id', got 'match'
error: Python syntax check failed for '<staging>/wheel/sphinxcontrib/htmlhelp/__init__.py' (no source was executed)"
885,sphinxcontrib-qthelp,2.0.0,incompatible,syntax,True,False,verified_artifact,1,1,0,sphinxcontrib_qthelp-2.0.0-py3-none-any.whl,b18a828cdba941ccd6ee8445dbe72ffa3ef8cbe7505d8cd1fa0d42d3f2d5f3eb,>=3.9,"Verified wheel source fails compilation at sphinxcontrib/qthelp/__init__.py. This is the first concrete blocker; later files were not checked.
Traceback (most recent call last):
  File ""<staging>/wheel/sphinxcontrib/qthelp/__init__.py"", line 114
    for (_group_key, group) in index:
SyntaxError: expected '@id', got '('
error: Python syntax check failed for '<staging>/wheel/sphinxcontrib/qthelp/__init__.py' (no source was executed)"
886,sphinxcontrib-applehelp,2.0.0,incompatible,syntax,True,False,verified_artifact,1,1,0,sphinxcontrib_applehelp-2.0.0-py3-none-any.whl,4cd3f0ec4ac5dd9c17ec65e9ab272c9b867ea77425228e68ecf08d6b28ddbdb5,>=3.9,"Verified wheel source fails compilation at sphinxcontrib/applehelp/__init__.py. This is the first concrete blocker; later files were not checked.
Traceback (most recent call last):
  File ""<staging>/wheel/sphinxcontrib/applehelp/__init__.py"", line 209
    raise AppleHelpIndexerFailed(msg) from err
SyntaxError: expected statement end
error: Python syntax check failed for '<staging>/wheel/sphinxcontrib/applehelp/__init__.py' (no source was executed)"
887,sphinxcontrib-devhelp,2.0.0,incompatible,syntax,True,False,verified_artifact,1,1,0,sphinxcontrib_devhelp-2.0.0-py3-none-any.whl,aefb8b83854e4b0998877524d1029fd3e6879210422ee3780459e28a1f03a8a2,>=3.9,"Verified wheel source fails compilation at sphinxcontrib/devhelp/__init__.py. This is the first concrete blocker; later files were not checked.
Traceback (most recent call last):
  File ""<staging>/wheel/sphinxcontrib/devhelp/__init__.py"", line 119
    for (_group_key, group) in index:
SyntaxError: expected '@id', got '('
error: Python syntax check failed for '<staging>/wheel/sphinxcontrib/devhelp/__init__.py' (no source was executed)"
888,sqlalchemy-utils,0.42.1,incompatible,syntax,True,False,verified_artifact,2,64,62,sqlalchemy_utils-0.42.1-py3-none-any.whl,243cfe1b3a1dae3c74118ae633f1d1e0ed8c787387bc33e556e37c990594ac80,>=3.9,"Verified wheel source fails compilation at sqlalchemy_utils/aggregates.py. This is the first concrete blocker; later files were not checked.
Traceback (most recent call last):
  File ""<staging>/wheel/sqlalchemy_utils/aggregates.py"", line 474
    .select_from(chained_join(*reversed(self.relationships)))
SyntaxError: expected ')', got '.'
error: Python syntax check failed for '<staging>/wheel/sqlalchemy_utils/aggregates.py' (no source was executed)"
889,pytest-split,0.11.0,incompatible,syntax,True,False,verified_artifact,5,5,0,pytest_split-0.11.0-py3-none-any.whl,899d7c0f5730da91e2daf283860eb73b503259cb416851a65599368849c7f382,">=3.10,<4.0","Verified wheel source fails compilation at pytest_split/plugin.py. This is the first concrete blocker; later files were not checked.
Traceback (most recent call last):
  File ""<staging>/wheel/pytest_split/plugin.py"", line 204
    and test_report.duration
SyntaxError: expected ')', got 'and'
error: Python syntax check failed for '<staging>/wheel/pytest_split/plugin.py' (no source was executed)"
890,logfire-api,5.0.0,incompatible,syntax,True,False,verified_artifact,1,1,0,logfire_api-5.0.0-py3-none-any.whl,a95cc00c679ddcb98fb53c425bdebb6008a9498fb989e89f280283cb00a58a74,>=3.10,"Verified wheel source fails compilation at logfire_api/__init__.py. This is the first concrete blocker; later files were not checked.
Traceback (most recent call last):
  File ""<staging>/wheel/logfire_api/__init__.py"", line 215
    async def forward_export_request_starlette(self, *args, **kwargs) -> MagicMock:
SyntaxError: expected statement end
error: Python syntax check failed for '<staging>/wheel/logfire_api/__init__.py' (no source was executed)"
891,blis,1.3.3,incompatible,native_only,False,False,metadata,0,,,blis-1.3.3-cp310-cp310-macosx_10_9_x86_64.whl,650f1d2b28e3c875927c63deebda463a6f9d237dff30e445bfe2127718c1a344,"<3.15,>=3.9",The selected release has no generic Python3 pure wheel; its published wheels require a platform/ABI or a different Python implementation tag. Artifact bytes were not downloaded. Older releases and source builds were not evaluated.
892,texttable,1.7.0,incompatible,syntax,True,False,verified_artifact,1,1,0,texttable-1.7.0-py2.py3-none-any.whl,72227d592c82b3d7f672731ae73e4d1f88cd8e2ef5b075a7a7f01a23a3743917,,"Verified wheel source fails compilation at texttable.py. This is the first concrete blocker; later files were not checked.
Traceback (most recent call last):
  File ""<staging>/wheel/texttable.py"", line 68
    Jeff Kowalczyk:
SyntaxError: invalid escape char
error: Python syntax check failed for '<staging>/wheel/texttable.py' (no source was executed)"
893,databricks-labs-blueprint,0.12.0,incompatible,syntax,True,False,verified_artifact,5,18,13,databricks_labs_blueprint-0.12.0-py3-none-any.whl,62d17f9a4c6fd42fb814ddc544926d247edc82463863d837a77be7aa26fe5d20,>=3.10,"Verified wheel source fails compilation at databricks/labs/blueprint/__main__.py. This is the first concrete blocker; later files were not checked.
Traceback (most recent call last):
  File ""<staging>/wheel/databricks/labs/blueprint/__main__.py"", line 95
    with current.open(""r"", encoding=sys.getdefaultencoding()) as src, dst_file.open(""w"") as dst:
SyntaxError: expected ':', got ','
error: Python syntax check failed for '<staging>/wheel/databricks/labs/blueprint/__main__.py' (no source was executed)"
894,glom,25.12.0,incompatible,syntax,True,False,verified_artifact,4,32,28,glom-25.12.0-py3-none-any.whl,b9f21e77f71a6576a43864e85066b8cc3f0f778d0d50961563f8981377a6dcb1,,"Verified wheel source fails compilation at glom/chainmap_backport.py. This is the first concrete blocker; later files were not checked.
Traceback (most recent call last):
  File ""<staging>/wheel/glom/chainmap_backport.py"", line 36
    finally:
SyntaxError: finally clause is not supported yet
error: Python syntax check failed for '<staging>/wheel/glom/chainmap_backport.py' (no source was executed)"
895,kafka-python,3.0.11,incompatible,syntax,True,False,verified_artifact,5,240,235,kafka_python-3.0.11-py3-none-any.whl,9d10cab4e11e02545d82c7e5af5702da5aa46dd4eccd11ad92a50bf6dbbecd14,>=3.8,"Verified wheel source fails compilation at kafka/admin/_acls.py. This is the first concrete blocker; later files were not checked.
Traceback (most recent call last):
  File ""<staging>/wheel/kafka/admin/_acls.py"", line 133
    min_version = 3 if any(creation.resource_type == ResourceType.USER for creation in creations) else 0
SyntaxError: expected ')', got 'for'
error: Python syntax check failed for '<staging>/wheel/kafka/admin/_acls.py' (no source was executed)"
896,face,26.0.1,incompatible,syntax,True,False,verified_artifact,2,15,13,face-26.0.1-py3-none-any.whl,ab0a83c37c9789dce658a67a9a80eafaa113c9ec37c5a9d950ff5480542a062d,>=3.10,"Verified wheel source fails compilation at face/command.py. This is the first concrete blocker; later files were not checked.
Traceback (most recent call last):
  File ""<staging>/wheel/face/command.py"", line 133
    *,
SyntaxError: *args should be placed before **kwargs
error: Python syntax check failed for '<staging>/wheel/face/command.py' (no source was executed)"
897,cymem,2.0.13,incompatible,native_only,False,False,metadata,0,,,cymem-2.0.13-cp310-cp310-macosx_10_9_x86_64.whl,8efc4f308169237aade0e82877a65a563833dec32eb7ab2326120253e0e9e918,"<3.15,>=3.9",The selected release has no generic Python3 pure wheel; its published wheels require a platform/ABI or a different Python implementation tag. Artifact bytes were not downloaded. Older releases and source builds were not evaluated.
898,respx,0.23.1,incompatible,syntax,True,False,verified_artifact,3,13,10,respx-0.23.1-py2.py3-none-any.whl,b18004b029935384bccfa6d7d9d74b4ec9af73a081cc28600fffc0447f4b8c1a,>=3.8,"Verified wheel source fails compilation at respx/api.py. This is the first concrete blocker; later files were not checked.
Traceback (most recent call last):
  File ""<staging>/wheel/respx/api.py"", line 54
    def add(route: Route, *, name: Optional[str] = None) -> Route:
SyntaxError: expected '@id', got ','
error: Python syntax check failed for '<staging>/wheel/respx/api.py' (no source was executed)"
899,preshed,3.0.13,incompatible,native_only,False,False,metadata,0,,,preshed-3.0.13-cp310-cp310-macosx_10_9_x86_64.whl,42c58b07e8b431e33d0ad9922e896632453821cad8b09171b619b8c61101916f,"<3.15,>=3.9",The selected release has no generic Python3 pure wheel; its published wheels require a platform/ABI or a different Python implementation tag. Artifact bytes were not downloaded. Older releases and source builds were not evaluated.
900,sounddevice,0.5.6,incompatible,syntax,True,False,verified_artifact,2,2,0,sounddevice-0.5.6-py3-none-any.whl,de099612311ad81e55d31ccbd83f43ea6bf4d87b48f9b6ea55a1fbcde0eee4e0,>=3.7,"Verified wheel source fails compilation at sounddevice.py. This is the first concrete blocker; later files were not checked.
Traceback (most recent call last):
  File ""<staging>/wheel/sounddevice.py"", line 574
    for i in range(_check(_lib.Pa_GetDeviceCount())))
SyntaxError: expected ')', got 'for'
error: Python syntax check failed for '<staging>/wheel/sounddevice.py' (no source was executed)"
901,cssselect,1.5.0,incompatible,syntax,True,False,verified_artifact,2,3,1,cssselect-1.5.0-py3-none-any.whl,1d1aded98e82bdde447ded990a191fd6916177c4f0c914fb62eccd58e2ffcdcc,>=3.10,"Verified wheel source fails compilation at cssselect/parser.py. This is the first concrete blocker; later files were not checked.
Traceback (most recent call last):
  File ""<staging>/wheel/cssselect/parser.py"", line 993
    serialized = ""\N{REPLACEMENT CHARACTER}""
SyntaxError: invalid escape char
error: Python syntax check failed for '<staging>/wheel/cssselect/parser.py' (no source was executed)"
902,srsly,2.5.3,incompatible,native_only,False,False,metadata,0,,,srsly-2.5.3-cp310-cp310-macosx_10_9_x86_64.whl,c812302a9acfe171e82f680b7ad642014cd017380b2c678441b3da4fb513c498,"<3.15,>=3.9",The selected release has no generic Python3 pure wheel; its published wheels require a platform/ABI or a different Python implementation tag. Artifact bytes were not downloaded. Older releases and source builds were not evaluated.
903,genai-prices,0.1.6,incompatible,syntax,True,False,verified_artifact,1,12,11,genai_prices-0.1.6-py3-none-any.whl,35ac8043dbcf2958488129413bfecba7304fe12a68ad4a78c5b0d15281e82814,>=3.10,"Verified wheel source fails compilation at genai_prices/__init__.py. This is the first concrete blocker; later files were not checked.
Traceback (most recent call last):
  File ""<staging>/wheel/genai_prices/__init__.py"", line 19
    *,
SyntaxError: expected '@id', got ','
error: Python syntax check failed for '<staging>/wheel/genai_prices/__init__.py' (no source was executed)"
904,wasabi,1.1.3,incompatible,syntax,True,False,verified_artifact,3,14,11,wasabi-1.1.3-py3-none-any.whl,f76e16e8f7e79f8c4c8be49b4024ac725713ab10cd7f19350ad18a8e3f71728c,>=3.6,"Verified wheel source fails compilation at wasabi/markdown.py. This is the first concrete blocker; later files were not checked.
Traceback (most recent call last):
  File ""<staging>/wheel/wasabi/markdown.py"", line 49
    get_divider = lambda a: "":---:"" if a == ""c"" else ""---:"" if a == ""r"" else ""---""
SyntaxError: nested ternary expressions without `()` are ambiguous
error: Python syntax check failed for '<staging>/wheel/wasabi/markdown.py' (no source was executed)"
905,uv-build,0.12.10,incompatible,native_only,False,False,metadata,0,,,uv_build-0.12.10-py3-none-linux_armv6l.whl,cf098f5b0412e9cd06259664c44d31bd9d2b2c884e6cddc6c9d5d282a7efb49b,>=3.8,The selected release has no generic Python3 pure wheel; its published wheels require a platform/ABI or a different Python implementation tag. Artifact bytes were not downloaded. Older releases and source builds were not evaluated.
906,sphinxcontrib-jsmath,1.0.1,unverified,unverified,True,True,verified_artifact,2,2,0,sphinxcontrib_jsmath-1.0.1-py2.py3-none-any.whl,2ec2eaebfb78f3f2078e73666b1415417a116cc848b72e5172e596c871103178,>=3.5,"All 2 Python source files compile. Imports, runtime APIs, dependency closure, assets, and behavior were not exercised; this is not a tested compatibility result."
907,daff,1.4.2,incompatible,syntax,True,False,verified_artifact,1,2,1,daff-1.4.2-py3-none-any.whl,88981a21d065e4378b5c4bd40b975dbfdea9b7ff540071f3bb5e20cc8b3590b5,,"Verified wheel source fails compilation at daff/__init__.py. This is the first concrete blocker; later files were not checked.
Traceback (most recent call last):
  File ""<staging>/wheel/daff/__init__.py"", line 65
    return self.tag + '(' + (', '.join(str(v) for v in self.params)) + ')'
SyntaxError: expected ')', got 'for'
error: Python syntax check failed for '<staging>/wheel/daff/__init__.py' (no source was executed)"
908,pipenv,2026.8.0,incompatible,syntax,True,False,verified_artifact,1,610,609,pipenv-2026.8.0-py3-none-any.whl,8da889c636a8cab59a435c1366f30d252ecee465372341eb8cd4da43b055ad9d,>=3.10,"Verified wheel source fails compilation at benchmarks/benchmark.py. This is the first concrete blocker; later files were not checked.
Traceback (most recent call last):
  File ""<staging>/wheel/benchmarks/benchmark.py"", line 127
    *,
SyntaxError: expected '@id', got ','
error: Python syntax check failed for '<staging>/wheel/benchmarks/benchmark.py' (no source was executed)"
909,opencensus-context,0.1.3,incompatible,syntax,True,False,verified_artifact,3,4,1,opencensus_context-0.1.3-py2.py3-none-any.whl,073bb0590007af276853009fac7e4bab1d523c3f03baf4cb4511ca38967c6039,,"Verified wheel source fails compilation at opencensus/common/runtime_context/__init__.py. This is the first concrete blocker; later files were not checked.
Traceback (most recent call last):
  File ""<staging>/wheel/opencensus/common/runtime_context/__init__.py"", line 57
    return dict((n, self._slots[n].get()) for n in self._slots.keys())
SyntaxError: expected ')', got 'for'
error: Python syntax check failed for '<staging>/wheel/opencensus/common/runtime_context/__init__.py' (no source was executed)"
910,llama-cloud,2.15.0,incompatible,syntax,True,False,verified_artifact,2,439,437,llama_cloud-2.15.0-py3-none-any.whl,0b8a158e5b96dfe818a49474fcf592d84fac306b980e3ba9bb8e94d446584cc8,>=3.9,"Verified wheel source fails compilation at llama_cloud/_base_client.py. This is the first concrete blocker; later files were not checked.
Traceback (most recent call last):
  File ""<staging>/wheel/llama_cloud/_base_client.py"", line 131
    *,
SyntaxError: expected '@id', got ','
error: Python syntax check failed for '<staging>/wheel/llama_cloud/_base_client.py' (no source was executed)"
911,openapi-schema-validator,0.9.0,incompatible,syntax,True,False,verified_artifact,2,11,9,openapi_schema_validator-0.9.0-py3-none-any.whl,faa3bbe7c3aa8ca2087ad83f709dc3b7d920283153a570c03e24ea182558aa25,">=3.10.0,<4.0.0","Verified wheel source fails compilation at openapi_schema_validator/_caches.py. This is the first concrete blocker; later files were not checked.
Traceback (most recent call last):
  File ""<staging>/wheel/openapi_schema_validator/_caches.py"", line 29
    for key, item in value.items()
SyntaxError: expected ')', got 'for'
error: Python syntax check failed for '<staging>/wheel/openapi_schema_validator/_caches.py' (no source was executed)"
912,jupyter-builder,1.2.3,incompatible,syntax,True,False,verified_artifact,3,16,13,jupyter_builder-1.2.3-py3-none-any.whl,c5ea5a7190c2a7b082494abade98eece1b2b5bd5dbd7d610606cbcd10a1d08b3,>=3.10,"Verified wheel source fails compilation at jupyter_builder/base_extension_app.py. This is the first concrete blocker; later files were not checked.
Traceback (most recent call last):
  File ""<staging>/wheel/jupyter_builder/base_extension_app.py"", line 33
    class BaseExtensionApp(JupyterApp, DebugLogFileMixin):
SyntaxError: expected ')', got ','
error: Python syntax check failed for '<staging>/wheel/jupyter_builder/base_extension_app.py' (no source was executed)"
913,pytest-httpx,0.36.2,incompatible,syntax,True,False,verified_artifact,1,7,6,pytest_httpx-0.36.2-py3-none-any.whl,d42ebd5679442dc7bfb0c48e0767b6562e9bc4534d805127b0084171886a5e22,>=3.10,"Verified wheel source fails compilation at pytest_httpx/__init__.py. This is the first concrete blocker; later files were not checked.
Traceback (most recent call last):
  File ""<staging>/wheel/pytest_httpx/__init__.py"", line 52
    async def mocked_handle_async_request(
SyntaxError: expected statement end
error: Python syntax check failed for '<staging>/wheel/pytest_httpx/__init__.py' (no source was executed)"
914,opencensus,0.11.4,incompatible,syntax,True,False,verified_artifact,3,93,90,opencensus-0.11.4-py2.py3-none-any.whl,a18487ce68bc19900336e0ff4655c5a116daf10c1b3685ece8d971bddad6a864,,"Verified wheel source fails compilation at opencensus/common/backports/__init__.py. This is the first concrete blocker; later files were not checked.
Traceback (most recent call last):
  File ""<staging>/wheel/opencensus/common/backports/__init__.py"", line 38
    .format(type(meth)))
SyntaxError: expected ')', got '.'
error: Python syntax check failed for '<staging>/wheel/opencensus/common/backports/__init__.py' (no source was executed)"
915,fpdf2,2.8.8,incompatible,syntax,True,False,verified_artifact,3,36,33,fpdf2-2.8.8-py3-none-any.whl,3557a478fc577a929c94aace9666aed4dcc432b5ab6764232e6a59f1ccd75f17,>=3.10,"Verified wheel source fails compilation at fpdf/annotations.py. This is the first concrete blocker; later files were not checked.
Traceback (most recent call last):
  File ""<staging>/wheel/fpdf/annotations.py"", line 44
    flags: tuple[AnnotationFlag | str, ...] = DEFAULT_ANNOT_FLAGS,
SyntaxError: expected a literal, got '@id'
error: Python syntax check failed for '<staging>/wheel/fpdf/annotations.py' (no source was executed)"
916,pytest-env,1.7.0,incompatible,syntax,True,False,verified_artifact,2,3,1,pytest_env-1.7.0-py3-none-any.whl,9ee0f1fe859d23fcdb533fe2909a404b3b133d02674a56df275bbe4df4eb104b,>=3.10,"Verified wheel source fails compilation at pytest_env/plugin.py. This is the first concrete blocker; later files were not checked.
Traceback (most recent call last):
  File ""<staging>/wheel/pytest_env/plugin.py"", line 75
    if toml_config := _find_toml_config(early_config):
SyntaxError: expected an expression, got =
error: Python syntax check failed for '<staging>/wheel/pytest_env/plugin.py' (no source was executed)"
917,pydot,4.0.1,incompatible,syntax,True,False,verified_artifact,3,7,4,pydot-4.0.1-py3-none-any.whl,869c0efadd2708c0be1f916eb669f3d664ca684bc57ffb7ecc08e70d5e93fee6,>=3.8,"Verified wheel source fails compilation at pydot/_vendor/tempfile.py. This is the first concrete blocker; later files were not checked.
Traceback (most recent call last):
  File ""<staging>/wheel/pydot/_vendor/tempfile.py"", line 82
    else:
SyntaxError: expected an expression, got else
error: Python syntax check failed for '<staging>/wheel/pydot/_vendor/tempfile.py' (no source was executed)"
918,langchain-anthropic,1.7.1,incompatible,syntax,True,False,verified_artifact,2,16,14,langchain_anthropic-1.7.1-py3-none-any.whl,c461166def7b7d9d05de518d80afd041a6fcd0d49b07d3216d2a6b9a5069cb37,"<4.0.0,>=3.10.0","Verified wheel source fails compilation at langchain_anthropic/_client_utils.py. This is the first concrete blocker; later files were not checked.
Traceback (most recent call last):
  File ""<staging>/wheel/langchain_anthropic/_client_utils.py"", line 48
    *,
SyntaxError: expected '@id', got ','
error: Python syntax check failed for '<staging>/wheel/langchain_anthropic/_client_utils.py' (no source was executed)"
919,google-cloud-dataproc,5.30.0,incompatible,syntax,True,False,verified_artifact,3,95,92,google_cloud_dataproc-5.30.0-py3-none-any.whl,9b51d37b91ae2c300effd4cf645d57c9484fa601d47a34a30d01fd822b63fd1a,>=3.10,"Verified wheel source fails compilation at google/cloud/dataproc_v1/__init__.py. This is the first concrete blocker; later files were not checked.
Traceback (most recent call last):
  File ""<staging>/wheel/google/cloud/dataproc_v1/__init__.py"", line 243
    + f""({_py_version_str}).  Google will not post any further ""
SyntaxError: expected ')', got '+'
error: Python syntax check failed for '<staging>/wheel/google/cloud/dataproc_v1/__init__.py' (no source was executed)"
920,pybase64,1.5.0,incompatible,native_only,False,False,metadata,0,,,pybase64-1.5.0-cp310-cp310-macosx_10_9_x86_64.whl,30b0bc5add7b5ffbf9e8f84ad8cbbeeac420da70666d32bedecdbf2051e15592,>=3.9,The selected release has no generic Python3 pure wheel; its published wheels require a platform/ABI or a different Python implementation tag. Artifact bytes were not downloaded. Older releases and source builds were not evaluated.
921,spacy-legacy,3.0.12,incompatible,syntax,True,False,verified_artifact,3,24,21,spacy_legacy-3.0.12-py2.py3-none-any.whl,476e3bd0d05f8c339ed60f40986c07387c0a71479245d6d0f4298dbd52cda55f,>=3.6,"Verified wheel source fails compilation at spacy_legacy/architectures/entity_linker.py. This is the first concrete blocker; later files were not checked.
Traceback (most recent call last):
  File ""<staging>/wheel/spacy_legacy/architectures/entity_linker.py"", line 27
    >> list2ragged()
SyntaxError: expected ')', got '>>'
error: Python syntax check failed for '<staging>/wheel/spacy_legacy/architectures/entity_linker.py' (no source was executed)"
922,deltalake,1.6.3,incompatible,native_only,False,False,metadata,0,,,deltalake-1.6.3-cp310-abi3-macosx_10_12_x86_64.whl,c25928df2a30a19dec3f86ffd931fd59b7f175b5781ba998b34001eb4d49e1f7,>=3.10,The selected release has no generic Python3 pure wheel; its published wheels require a platform/ABI or a different Python implementation tag. Artifact bytes were not downloaded. Older releases and source builds were not evaluated.
923,confection,1.3.3,incompatible,syntax,True,False,verified_artifact,2,9,7,confection-1.3.3-py3-none-any.whl,b9fef9ee84b237ef4611ec3eb5797b70e13063e6310ad9f15536373f5e313c82,>=3.10,"Verified wheel source fails compilation at confection/_config.py. This is the first concrete blocker; later files were not checked.
Traceback (most recent call last):
  File ""<staging>/wheel/confection/_config.py"", line 29
    *,
SyntaxError: *args should be placed before **kwargs
error: Python syntax check failed for '<staging>/wheel/confection/_config.py' (no source was executed)"
924,spacy-loggers,1.0.5,incompatible,syntax,True,False,verified_artifact,2,15,13,spacy_loggers-1.0.5-py3-none-any.whl,196284c9c446cc0cdb944005384270d775fdeaf4f494d8e269466cfa497ef645,>=3.6,"Verified wheel source fails compilation at spacy_loggers/chain.py. This is the first concrete blocker; later files were not checked.
Traceback (most recent call last):
  File ""<staging>/wheel/spacy_loggers/chain.py"", line 23
    def setup_logger(nlp: Language, stdout: IO = sys.stdout, stderr: IO = sys.stderr):
SyntaxError: expected a literal, got '@id'
error: Python syntax check failed for '<staging>/wheel/spacy_loggers/chain.py' (no source was executed)"
925,tree-sitter-c,0.24.2,incompatible,native_only,False,False,metadata,0,,,tree_sitter_c-0.24.2-cp310-abi3-macosx_10_9_x86_64.whl,4d4579a8b54f0a442f903d88d3304cab77cd5c2031d4015baa4f2f8e15d6dcb7,>=3.10,The selected release has no generic Python3 pure wheel; its published wheels require a platform/ABI or a different Python implementation tag. Artifact bytes were not downloaded. Older releases and source builds were not evaluated.
926,sqlmodel,0.0.42,incompatible,syntax,True,False,verified_artifact,2,16,14,sqlmodel-0.0.42-py3-none-any.whl,a732dab1a40e5cbd6ac250cf2b12e8d9b1bf1a47edf27c34d612f359e8875c63,>=3.10,"Verified wheel source fails compilation at sqlmodel/_compat.py. This is the first concrete blocker; later files were not checked.
Traceback (most recent call last):
  File ""<staging>/wheel/sqlmodel/_compat.py"", line 32
    PYDANTIC_MINOR_VERSION = tuple(int(i) for i in P_VERSION.split(""."")[:2])
SyntaxError: expected ')', got 'for'
error: Python syntax check failed for '<staging>/wheel/sqlmodel/_compat.py' (no source was executed)"
927,partd,1.4.2,incompatible,syntax,True,False,verified_artifact,3,14,11,partd-1.4.2-py3-none-any.whl,978e4ac767ec4ba5b86c6eaa52e5a2a3bc748a2ca839e8cc798f1cc6ce6efb0f,>=3.9,"Verified wheel source fails compilation at partd/buffer.py. This is the first concrete blocker; later files were not checked.
Traceback (most recent call last):
  File ""<staging>/wheel/partd/buffer.py"", line 47
    finally:
SyntaxError: finally clause is not supported yet
error: Python syntax check failed for '<staging>/wheel/partd/buffer.py' (no source was executed)"
928,uv-dynamic-versioning,0.14.1,incompatible,syntax,True,False,verified_artifact,5,9,4,uv_dynamic_versioning-0.14.1-py3-none-any.whl,f9db710cc2ce9dccf06fab958ad10c45cae43cff70e3eccaa89365b040e98306,"<4.0,>=3.10","Verified wheel source fails compilation at uv_dynamic_versioning/main.py. This is the first concrete blocker; later files were not checked.
Traceback (most recent call last):
  File ""<staging>/wheel/uv_dynamic_versioning/main.py"", line 33
    def check_version_style(version: str, style: Style = Style.Pep440) -> None:
SyntaxError: expected a literal, got '@id'
error: Python syntax check failed for '<staging>/wheel/uv_dynamic_versioning/main.py' (no source was executed)"
929,jsonpath-python,1.1.6,incompatible,syntax,True,False,verified_artifact,2,2,0,jsonpath_python-1.1.6-py3-none-any.whl,a1c50afd8d3fbbaf47a4873bc890dcb3c15da96f5c020327977d844d8731a2d4,>=3.8,"Verified wheel source fails compilation at jsonpath/jsonpath.py. This is the first concrete blocker; later files were not checked.
Traceback (most recent call last):
  File ""<staging>/wheel/jsonpath/jsonpath.py"", line 111
    REP_PATH_SEGMENT = re.compile(r""(?:\.|^)(?P<dot>\w+)|\[['\""](?P<quote>.*?)['\""]\]|\[(?P<int>\d+)\]"")
SyntaxError: @id contains invalid char
error: Python syntax check failed for '<staging>/wheel/jsonpath/jsonpath.py' (no source was executed)"
930,datadog-api-client,2.60.0,incompatible,syntax,True,False,verified_artifact,2,9140,9138,datadog_api_client-2.60.0-py3-none-any.whl,f3e56ada2e08499eac4ccbbbc9aaf312d50e338ff869717d4306ce79c8ceb3df,>=3.10,"Verified wheel source fails compilation at datadog_api_client/api_client.py. This is the first concrete blocker; later files were not checked.
Traceback (most recent call last):
  File ""<staging>/wheel/datadog_api_client/api_client.py"", line 66
    and self.configuration.delegated_auth_org_uuid is not None
SyntaxError: expected ')', got 'and'
error: Python syntax check failed for '<staging>/wheel/datadog_api_client/api_client.py' (no source was executed)"
931,locket,1.0.0,incompatible,syntax,True,False,verified_artifact,1,1,0,locket-1.0.0-py2.py3-none-any.whl,b6c819a722f7b6bd955b80781788e4a66a55628b858d347536b7e81325a3a5e3,">=2.7, !=3.0.*, !=3.1.*, !=3.2.*, !=3.3.*","Verified wheel source fails compilation at locket/__init__.py. This is the first concrete blocker; later files were not checked.
Traceback (most recent call last):
  File ""<staging>/wheel/locket/__init__.py"", line 23
    else:
SyntaxError: expected an expression, got else
error: Python syntax check failed for '<staging>/wheel/locket/__init__.py' (no source was executed)"
932,opencv-contrib-python,5.0.0.93,incompatible,native_only,False,False,metadata,0,,,opencv_contrib_python-5.0.0.93-cp37-abi3-macosx_13_0_arm64.whl,3ebb8e0506573f36f54038116321a086c97aeda8ef154198931f3ea18b435cc7,>=3.6,The selected release has no generic Python3 pure wheel; its published wheels require a platform/ABI or a different Python implementation tag. Artifact bytes were not downloaded. Older releases and source builds were not evaluated.
933,factory-boy,3.3.3,incompatible,syntax,True,False,verified_artifact,2,15,13,factory_boy-3.3.3-py2.py3-none-any.whl,1c39e3289f7e667c4285433f305f8d506efc2fe9c73aaea4151ebd5cdea394fc,>=3.8,"Verified wheel source fails compilation at factory/alchemy.py. This is the first concrete blocker; later files were not checked.
Traceback (most recent call last):
  File ""<staging>/wheel/factory/alchemy.py"", line 21
    ""%s.sqlalchemy_session_persistence must be one of %s, got %r"" %
SyntaxError: expected an expression, got @eol
error: Python syntax check failed for '<staging>/wheel/factory/alchemy.py' (no source was executed)"
934,jira,3.10.5,incompatible,syntax,True,False,verified_artifact,2,8,6,jira-3.10.5-py3-none-any.whl,d4da1385c924ee693d6cc9838e56a34e31d74f0d6899934ef35bbd0d2d33997f,>=3.10,"Verified wheel source fails compilation at jira/client.py. This is the first concrete blocker; later files were not checked.
Traceback (most recent call last):
  File ""<staging>/wheel/jira/client.py"", line 133
    instance = next(arg for arg in args)
SyntaxError: expected ')', got 'for'
error: Python syntax check failed for '<staging>/wheel/jira/client.py' (no source was executed)"
935,opentelemetry-instrumentation-redis,0.65b0,incompatible,syntax,True,False,verified_artifact,1,5,4,opentelemetry_instrumentation_redis-0.65b0-py3-none-any.whl,7d135f61db9d72416e1f382012fbc13de6f5e726491bebd0344a9c42a60e6769,>=3.10,"Verified wheel source fails compilation at opentelemetry/instrumentation/redis/__init__.py. This is the first concrete blocker; later files were not checked.
Traceback (most recent call last):
  File ""<staging>/wheel/opentelemetry/instrumentation/redis/__init__.py"", line 373
    async def _async_traced_execute_command(
SyntaxError: expected statement end
error: Python syntax check failed for '<staging>/wheel/opentelemetry/instrumentation/redis/__init__.py' (no source was executed)"
936,opt-einsum,3.4.0,incompatible,syntax,True,False,verified_artifact,7,28,21,opt_einsum-3.4.0-py3-none-any.whl,69bb92469f86a1565195ece4ac0323943e83477171b91d24c35afe028a90d7cd,>=3.8,"Verified wheel source fails compilation at opt_einsum/backends/object_arrays.py. This is the first concrete blocker; later files were not checked.
Traceback (most recent call last):
  File ""<staging>/wheel/opt_einsum/backends/object_arrays.py"", line 41
    out_size = tuple(sizes[k] for k in output)
SyntaxError: expected ')', got 'for'
error: Python syntax check failed for '<staging>/wheel/opt_einsum/backends/object_arrays.py' (no source was executed)"
937,cron-descriptor,2.1.0,incompatible,syntax,True,False,verified_artifact,4,13,9,cron_descriptor-2.1.0-py3-none-any.whl,e280efae0e375e2cbc62846f833888f12c7921d2d11ab0dca598f94c51af8639,>=3.9,"Verified wheel source fails compilation at cron_descriptor/ExpressionDescriptor.py. This is the first concrete blocker; later files were not checked.
Traceback (most recent call last):
  File ""<staging>/wheel/cron_descriptor/ExpressionDescriptor.py"", line 40
    class OptionsKwargs(TypedDict, total=False):
SyntaxError: expected ')', got ','
error: Python syntax check failed for '<staging>/wheel/cron_descriptor/ExpressionDescriptor.py' (no source was executed)"
938,dacite,1.9.2,incompatible,syntax,True,False,verified_artifact,4,10,6,dacite-1.9.2-py3-none-any.whl,053f7c3f5128ca2e9aceb66892b1a3c8936d02c686e707bee96e19deef4bc4a0,>=3.7,"Verified wheel source fails compilation at dacite/core.py. This is the first concrete blocker; later files were not checked.
Traceback (most recent call last):
  File ""<staging>/wheel/dacite/core.py"", line 55
    raise ForwardReferenceError(str(error)) from None
SyntaxError: expected statement end
error: Python syntax check failed for '<staging>/wheel/dacite/core.py' (no source was executed)"
939,pytest-django,4.14.0,incompatible,syntax,True,False,verified_artifact,3,9,6,pytest_django-4.14.0-py3-none-any.whl,c533b08d89cc675efcd5398eea270b34547e35f9a3608e2c9748dd88428ea187,>=3.10,"Verified wheel source fails compilation at pytest_django/asserts.py. This is the first concrete blocker; later files were not checked.
Traceback (most recent call last):
  File ""<staging>/wheel/pytest_django/asserts.py"", line 15
    class MessagesTestCase(MessagesTestMixin, TestCase):
SyntaxError: expected ')', got ','
error: Python syntax check failed for '<staging>/wheel/pytest_django/asserts.py' (no source was executed)"
940,awscrt,0.36.2,incompatible,native_only,False,False,metadata,0,,,awscrt-0.36.2-cp310-cp310-macosx_10_15_universal2.whl,469dd6ad7eca69f9eb64683489ea4994e12ac4bfda7af6300244b22dd62f1426,>=3.8,The selected release has no generic Python3 pure wheel; its published wheels require a platform/ABI or a different Python implementation tag. Artifact bytes were not downloaded. Older releases and source builds were not evaluated.
941,google-cloud-alloydb,0.11.1,incompatible,syntax,True,False,verified_artifact,3,88,85,google_cloud_alloydb-0.11.1-py3-none-any.whl,66da0cfd3103f6f2fa92916d2bf5f4bbf7743879158ff745026a17e7726ee3b9,>=3.10,"Verified wheel source fails compilation at google/cloud/alloydb_v1/__init__.py. This is the first concrete blocker; later files were not checked.
Traceback (most recent call last):
  File ""<staging>/wheel/google/cloud/alloydb_v1/__init__.py"", line 151
    + f""({_py_version_str}).  Google will not post any further ""
SyntaxError: expected ')', got '+'
error: Python syntax check failed for '<staging>/wheel/google/cloud/alloydb_v1/__init__.py' (no source was executed)"
942,blake3,1.0.9,incompatible,native_only,False,False,metadata,0,,,blake3-1.0.9-cp310-cp310-macosx_10_12_x86_64.whl,38e61d3b0386af16b3c03a18e0db82b626d63796274637a1fef855fd1c778d82,>=3.8,The selected release has no generic Python3 pure wheel; its published wheels require a platform/ABI or a different Python implementation tag. Artifact bytes were not downloaded. Older releases and source builds were not evaluated.
943,emoji,2.15.0,incompatible,syntax,True,False,verified_artifact,2,5,3,emoji-2.15.0-py3-none-any.whl,205296793d66a89d88af4688fa57fd6496732eb48917a87175a023c8138995eb,>=3.8,"Verified wheel source fails compilation at emoji/core.py. This is the first concrete blocker; later files were not checked.
Traceback (most recent call last):
  File ""<staging>/wheel/emoji/core.py"", line 43
    _EMOJI_NAME_PATTERN = '\\w\\-&.’”“()!#*+,/«»\u0300\u0301\u0302\u0303\u0306\u0308\u030a\u0327\u064b\u064e\u064f\u0650\u0653\u0654\u3099\u30fb\u309a\u0655'
SyntaxError: invalid escape char
error: Python syntax check failed for '<staging>/wheel/emoji/core.py' (no source was executed)"
944,jpype1,1.7.1,incompatible,native_only,False,False,metadata,0,,,jpype1-1.7.1-1-cp310-cp310-macosx_11_0_universal2.whl,6590cbdb6208e4522fd99ae5f5f4bed5de707122385bc48446a1e7d7b56357ef,>=3.8,The selected release has no generic Python3 pure wheel; its published wheels require a platform/ABI or a different Python implementation tag. Artifact bytes were not downloaded. Older releases and source builds were not evaluated.
945,watchtower,3.4.0,incompatible,syntax,True,False,verified_artifact,1,1,0,watchtower-3.4.0-py3-none-any.whl,5eac65cbf2a7350bb43c3518485230a6135ed7dec7ccb88468828d68ab9fea26,>=3.8,"Verified wheel source fails compilation at watchtower/__init__.py. This is the first concrete blocker; later files were not checked.
Traceback (most recent call last):
  File ""<staging>/wheel/watchtower/__init__.py"", line 209
    log_group_name: str = __name__,
SyntaxError: expected a literal, got '@id'
error: Python syntax check failed for '<staging>/wheel/watchtower/__init__.py' (no source was executed)"
946,hydra-core,1.3.6,incompatible,syntax,True,False,verified_artifact,3,79,76,hydra_core-1.3.6-py3-none-any.whl,55951f49c7e19c29f4281cce2eeaa6e73ef6c5620093a4efb402a7e4b839fc38,,"Verified wheel source fails compilation at hydra/_internal/callbacks.py. This is the first concrete blocker; later files were not checked.
Traceback (most recent call last):
  File ""<staging>/wheel/hydra/_internal/callbacks.py"", line 47
    self, config: DictConfig, *, task_function: TaskFunction, **kwargs: Any
SyntaxError: expected '@id', got ','
error: Python syntax check failed for '<staging>/wheel/hydra/_internal/callbacks.py' (no source was executed)"
947,azure-servicebus,7.14.3,incompatible,syntax,True,False,verified_artifact,2,111,109,azure_servicebus-7.14.3-py3-none-any.whl,386f8d32dae8881661ec8d791c38978eca2bbf7ea9f489d6cff8ad9cc6990234,>=3.9,"Verified wheel source fails compilation at azure/servicebus/_base_handler.py. This is the first concrete blocker; later files were not checked.
Traceback (most recent call last):
  File ""<staging>/wheel/azure/servicebus/_base_handler.py"", line 65
    if any(len(tup) != 2 for tup in conn_properties):
SyntaxError: expected ')', got 'for'
error: Python syntax check failed for '<staging>/wheel/azure/servicebus/_base_handler.py' (no source was executed)"
948,azure-batch,15.1.0,incompatible,syntax,True,False,verified_artifact,2,29,27,azure_batch-15.1.0-py3-none-any.whl,6001232ba67a4051f4f1b35d434232757b78baa14e4964ec3bfb91afa1d10ed4,>=3.9,"Verified wheel source fails compilation at azure/batch/_client.py. This is the first concrete blocker; later files were not checked.
Traceback (most recent call last):
  File ""<staging>/wheel/azure/batch/_client.py"", line 68
    def send_request(self, request: HttpRequest, *, stream: bool = False, **kwargs: Any) -> HttpResponse:
SyntaxError: expected '@id', got ','
error: Python syntax check failed for '<staging>/wheel/azure/batch/_client.py' (no source was executed)"
949,pyathena,3.36.0,incompatible,syntax,True,False,verified_artifact,1,84,83,pyathena-3.36.0-py3-none-any.whl,40116969ca3cd020eb34829babfd8ae79206c608b80884aa9320561201d255f2,>=3.10,"Verified wheel source fails compilation at pyathena/__init__.py. This is the first concrete blocker; later files were not checked.
Traceback (most recent call last):
  File ""<staging>/wheel/pyathena/__init__.py"", line 74
    *args, cursor_class: type[ConnectionCursor], **kwargs
SyntaxError: expected '=', got ','
error: Python syntax check failed for '<staging>/wheel/pyathena/__init__.py' (no source was executed)"
950,slowapi,0.1.10,incompatible,syntax,True,False,verified_artifact,2,6,4,slowapi-0.1.10-py3-none-any.whl,3acb61561dc9d687e3d3669362ff6a439de9ba44e2fed3a9c165da26b4b83e28,">=3.7,<4.0","Verified wheel source fails compilation at slowapi/errors.py. This is the first concrete blocker; later files were not checked.
Traceback (most recent call last):
  File ""<staging>/wheel/slowapi/errors.py"", line 22
    if not callable(limit.error_message)
SyntaxError: expected ')', got 'if'
error: Python syntax check failed for '<staging>/wheel/slowapi/errors.py' (no source was executed)"
951,tree-sitter-java,0.23.5,incompatible,native_only,False,False,metadata,0,,,tree_sitter_java-0.23.5-cp39-abi3-macosx_10_9_x86_64.whl,355ce0308672d6f7013ec913dee4a0613666f4cda9044a7824240d17f38209df,>=3.9,The selected release has no generic Python3 pure wheel; its published wheels require a platform/ABI or a different Python implementation tag. Artifact bytes were not downloaded. Older releases and source builds were not evaluated.
952,nvidia-cublas-cu12,12.9.2.10,incompatible,native_only,False,False,metadata,0,,,nvidia_cublas_cu12-12.9.2.10-py3-none-manylinux_2_27_aarch64.whl,5572131a59c3eebeeb1c4c8144f772d49372c20124916e072a0e3fc30df421d5,>=3,The selected release has no generic Python3 pure wheel; its published wheels require a platform/ABI or a different Python implementation tag. Artifact bytes were not downloaded. Older releases and source builds were not evaluated.
953,azure-cosmos,4.16.4,incompatible,syntax,True,False,verified_artifact,2,128,126,azure_cosmos-4.16.4-py3-none-any.whl,89bf558203335efc39551dccef6782aa2f286d94cc87dd9bd98efc37d8c69303,>=3.9,"Verified wheel source fails compilation at azure/cosmos/_auth_policy.py. This is the first concrete blocker; later files were not checked.
Traceback (most recent call last):
  File ""<staging>/wheel/azure/cosmos/_auth_policy.py"", line 59
    not self._override_scope and
SyntaxError: expected an expression, got @eol
error: Python syntax check failed for '<staging>/wheel/azure/cosmos/_auth_policy.py' (no source was executed)"
954,gql,4.0.0,incompatible,syntax,True,False,verified_artifact,3,40,37,gql-4.0.0-py3-none-any.whl,f3beed7c531218eb24d97cb7df031b4a84fdb462f4a2beb86e2633d395937479,>=3.8.1,"Verified wheel source fails compilation at gql/cli.py. This is the first concrete blocker; later files were not checked.
Traceback (most recent call last):
  File ""<staging>/wheel/gql/cli.py"", line 28
    gql-cli https://countries.trevorblades.com
SyntaxError: invalid escape char
error: Python syntax check failed for '<staging>/wheel/gql/cli.py' (no source was executed)"
955,immutabledict,4.3.1,incompatible,syntax,True,False,verified_artifact,1,1,0,immutabledict-4.3.1-py3-none-any.whl,c9facdc0ff30fdb8e35bd16532026cac472a549e182c94fa201b51b25e4bf7bf,">=3.8,<4.0","Verified wheel source fails compilation at immutabledict/__init__.py. This is the first concrete blocker; later files were not checked.
Traceback (most recent call last):
  File ""<staging>/wheel/immutabledict/__init__.py"", line 54
    def __new__(cls, map: Mapping[_K, _V], /) -> immutabledict[_K, _V]: ...  # type: ignore[overload-overlap]
SyntaxError: expected '@id', got '/'
error: Python syntax check failed for '<staging>/wheel/immutabledict/__init__.py' (no source was executed)"
956,ua-parser,1.0.2,incompatible,syntax,True,False,verified_artifact,1,12,11,ua_parser-1.0.2-py3-none-any.whl,0f8e6d0484af2a9ff804bba5a4fe696e87c028eaba98ad9a7dfae873fef7788a,>=3.10,"Verified wheel source fails compilation at ua_parser/__init__.py. This is the first concrete blocker; later files were not checked.
Traceback (most recent call last):
  File ""<staging>/wheel/ua_parser/__init__.py"", line 85
    def from_matchers(cls, m: Matchers, /) -> Parser:
SyntaxError: expected '@id', got '/'
error: Python syntax check failed for '<staging>/wheel/ua_parser/__init__.py' (no source was executed)"
957,natsort,8.4.0,incompatible,syntax,True,False,verified_artifact,2,11,9,natsort-8.4.0-py3-none-any.whl,4732914fb471f56b5cce04d7bae6f164a592c7712e1c85f9ef585e197299521c,>=3.7,"Verified wheel source fails compilation at natsort/__main__.py. This is the first concrete blocker; later files were not checked.
Traceback (most recent call last):
  File ""<staging>/wheel/natsort/__main__.py"", line 270
    for num in regex.findall(entry)
SyntaxError: expected ')', got 'for'
error: Python syntax check failed for '<staging>/wheel/natsort/__main__.py' (no source was executed)"
958,bitarray,3.11.0,incompatible,native_only,False,False,metadata,0,,,bitarray-3.11.0-cp310-cp310-macosx_10_9_x86_64.whl,7ad6b6cd9558529a9e51ef981cef5b3439acd0a913d25562dc56220078bd4968,>=3.7,The selected release has no generic Python3 pure wheel; its published wheels require a platform/ABI or a different Python implementation tag. Artifact bytes were not downloaded. Older releases and source builds were not evaluated.
959,backports-asyncio-runner,1.2.0,incompatible,python_requirement,False,False,metadata,0,,,backports_asyncio_runner-1.2.0-py3-none-any.whl,0da0a936a8aeb554eccb426dc55af3ba63bcdc69fa1a600b5bb305413a4477b5,"<3.11,>=3.8","The selected release declares Requires-Python <3.11,>=3.8; Kipferl advertises 3.11.0. Older releases were not evaluated."
960,pytesseract,0.3.13,incompatible,syntax,True,False,verified_artifact,2,2,0,pytesseract-0.3.13-py3-none-any.whl,7a99c6c2ac598360693d83a416e36e0b33a67638bb9d77fdcac094a3589d4b34,>=3.8,"Verified wheel source fails compilation at pytesseract/pytesseract.py. This is the first concrete blocker; later files were not checked.
Traceback (most recent call last):
  File ""<staging>/wheel/pytesseract/pytesseract.py"", line 109
    f' See README file for more information.',
SyntaxError: expected ')', got '@fstr-begin'
error: Python syntax check failed for '<staging>/wheel/pytesseract/pytesseract.py' (no source was executed)"
961,time-machine,3.5.0,incompatible,native_only,False,False,metadata,0,,,time_machine-3.5.0-cp310-cp310-macosx_10_9_x86_64.whl,5c3c71c24734c8a9083c9f5d47844198dbed1ead9a2db9704044c90002fbfacc,>=3.10,The selected release has no generic Python3 pure wheel; its published wheels require a platform/ABI or a different Python implementation tag. Artifact bytes were not downloaded. Older releases and source builds were not evaluated.
962,pypdf2,3.0.1,incompatible,syntax,True,False,verified_artifact,2,32,30,pypdf2-3.0.1-py3-none-any.whl,d16e4205cfee272fbdc0568b68d82be796540b1537508cef59388f839c191928,>=3.6,"Verified wheel source fails compilation at PyPDF2/_cmap.py. This is the first concrete blocker; later files were not checked.
Traceback (most recent call last):
  File ""<staging>/wheel/PyPDF2/_cmap.py"", line 218
    .replace(b""beginbfchar"", b""\nbeginbfchar\n"")
SyntaxError: expected ')', got '.'
error: Python syntax check failed for '<staging>/wheel/PyPDF2/_cmap.py' (no source was executed)"
963,snowplow-tracker,1.1.0,incompatible,syntax,True,False,verified_artifact,2,22,20,snowplow_tracker-1.1.0-py3-none-any.whl,24ea32ddac9cca547421bf9ab162f5f33c00711c6ef118ad5f78093cee962224,,"Verified wheel source fails compilation at snowplow_tracker/_version.py. This is the first concrete blocker; later files were not checked.
Traceback (most recent call last):
  File ""<staging>/wheel/snowplow_tracker/_version.py"", line 19
    __version__ = ""."".join(str(x) for x in __version_info__)
SyntaxError: expected ')', got 'for'
error: Python syntax check failed for '<staging>/wheel/snowplow_tracker/_version.py' (no source was executed)"
964,nvidia-cudnn-cu12,9.25.1.1,incompatible,native_only,False,False,metadata,0,,,nvidia_cudnn_cu12-9.25.1.1-py3-none-manylinux_2_27_aarch64.whl,c71f4af9025e05e478cfb07f9c2a4c118346dac236e915f3e63769fbcb031cb3,>=3,The selected release has no generic Python3 pure wheel; its published wheels require a platform/ABI or a different Python implementation tag. Artifact bytes were not downloaded. Older releases and source builds were not evaluated.
965,nvidia-cuda-nvrtc-cu12,12.9.86,incompatible,native_only,False,False,metadata,0,,,nvidia_cuda_nvrtc_cu12-12.9.86-py3-none-manylinux2010_x86_64.manylinux_2_12_x86_64.whl,210cf05005a447e29214e9ce50851e83fc5f4358df8b453155d5e1918094dcb4,>=3,The selected release has no generic Python3 pure wheel; its published wheels require a platform/ABI or a different Python implementation tag. Artifact bytes were not downloaded. Older releases and source builds were not evaluated.
966,google-cloud-storage-control,1.15.0,incompatible,syntax,True,False,verified_artifact,4,18,14,google_cloud_storage_control-1.15.0-py3-none-any.whl,46c8c801ff0425a1bd59bc28899a8242e15f6bbb06a4f2304cbd169c7d26cb29,>=3.10,"Verified wheel source fails compilation at google/cloud/storage_control_v2/_compat.py. This is the first concrete blocker; later files were not checked.
Traceback (most recent call last):
  File ""<staging>/wheel/google/cloud/storage_control_v2/_compat.py"", line 186
    default_universe: str,
SyntaxError: expected '=', got ','
error: Python syntax check failed for '<staging>/wheel/google/cloud/storage_control_v2/_compat.py' (no source was executed)"
967,huey,3.4.0,incompatible,syntax,True,False,verified_artifact,2,57,55,huey-3.4.0-py3-none-any.whl,d0580762397744026f83baae5f2b97a62474a62b8565ac75bbafefe72f9c784f,,"Verified wheel source fails compilation at huey/api.py. This is the first concrete blocker; later files were not checked.
Traceback (most recent call last):
  File ""<staging>/wheel/huey/api.py"", line 421
    return (utcnow() if self.utc else
SyntaxError: expected an expression, got @eol
error: Python syntax check failed for '<staging>/wheel/huey/api.py' (no source was executed)"
968,rich-argparse,1.8.0,incompatible,syntax,True,False,verified_artifact,2,11,9,rich_argparse-1.8.0-py3-none-any.whl,d2a3ce7854654e2253c578763ab0a32f05016f23a55fadba7b9a91b6c0e92142,>=3.9,"Verified wheel source fails compilation at rich_argparse/__main__.py. This is the first concrete blocker; later files were not checked.
Traceback (most recent call last):
  File ""<staging>/wheel/rich_argparse/__main__.py"", line 88
    if any(arg.startswith(""--generate"") for arg in sys.argv):
SyntaxError: expected ')', got 'for'
error: Python syntax check failed for '<staging>/wheel/rich_argparse/__main__.py' (no source was executed)"
969,maxminddb,3.1.1,incompatible,native_only,False,False,metadata,0,,,maxminddb-3.1.1-cp310-cp310-macosx_10_9_universal2.whl,44f5db2a50503dd805c6319e9dd2596b042382350ad570726ab6cab1e4404dd1,>=3.10,The selected release has no generic Python3 pure wheel; its published wheels require a platform/ABI or a different Python implementation tag. Artifact bytes were not downloaded. Older releases and source builds were not evaluated.
970,pyspnego,0.12.2,incompatible,syntax,True,False,verified_artifact,3,31,28,pyspnego-0.12.2-py3-none-any.whl,04e7c9260ced15197b3f42b891ffa30fa98c37bb09372c5c2bf927bcdfe30b53,>=3.9,"Verified wheel source fails compilation at spnego/_asn1.py. This is the first concrete blocker; later files were not checked.
Traceback (most recent call last):
  File ""<staging>/wheel/spnego/_asn1.py"", line 141
    if isinstance(tlv.tag_number, TypeTagNumber)
SyntaxError: expected ')', got 'if'
error: Python syntax check failed for '<staging>/wheel/spnego/_asn1.py' (no source was executed)"
971,nvidia-cusparse-cu12,12.5.10.65,incompatible,native_only,False,False,metadata,0,,,nvidia_cusparse_cu12-12.5.10.65-py3-none-manylinux2014_aarch64.manylinux_2_17_aarch64.whl,221c73e7482dd93eda44e65ce567c031c07e2f93f6fa0ecd3ba876a195023e83,>=3,The selected release has no generic Python3 pure wheel; its published wheels require a platform/ABI or a different Python implementation tag. Artifact bytes were not downloaded. Older releases and source builds were not evaluated.
972,skops,0.14.0,incompatible,syntax,True,False,verified_artifact,3,45,42,skops-0.14.0-py3-none-any.whl,60a5db78a9db46ccee2139a0ba13ab5afb1c96f4749b382e75a371291bbe3e36,>=3.9,"Verified wheel source fails compilation at skops/card/_markup.py. This is the first concrete blocker; later files were not checked.
Traceback (most recent call last):
  File ""<staging>/wheel/skops/card/_markup.py"", line 71
    def _indented(self, *, spaces: int):
SyntaxError: expected '@id', got ','
error: Python syntax check failed for '<staging>/wheel/skops/card/_markup.py' (no source was executed)"
973,twilio,9.11.0,incompatible,syntax,True,False,verified_artifact,6,755,749,twilio-9.11.0-py2.py3-none-any.whl,3de712da429d73955fa36210c2884cae077076985368094aec0d6743fb03dc2f,>=3.7.0,"Verified wheel source fails compilation at twilio/auth_strategy/token_auth_strategy.py. This is the first concrete blocker; later files were not checked.
Traceback (most recent call last):
  File ""<staging>/wheel/twilio/auth_strategy/token_auth_strategy.py"", line 32
    or self.token == """"
SyntaxError: expected ')', got 'or'
error: Python syntax check failed for '<staging>/wheel/twilio/auth_strategy/token_auth_strategy.py' (no source was executed)"
974,django-cors-headers,4.9.0,incompatible,syntax,True,False,verified_artifact,3,7,4,django_cors_headers-4.9.0-py3-none-any.whl,15c7f20727f90044dcee2216a9fd7303741a864865f0c3657e28b7056f61b449,>=3.9,"Verified wheel source fails compilation at corsheaders/checks.py. This is the first concrete blocker; later files were not checked.
Traceback (most recent call last):
  File ""<staging>/wheel/corsheaders/checks.py"", line 50
    or conf.CORS_PREFLIGHT_MAX_AGE < 0
SyntaxError: expected ')', got 'or'
error: Python syntax check failed for '<staging>/wheel/corsheaders/checks.py' (no source was executed)"
975,types-paramiko,5.0.0.20260724,unverified,unverified,True,True,verified_artifact,0,0,0,types_paramiko-5.0.0.20260724-py3-none-any.whl,40c7083803a5a28ab7a8d2fe4cd9b7746d0a03538598582ce68f60967a2ad272,>=3.10,"The wheel contains no .py source files to compile; it may be a stub, data, or dependency-only distribution. Dependencies, runtime APIs, assets, and behavior were not exercised."
976,typer-slim,0.24.0,unverified,unverified,True,True,verified_artifact,0,0,0,typer_slim-0.24.0-py3-none-any.whl,d5d7ee1ee2834d5020c7c616ed5e0d0f29b9a4b1dd283bdebae198ec09778d0e,>=3.10,"The wheel contains no .py source files to compile; it may be a stub, data, or dependency-only distribution. Dependencies, runtime APIs, assets, and behavior were not exercised."
977,gcloud-aio-bigquery,7.1.0,incompatible,syntax,True,False,verified_artifact,2,6,4,gcloud_aio_bigquery-7.1.0-py3-none-any.whl,524ae3cc14c1af6977a358829cc673b4471159caa7d62bba7f2d9334262bcd4a,">=3.8,<4.0","Verified wheel source fails compilation at gcloud/aio/bigquery/bigquery.py. This is the first concrete blocker; later files were not checked.
Traceback (most recent call last):
  File ""<staging>/wheel/gcloud/aio/bigquery/bigquery.py"", line 85
    or os.environ.get('GOOGLE_CLOUD_PROJECT')
SyntaxError: expected ')', got 'or'
error: Python syntax check failed for '<staging>/wheel/gcloud/aio/bigquery/bigquery.py' (no source was executed)"
978,pydub,0.25.1,incompatible,syntax,True,False,verified_artifact,2,11,9,pydub-0.25.1-py2.py3-none-any.whl,65617e33033874b59d87db603aa1ed450633288aefead953b30bded59cb599a6,,"Verified wheel source fails compilation at pydub/audio_segment.py. This is the first concrete blocker; later files were not checked.
Traceback (most recent call last):
  File ""<staging>/wheel/pydub/audio_segment.py"", line 119
    raise CouldntDecodeError(""Unknown audio format 0x%X in wav data"" %
SyntaxError: expected an expression, got @eol
error: Python syntax check failed for '<staging>/wheel/pydub/audio_segment.py' (no source was executed)"
979,hatch-vcs,0.5.0,unverified,unverified,True,True,verified_artifact,7,7,0,hatch_vcs-0.5.0-py3-none-any.whl,b49677dbdc597460cc22d01b27ab3696f5e16a21ecf2700fb01bc28e1f2a04a7,>=3.9,"All 7 Python source files compile. Imports, runtime APIs, dependency closure, assets, and behavior were not exercised; this is not a tested compatibility result."
980,nvidia-nvjitlink-cu12,12.9.86,incompatible,native_only,False,False,metadata,0,,,nvidia_nvjitlink_cu12-12.9.86-py3-none-manylinux2010_x86_64.manylinux_2_12_x86_64.whl,e3f1171dbdc83c5932a45f0f4c99180a70de9bd2718c1ab77d14104f6d7147f9,>=3,The selected release has no generic Python3 pure wheel; its published wheels require a platform/ABI or a different Python implementation tag. Artifact bytes were not downloaded. Older releases and source builds were not evaluated.
981,maturin,1.15.0,incompatible,native_only,False,False,metadata,0,,,maturin-1.15.0-py3-none-linux_armv6l.whl,6bf6dc62e22d4dcfd5a51244ff0d58975fa4979c48209fe84159617648956d82,>=3.7,The selected release has no generic Python3 pure wheel; its published wheels require a platform/ABI or a different Python implementation tag. Artifact bytes were not downloaded. Older releases and source builds were not evaluated.
982,nvidia-cufft-cu12,11.4.1.4,incompatible,native_only,False,False,metadata,0,,,nvidia_cufft_cu12-11.4.1.4-py3-none-manylinux2014_aarch64.manylinux_2_17_aarch64.whl,1a28c9b12260a1aa7a8fd12f5ebd82d027963d635ba82ff39a1acfa7c4c0fbcf,>=3,The selected release has no generic Python3 pure wheel; its published wheels require a platform/ABI or a different Python implementation tag. Artifact bytes were not downloaded. Older releases and source builds were not evaluated.
983,nvidia-cuda-runtime-cu12,12.9.79,incompatible,native_only,False,False,metadata,0,,,nvidia_cuda_runtime_cu12-12.9.79-py3-none-manylinux2014_aarch64.manylinux_2_17_aarch64.whl,83469a846206f2a733db0c42e223589ab62fd2fabac4432d2f8802de4bded0a4,>=3,The selected release has no generic Python3 pure wheel; its published wheels require a platform/ABI or a different Python implementation tag. Artifact bytes were not downloaded. Older releases and source builds were not evaluated.
984,shortuuid,1.0.13,incompatible,syntax,True,False,verified_artifact,4,5,1,shortuuid-1.0.13-py3-none-any.whl,a482a497300b49b4953e15108a7913244e1bb0d41f9d332f5e9925dba33a3c5a,>=3.6,"Verified wheel source fails compilation at shortuuid/main.py. This is the first concrete blocker; later files were not checked.
Traceback (most recent call last):
  File ""<staging>/wheel/shortuuid/main.py"", line 107
    return """".join(secrets.choice(self._alphabet) for _ in range(length))
SyntaxError: expected ')', got 'for'
error: Python syntax check failed for '<staging>/wheel/shortuuid/main.py' (no source was executed)"
985,python-utils,4.0.1,incompatible,syntax,True,False,verified_artifact,3,16,13,python_utils-4.0.1-py3-none-any.whl,6017bb56498a58656ecf48e66fb1f1632c7b33f9f2968548a021563e85be1aed,>=3.10,"Verified wheel source fails compilation at python_utils/_aliases.py. This is the first concrete blocker; later files were not checked.
Traceback (most recent call last):
  File ""<staging>/wheel/python_utils/_aliases.py"", line 47
    | datetime.date
SyntaxError: expected ')', got '|'
error: Python syntax check failed for '<staging>/wheel/python_utils/_aliases.py' (no source was executed)"
986,firebase-admin,7.5.0,incompatible,syntax,True,False,verified_artifact,2,32,30,firebase_admin-7.5.0-py3-none-any.whl,a37383d9c2e406d82a660776679672bed74407fc50bde7aa1418ed436d0346b7,>=3.9,"Verified wheel source fails compilation at firebase_admin/__init__.py. This is the first concrete blocker; later files were not checked.
Traceback (most recent call last):
  File ""<staging>/wheel/firebase_admin/__init__.py"", line 36
    def initialize_app(credential=None, options=None, name=_DEFAULT_APP_NAME):
SyntaxError: expected a literal, got '@id'
error: Python syntax check failed for '<staging>/wheel/firebase_admin/__init__.py' (no source was executed)"
987,opentelemetry-resourcedetector-gcp,1.14.0,incompatible,syntax,True,False,verified_artifact,1,9,8,opentelemetry_resourcedetector_gcp-1.14.0-py3-none-any.whl,cc4818570933b5c651aef80fbf6e8fbe26d63fe6fbc24ce22ae37e78744d30eb,>=3.10,"Verified wheel source fails compilation at opentelemetry/resourcedetector/gcp_resource_detector/__init__.py. This is the first concrete blocker; later files were not checked.
Traceback (most recent call last):
  File ""<staging>/wheel/opentelemetry/resourcedetector/gcp_resource_detector/__init__.py"", line 44
    if zone_or_region.type == ""zone""
SyntaxError: expected ')', got 'if'
error: Python syntax check failed for '<staging>/wheel/opentelemetry/resourcedetector/gcp_resource_detector/__init__.py' (no source was executed)"
988,fire,0.7.1,incompatible,syntax,True,False,verified_artifact,3,46,43,fire-0.7.1-py3-none-any.whl,e43fd8a5033a9001e7e2973bab96070694b9f12f2e0ecf96d4683971b5ab1882,>=3.7,"Verified wheel source fails compilation at fire/completion.py. This is the first concrete blocker; later files were not checked.
Traceback (most recent call last):
  File ""<staging>/wheel/fire/completion.py"", line 280
    global_options=' '.join(f'""{option}""' for option in global_options)
SyntaxError: expected ')', got 'for'
error: Python syntax check failed for '<staging>/wheel/fire/completion.py' (no source was executed)"
989,binaryornot,0.6.0,incompatible,syntax,True,False,verified_artifact,3,6,3,binaryornot-0.6.0-py3-none-any.whl,900adfd5e1b821255ba7e63139b0396b14c88b9286e74e03b6f51e0200331337,>=3.10,"Verified wheel source fails compilation at binaryornot/check.py. This is the first concrete blocker; later files were not checked.
Traceback (most recent call last):
  File ""<staging>/wheel/binaryornot/check.py"", line 17
    def is_binary(filename: str | bytes | Path, *, check_extensions: bool = True) -> bool:
SyntaxError: expected '@id', got ','
error: Python syntax check failed for '<staging>/wheel/binaryornot/check.py' (no source was executed)"
990,multitasking,0.0.13,incompatible,syntax,True,False,verified_artifact,1,1,0,multitasking-0.0.13-py3-none-any.whl,ec9243af140c67bfe52dc98d7173c294512735a88e8425c458b250db99dc2b48,,"Verified wheel source fails compilation at multitasking/__init__.py. This is the first concrete blocker; later files were not checked.
Traceback (most recent call last):
  File ""<staging>/wheel/multitasking/__init__.py"", line 230
    int(threads) if threads is not None
SyntaxError: expected 'else', got '@eol'
error: Python syntax check failed for '<staging>/wheel/multitasking/__init__.py' (no source was executed)"
991,bs4,0.0.2,unverified,unverified,True,True,verified_artifact,0,0,0,bs4-0.0.2-py2.py3-none-any.whl,abf8742c0805ef7f662dce4b51cca104cffe52b835238afc169142ab9b3fbccc,,"The wheel contains no .py source files to compile; it may be a stub, data, or dependency-only distribution. Dependencies, runtime APIs, assets, and behavior were not exercised."
992,ollama,0.6.2,incompatible,syntax,True,False,verified_artifact,2,4,2,ollama-0.6.2-py3-none-any.whl,3ad7daab28e5a973445c36a73882a3ef698c2ebb00e21e308652741577509f7d,>=3.8,"Verified wheel source fails compilation at ollama/_client.py. This is the first concrete blocker; later files were not checked.
Traceback (most recent call last):
  File ""<staging>/wheel/ollama/_client.py"", line 79
    class BaseClient(contextlib.AbstractContextManager, contextlib.AbstractAsyncContextManager):
SyntaxError: expected ')', got ','
error: Python syntax check failed for '<staging>/wheel/ollama/_client.py' (no source was executed)"
993,py-partiql-parser,0.6.3,incompatible,syntax,True,False,verified_artifact,10,17,7,py_partiql_parser-0.6.3-py2.py3-none-any.whl,deb0769c3346179d2f590dcbde556f708cdb929059fb654bad75f4cf6e07f582,,"Verified wheel source fails compilation at py_partiql_parser/_internal/select_parser.py. This is the first concrete blocker; later files were not checked.
Traceback (most recent call last):
  File ""<staging>/wheel/py_partiql_parser/_internal/select_parser.py"", line 67
    and other.value == self.value
SyntaxError: expected ')', got 'and'
error: Python syntax check failed for '<staging>/wheel/py_partiql_parser/_internal/select_parser.py' (no source was executed)"
994,aws-sam-translator,1.113.0,incompatible,syntax,True,False,verified_artifact,11,174,163,aws_sam_translator-1.113.0-py3-none-any.whl,b2db7e4f7c6ee8fafa89e718a82bfa33b8e97c4e64be643aa3595b27cd7a2e2b,">=3.10, <=4.0, !=4.0","Verified wheel source fails compilation at samtranslator/internal/model/appsync.py. This is the first concrete blocker; later files were not checked.
Traceback (most recent call last):
  File ""<staging>/wheel/samtranslator/internal/model/appsync.py"", line 22
    class LambdaAuthorizerConfigType(TypedDict, total=False):
SyntaxError: expected ')', got ','
error: Python syntax check failed for '<staging>/wheel/samtranslator/internal/model/appsync.py' (no source was executed)"
995,nvidia-cusolver-cu12,11.7.5.82,incompatible,native_only,False,False,metadata,0,,,nvidia_cusolver_cu12-11.7.5.82-py3-none-manylinux_2_27_aarch64.whl,62efa83e4ace59a4c734d052bb72158e888aa7b770e1a5f601682f16fe5b4fd2,>=3,The selected release has no generic Python3 pure wheel; its published wheels require a platform/ABI or a different Python implementation tag. Artifact bytes were not downloaded. Older releases and source builds were not evaluated.
996,trino,0.339.0,incompatible,syntax,True,False,verified_artifact,3,17,14,trino-0.339.0-py3-none-any.whl,effef3ffaec4c0b6519c78bab208b0d7e96f20caa7e779e91dba81c4298fefa7,>=3.9,"Verified wheel source fails compilation at trino/auth.py. This is the first concrete blocker; later files were not checked.
Traceback (most recent call last):
  File ""<staging>/wheel/trino/auth.py"", line 44
    class Authentication(metaclass=abc.ABCMeta):
SyntaxError: expected ')', got '='
error: Python syntax check failed for '<staging>/wheel/trino/auth.py' (no source was executed)"
997,aws-lambda-powertools,3.34.0,incompatible,syntax,True,False,verified_artifact,3,311,308,aws_lambda_powertools-3.34.0-py3-none-any.whl,ab1354c58085ccecf92e9c548b1336ad5bae72c7ae23e61d2aa0ff15520d679c,">=3.10,<4.0.0","Verified wheel source fails compilation at aws_lambda_powertools/event_handler/api_gateway.py. This is the first concrete blocker; later files were not checked.
Traceback (most recent call last):
  File ""<staging>/wheel/aws_lambda_powertools/event_handler/api_gateway.py"", line 72
    _NAMED_GROUP_BOUNDARY_PATTERN = rf""(?P\1[{_SAFE_URI}{_UNSAFE_URI}\\w]+)""
SyntaxError: invalid escape char
error: Python syntax check failed for '<staging>/wheel/aws_lambda_powertools/event_handler/api_gateway.py' (no source was executed)"
998,nvidia-curand-cu12,10.3.10.19,incompatible,native_only,False,False,metadata,0,,,nvidia_curand_cu12-10.3.10.19-py3-none-manylinux_2_27_aarch64.whl,de663377feb1697e1d30ed587b07d5721fdd6d2015c738d7528a6002a6134d37,>=3,The selected release has no generic Python3 pure wheel; its published wheels require a platform/ABI or a different Python implementation tag. Artifact bytes were not downloaded. Older releases and source builds were not evaluated.
999,pdf2image,1.17.0,incompatible,syntax,True,False,verified_artifact,5,5,0,pdf2image-1.17.0-py3-none-any.whl,ecdd58d7afb810dffe21ef2b1bbc057ef434dabbac6c33778a38a3f7744a27e2,,"Verified wheel source fails compilation at pdf2image/pdf2image.py. This is the first concrete blocker; later files were not checked.
Traceback (most recent call last):
  File ""<staging>/wheel/pdf2image/pdf2image.py"", line 52
    output_file: Any = uuid_generator(),
SyntaxError: expected a literal, got '@id'
error: Python syntax check failed for '<staging>/wheel/pdf2image/pdf2image.py' (no source was executed)"
1000,userpath,1.9.2,incompatible,syntax,True,False,verified_artifact,3,7,4,userpath-1.9.2-py3-none-any.whl,2cbf01a23d655a1ff8fc166dfb78da1b641d1ceabf0fe5f970767d380b14e89d,>=3.7,"Verified wheel source fails compilation at userpath/cli.py. This is the first concrete blocker; later files were not checked.
Traceback (most recent call last):
  File ""<staging>/wheel/userpath/cli.py"", line 80
    else:
SyntaxError: expected an expression, got else
error: Python syntax check failed for '<staging>/wheel/userpath/cli.py' (no source was executed)"
